"text","category"
"한국어 학습이 필요한 다문화가정 학생 및 학부모(보호자) 모두 기한 내 신청하여 주시기 바랍니다.","일정"
"신청 기간: 2023. 3. 6. (월) ~ 3. 17. (금)","일정"
"2025학년도 1학기 학부모 상담은 5월 12일(월)부터 16일(금)까지 운영됩니다.","일정"
"현장체험학습은 5월 20일(화) 오전 9시에 출발합니다.","일정"
"입학식은 3월 4일(화) 오전 10시에 강당에서 진행됩니다.","일정"
"학교설명회는 2월 14일(금) 오후 2시 강당에서 개최됩니다.","일정"
"운동회는 10월 5일(토) 오전 9시 30분 운동장에서 열립니다.","일정"
"졸업식은 2월 14일(금) 오전 10시 강당에서 진행될 예정입니다.","일정"
"학부모 총회는 3월 28일(금) 오후 3시에 강당에서 열립니다.","일정"
"방학은 7월 25일(금)부터 8월 17일(일)까지입니다.","일정"
"개학일은 8월 18일(월)입니다.","일정"
"1학기 기말고사는 6월 23일(월)부터 25일(수)까지 실시합니다.","일정"
"학예발표회는 11월 15일(토) 오후 2시에 개최됩니다.","일정"
"체육대회는 9월 18일(목) 오전 9시에 운동장에서 진행됩니다.","일정"
"독서교육 주간은 9월 22일(월)부터 26일(금)까지 운영됩니다.","일정"
"수학여행은 10월 13일(월)부터 15일(수)까지 2박 3일 일정입니다.","일정"
"생태체험학습 일정은 4월 10일(목) 오전 8시 50분 출발입니다.","일정"
"영어체험학습은 5월 8일(목) 진행 예정입니다.","일정"
"학부모 공개수업은 4월 25일(금) 오전 3~4교시에 운영됩니다.","일정"
"돌봄교실 신청 기간은 2월 17일(월)부터 21일(금)까지입니다.","일정"
"소풍은 4월 17일(목)에 진행됩니다.","일정"
"2학기 시작은 9월 1일(월)입니다.","일정"
"학부모 상담 주간은 5월 둘째 주 월요일부터 금요일까지입니다.","일정"
"온라인 한국어 강의 신청 기간은 3월 6일부터 17일까지입니다.","일정"
"신입생 예방접종 확인 기간: 3월 4일(화) ~ 3월 28일(금)","일정"
"우산을 꼭 지참하시기 바랍니다.","준비물"
"체험학습 당일 도시락과 물을 준비해 주세요.","준비물"
"현장학습 당일 편한 운동화를 신고 오세요.","준비물"
"수영복과 수건을 반드시 지참하시기 바랍니다.","준비물"
"실내화 주머니를 매일 챙겨주시기 바랍니다.","준비물"
"미술 수업에 필요한 물감과 붓을 준비해 주세요.","준비물"
"스케치북과 색연필을 가져오시기 바랍니다.","준비물"
"여벌 옷을 준비해 보내주시기 바랍니다.","준비물"
"장갑과 목도리 등 방한용품을 착용시켜 주세요.","준비물"
"운동화를 착용하여 등교해 주세요.","준비물"
"체육복을 매일 착용하여 등교하게 해주시기 바랍니다.","준비물"
"모자와 선크림을 준비해 주시기 바랍니다.","준비물"
"학용품(연필·지우개·색연필)을 충분히 준비해 주세요.","준비물"
"교과서와 공책을 빠짐없이 챙겨주시기 바랍니다.","준비물"
"수학여행 짐은 배낭 하나로 제한합니다.","준비물"
"생수 한 병과 간식을 준비해 오세요.","준비물"
"앞치마와 고무장갑을 지참해 주세요.","준비물"
"보조 배터리 지참을 금지합니다.","준비물"
"마스크를 꼭 착용하고 등교하시기 바랍니다.","준비물"
"장화나 방수 신발을 준비해 주세요.","준비물"
"동아리 활동에 필요한 재료를 개인 지참하여 주세요.","준비물"
"학습 준비물: 자, 컴퍼스, 각도기를 준비해 주세요.","준비물"
"아이들이 편안한 복장으로 등교할 수 있도록 해주세요.","준비물"
"견학 당일 도시락과 음료를 준비해 주시기 바랍니다.","준비물"
"동의서를 작성하여 3월 20일까지 담임선생님께 제출해 주세요.","제출"
"설문 조사에 참여하여 주시기 바랍니다.","제출"
"개인정보 동의서를 아이 편에 보내주시기 바랍니다.","제출"
"급식 신청서를 작성하여 3월 7일까지 제출해 주세요.","제출"
"행정정보 공동이용 사전 동의서를 3월 15일까지 제출해 주세요.","제출"
"현장체험학습 동의서 및 비용 납부를 4월 30일까지 완료해 주세요.","제출"
"온라인 설문에 4월 14일까지 응답해 주시기 바랍니다.","제출"
"건강 상태 자가진단 설문을 매일 완료해 주세요.","제출"
"가족 여행 계획서를 담임선생님께 사전 제출해 주세요.","제출"
"알레르기 정보 조사지를 작성하여 제출해 주시기 바랍니다.","제출"
"포트폴리오 서류를 3월 10일까지 담임선생님께 제출해 주세요.","제출"
"학부모 회원 가입 신청서를 3월 28일까지 제출해 주시기 바랍니다.","제출"
"졸업앨범 사진 동의서를 반드시 제출하여 주시기 바랍니다.","제출"
"알림장 앱 설치 후 가입 확인을 해주시기 바랍니다.","제출"
"돌봄교실 신청서를 작성하여 담임선생님께 제출해 주세요.","제출"
"수학여행 동의서를 3월 31일까지 학교로 제출해 주세요.","제출"
"의료정보 제공 동의서를 주치의 서명 후 제출해 주세요.","제출"
"입학 서류(주민등록등본 1부)를 2월 10일까지 제출해 주시기 바랍니다.","제출"
"긴급연락처 변경 신청서를 반 담임선생님께 제출해 주세요.","제출"
"온라인 학부모 총회 참석 의향 설문에 응답해 주시기 바랍니다.","제출"
"학부모 자원봉사 신청서를 4월 7일까지 제출해 주세요.","제출"
"교과서 대여 신청서를 학기 초에 제출해 주세요.","제출"
"교육급여 신청서를 학교에 제출해 주시기 바랍니다.","제출"
"현장체험학습 참가비 3만 원을 3월 20일까지 납부해 주세요.","비용"
"급식비 월 6만 5천 원을 10일까지 납부해 주시기 바랍니다.","비용"
"입학 준비금 신청서를 제출하시면 10만 원이 지원됩니다.","비용"
"방과후 수업료 3만 원을 이번 달 말까지 납부해 주세요.","비용"
"수학여행 경비 총 15만 원을 4월 30일까지 학교 계좌로 납부해 주세요.","비용"
"급식 신청비 월 70,000원을 계좌이체해 주시기 바랍니다.","비용"
"교복 구입 시 교육청 지원금 40만 원이 지급됩니다.","비용"
"수련활동 비용 75,000원을 5월 2일까지 납부해 주시기 바랍니다.","비용"
"체험학습비 20,000원을 담임선생님께 직접 납부해 주세요.","비용"
"저소득층 학생 급식비 면제 신청이 가능합니다.","비용"
"돌봄교실 이용료 월 50,000원을 선납해 주세요.","비용"
"방과후학교 수강료를 다음 달 5일까지 납부해 주세요.","비용"
"교육비 지원 신청은 주민센터에서 하실 수 있습니다.","비용"
"교재비 12,000원을 학기 초에 납부해 주시기 바랍니다.","비용"
"현장학습 버스비 10,000원을 3월 25일까지 납부해 주세요.","비용"
"문화예술 프로그램 참가비 30,000원을 입금해 주시기 바랍니다.","비용"
"급식 시작은 3월 4일(화)이며, 급식비는 학교 계좌로 납부해 주세요.","비용"
"학교 자체 급식일에는 비용이 발생하지 않습니다.","비용"
"저소득 가정 교육비 지원 신청서를 3월 말까지 제출해 주세요.","비용"
"교복 구입비를 지원받으려면 담임선생님께 신청해 주세요.","비용"
"아이가 아플 경우 반드시 학교에 연락해 주시기 바랍니다.","건강·안전"
"결석 시 출석 확인서와 의사 소견서를 첨부해 주세요.","건강·안전"
"발열·기침 증상이 있는 경우 등교를 자제해 주세요.","건강·안전"
"인플루엔자 예방접종을 10월 31일까지 완료해 주세요.","건강·안전"
"등하교 시 꼭 손을 씻도록 지도해 주세요.","건강·안전"
"체육 활동 후 충분한 수분 보충을 권장합니다.","건강·안전"
"학교 내 안전사고 예방을 위해 복도에서 뛰지 않도록 지도해 주세요.","건강·안전"
"황사·미세먼지 주의보 시 마스크를 착용하게 해주세요.","건강·안전"
"전염병 예방을 위해 개인위생 관리에 협조 부탁드립니다.","건강·안전"
"학생 건강 자가진단 앱을 매일 아침 시행해 주세요.","건강·안전"
"코로나19 확진 시 즉시 학교에 알려주시기 바랍니다.","건강·안전"
"식품 알레르기 학생은 급식실 직원에게 사전 안내해 주세요.","건강·안전"
"온열 질환 예방을 위해 물을 충분히 마시게 해주세요.","건강·안전"
"교통안전 교육 결과를 가정에서도 복습시켜 주세요.","건강·안전"
"소화기 사용법과 대피 방법을 자녀에게 알려주세요.","건강·안전"
"버스 탑승 시 안전벨트를 꼭 착용하도록 지도해 주세요.","건강·안전"
"수영 수업 전 준비운동을 철저히 하도록 안내해 주세요.","건강·안전"
"자전거 이용 시 헬멧 착용을 의무화합니다.","건강·안전"
"학교 주변 교통안전 지도에 협조해 주시기 바랍니다.","건강·안전"
"감염병 예방을 위한 환경부 지침을 준수해 주세요.","건강·안전"
"아이의 규칙적인 수면과 균형 잡힌 식사를 도와주세요.","건강·안전"
"결석 2일 이상 시 담임선생님께 반드시 연락 바랍니다.","건강·안전"
"예방접종 기록을 학교에 제출해 주시기 바랍니다.","건강·안전"
"지진 대피 훈련이 5월 21일(수) 10시에 실시됩니다.","건강·안전"
"안전한 학교생활을 위해 교내 금지 물품을 반입하지 말아 주세요.","건강·안전"
"우리 학교는 다문화 가정을 환영하고 적극 지원합니다.","기타"
"학교 홈페이지 공지사항을 수시로 확인해 주세요.","기타"
"궁금한 사항은 담임선생님께 문의해 주세요.","기타"
"교육활동에 항상 관심 가져주셔서 감사합니다.","기타"
"가정에서도 공동체 약속을 꾸준히 실천해 주시기 바랍니다.","기타"
"우리 학교 급식 식단표는 매월 홈페이지에 공개됩니다.","기타"
"자녀의 학교생활에 관심을 기울여 주시기 바랍니다.","기타"
"서울특별시강서양천교육지원청 학교통합지원센터 운영 안내","기타"
"자살예방상담전화 109로 언제든지 연락 주세요.","기타"
"다들어줄게 어플을 통해 상담을 받으실 수 있습니다.","기타"
"청소년상담전화 1388로 연락하시면 도움받으실 수 있습니다.","기타"
"학교생활 적응에 어려움이 있으시면 언제든 연락주세요.","기타"
"재능기부 자원봉사자를 모집합니다.","기타"
"학부모회 임원을 모집하오니 많은 참여 바랍니다.","기타"
"학교 환경 개선을 위한 의견을 제출해 주세요.","기타"
"교내 사진 촬영 시 사전 허가를 받아주세요.","기타"
"본 가정통신문은 학교 홈페이지에서도 확인 가능합니다.","기타"
"2025학년도 갈산초등학교 연간 행사 일정을 안내드립니다.","기타"
"도서관 이용 시 지정된 좌석을 사용해 주시기 바랍니다.","기타"
"학교 급식에 대한 의견을 급식모니터링단에 알려주세요.","기타"
"교육청 교원 행동강령을 안내드립니다.","기타"
"방과후학교 프로그램 일정 변경을 안내드립니다.","기타"
"아래 내용을 참고하여 참가 신청서를 5월 7일(목)까지 담임 선생님께 제출해 주시기 바랍니다.","제출"
"일시: 2026년 5월 28일(목), 08:50~14:20","일정"
"준비물: 점심 도시락, 개인 돗자리(스스로 접어 정리), 간식(뚜껑 있는 통에 담아 오기), 시원한 물, 활동복, 운동화, 비닐봉지 2장(비상용 및 쓰레기 담아갈 용도), 모자, 휴대용 물티슈, 개인용품 등","준비물"
"해당란에 표하여 5월 7일(목)까지 담임 선생님께 제출해 주세요.","제출"
"아래 대체급식 방법을 확인하시어 답해 주시기 바랍니다.","제출"
"설문 기간: 2026. 4. 6.(월) 09:00 ~ 2026. 4. 10.(금) 11:00","일정"
"신청기간: 2026. 4. 14.(화) 09:00 ~ 2026. 4. 17(금) 17:00 추첨 선정","일정"
"아래 내용을 참고하시어 학생들이 검사 당일 결석하지 않도록 협조해 주시기 바랍니다.","건강·안전"
"소변검사 결과 및 재검 안내문을 받은 이상소견이 있는 학생은 가까운 병원을 방문하여 정밀검사를 받도록 합니다.","건강·안전"
"검사 전날 지나치게 많은 야채나 과일, 비타민 C를 섭취하지 않습니다.","건강·안전"
"심하게 운동하지 않습니다.(검사 결과에 영향을 줄 수 있습니다)","건강·안전"
"소변은 처음과 마지막 소변이 아닌 중간에 나오는 소변을 컵에 받습니다.","건강·안전"
"생리중인 학생은 선생님께 미리 말씀드립니다.","건강·안전"
"검사일에 학생이 등교 후 첫 소변으로 검사를 시행할 수 있도록 안내해 주시고 저학년의 경우 가정에서도 방법을 한 번 더 알려주시기 바랍니다.","건강·안전"
"아래 내용을 참고하시어 참가 신청서를 4월 16일 (목)까지 담임 선생님께 제출 부탁드립니다.","제출"
"소요경비: 전세 버스 차량비 약 29,000원, 보험료 10,000원, 공연 체험 활동비 15,000원","비용"
"5. 준비물: 점심 식사는 학교 급식 이용(도시락 준비 X), 물, 비닐 봉지, 물티슈, 간편 활동복, 운동화","준비물"
"6. 기타: 특이 사항이 있거나 현장체험학습과 관련하여 상담이 필요하신 학부모님은 사전에 담임 선생님과 협의하여 주시기 바랍니다.","기타"
"3. 조사 참여: 학교폭력 실태조사 홈페이지(http://survey.eduro.go.kr) 컴퓨터 및 모바일 기기(스마트폰, 태블릿)로 참여 가능하며 인터넷 브라우저에서 홈페이지 주소를 입력하여 실태조사에 참여 가능","제출"
"5. 가정에서의 참여 협조: 학생들이 솔직하고 편안하게 응답할 수 있도록 참여할 수 있는 환경을 만들어주세요.","기타"
"내 아이를 학교폭력으로부터 안전하게 보호하고 학교의 건전한 면학분위기 조성을 위해 자녀가 조사에 참여할 수 있도록 적극적으로 독려해 주시기를 부탁드립니다.","기타"
"7. 학교폭력 예방 및 신고안내 동영상 어울림 앱 안내확인 후 제출하기 버튼을 클릭하여 설문을 제출합니다.","제출"
"이어지는 학교폭력 예방 및 신고안내 영상을 꼭 열람하세요.","기타"
"학부모 확인: (인)","제출"
"합창단 활동 시 영재, 방송부 활동에 제한이 있을 수 있으니 신중한 결정 바람.","기타"
"5. 신청기간 및 장소: 4월 14일(화) ~ 4월 22일(수) 오전까지, 4층 시청각실 앞","일정"
"8. 오디션 방법: 연주 1곡 준비하여 발표(신청서 제출 시 악보 1부 제출)","준비물"
"연습에 결석하지 않고 성실히 참여할 수 있는 학생만 신청해 주십시오.","기타"
"재량휴업일 돌봄교실 참여를 희망하시는 학부모님께서는 안내 사항을 참고하시어 4월 20일(월)까지 재량휴업일 돌봄교실 참여 수요조사서를 제출해주십시오.","제출"
"준비물: 개인 점심준비, 수저, 물통 등","준비물"
"수강료 납부 기간: 매월 중순","비용"
"수강료 환불 기간: 다음 달 초 (스쿨뱅킹)","비용"
"1순 일시: 5.6.(수)~5.8.(금)","일정"
"1순 채색도구(색연필, 싸인펜, 물감 등)는 학생들이 자유롭게 준비","준비물"
"1순 본인이 직접 창작한 작품이어야 하며 미리 그려오거나 만들어오면 안 됨","기타"
"2순 만들기에 필요한 모든 재료(재활용품, 종이, 클레이, 가위, 풀, 테이프 등)는 개인 준비","준비물"
"3순 일시: 4.28.(화)~5.12.(화) 23:59까지 제출","일정"
"3순 제작 후 이메일로 직접 제출(haewones1234@naver.com)","제출"
"3순 욕설, 비속어, 타인 비하 내용 금지","기타"
"3순 친구 얼굴이 나올 경우 동의를 받아야 함","기타"
"3순 배경음악 사용 시 저작권 문제가 없는 음원을 사용해야 함","기타"
"3순 단순 인터넷 영상 편집은 인정되지 않으며 AI로 만든 영상의 경우 영상에 'AI 생성' 문구 또는 로고를 삽입하고 영상 재생 구간 전체에 표시하여야 함","기타"
"설치 및 가입 방법: 앱 스토어/플레이스토어 접속 후 '키즈콜2-학교' 검색","기타"
"애플리케이션 설치 후 회원가입 및 인증: 학부모님 휴대폰 번호 인증 및 자녀 정보 입력(학교, 학년, 반 등)","기타"
"배부된 단말기는 등록 후 학생 가방 외부에 잘 보이도록 부착","기타"
"카드형 단말기를 분실한 학생은 담임선생님께 요청 후 카드를 다시 등록","기타"
"안드로이드폰(삼성, LG 기종 등): 구글플레이스토어에서 '키즈콜2-학교' 설치","기타"
"아이폰: App Store에서 '키즈콜2-학교' 설치","기타"
"앱 설치 후 하단의 회원가입 진행","기타"
"회원가입 완료 후 하단 오른쪽을 눌러 자녀등록 실행","기타"
"자녀정보 등록 및 서명","제출"
"카드형 단말기 뒷면 시리얼번호 입력 후 등록하기 버튼 누르면 등록 완료","기타"
"4. 운영시간: 8:30~16:30 (수요조사 결과에 따라 변동 가능)","일정"
"5. 운영장소: 돌봄교실","일정"
"재량휴업일 돌봄교실 참여 여부: 참여 ( ) 미참여 ( )","제출"
"1. 귀가 방법: 보호자 동행 ( ) 대리인 동행(관계: ) 자율 귀가 ( )","제출"
"1. 야구공, 축구공을 철제문, 벽면, 출입문, 창문 등을 향해 던지지 않거나 차지 않기 (딱딱한 야구배트 및 하드볼 사용 하지 않기, 특히 주변에 사람이 있을 경우)","건강·안전"
"2. 반려동물 동반 출입하지 않기(학생들이 매일 손으로 만지는 시설물임)","건강·안전"
"3. 그밖에 학교 시설물 훼손 및 안전에 위협이 될 수 있는 행동하지 않기 (보호 그물망, 축구 골대 그물망에 매달리지 않기 등)","건강·안전"
"4. 물 이외에 음식물 반입 및 섭취하지 않기(쓰레기 되가져가기)","건강·안전"
"아래 내용을 참고하여 참가 신청서 작성 후 4월 20일(월)까지 담임선생님께 제출 바랍니다(기한 엄수).","제출"
"1. 일자: 2026. 6. 4.(목), 2026. 6. 5.(금)","일정"
"2. 장소: 롯데월드 / 요트 체험(영도) 및 문화예술 공연 관람(샌드아트 뮤지컬 '한아이')","일정"
"6. 준비물: 추후 별도 안내","준비물"
"2026학년도 6학년 1학기 1일형 현장체험학습 참가 신청서 원하는 곳에 표하여 4월 20일(월)까지 담임선생님께 제출 바랍니다(기한 엄수).","제출"
"6월 5일(금) 요트 체험, 문화예술 공연 관람 - 08:30~09:00 학생 집합, 출결 및 건강 상태 확인, 사전 안전 교육","일정"
"방과후학교 수업 시작 5분 전까지 각 학급 교실에서 대기","기타"
"운영 기간: 2026년 5월 1일(금) ~ 2026년 6월 30일(화) (2개월간)","일정"
"수강 신청 기간 - 기존 강사를 통한 우선 신청: 2026년 4월 24일(금) 20:00 ~ 4월 27일(월) 23:00","일정"
"신규 수강 신청: 2026년 4월 24일(금) 20:00 ~ 4월 27일(월) 23:00","일정"
"신규 수강 희망 학생: 온라인방과후업무지원시스템으로 진행 (https://school.pen.go.kr/haewon)","기타"
"반드시 사전 로그인 및 초기비밀번호 변경 필수","기타"
"수강신청방법: https://school.pen.go.kr/haewon 접속 또는 좌측 QR코드 접속","기타"
"최초 로그인 시 사전 로그인 및 초기 비밀번호 변경","기타"
"SW/3D Printing 프로그램 교재 재료비 변경(기존 월 18,000원 → 월 20,000원)","비용"
"3기 수강신청 기간: 2026. 6. 19.(금) 20:00 ~ 6. 22.(월) 23:00","일정"
"수강 취소에 따른 환불 규정: 만약 수강을 취소할 경우에는 합당한 사유(치료를 위한 장기 결석-진료 확인서 제출, 전학)가 있어야 취소가 가능하오니 신중하게 선택하시기 바랍니다.","기타"
"유상 방과후 프로그램 신청 및 설문조사는 온라인으로만 진행됨(강사를 통한 추가 접수 불가)","제출"
"강의 시간 중복으로 인한 문제 발생 방지를 위해, 강좌별 시간표를 꼭 확인 바람.","기타"
"각 강좌의 강좌소개 및 교재비, 재료비 여부 꼭 확인(방학 중 교재, 교구는 변경될 수 있음)","기타"
"수강료, 재료비/교재비는 1개월분을 스쿨뱅킹 혹은 등록된 카드로 결제 진행","비용"
"매월 3주 안에 반드시 납부하셔야 하며 2회 이상 납부 지연 미납 시, 수업 신청에 불이익을 받을 수 있음","비용"
"행사 일시: 2025. 4. 27. (월) ~ 4. 28. (화) 08:50 ~ 13:30 (일과시간 조정 없음)","일정"
"복장: 티셔츠(청군: 파랑, 검정 등 어두운 색 티셔츠, 백군: 흰색 계열의 밝은 티셔츠), 체육복 등 체육활동에 적합한 바지, 운동화","준비물"
"학교보건법에 의거 1,4학년 학생들은 학교에서 지정한 병원에 개별방문(보호자 동반) 하여 건강검사(건강검진과 구강검진)를 받아야 합니다.","건강·안전"
"3. 검진기관 안내: 아래 건강검진 및 구강검진 병원 중 각 1곳을 선택하여 검진","기타"
"1) 반드시 한 곳에서만 검진을 받도록 합니다. (착오로 중복 검진 시 추가 비용은 학부모님 부담)","건강·안전"
"2) 4학년 중 비만 학생은 혈액검사가 있으므로 검사 8시간 전부터 금식을 하지 않으면 재방문하는 번거로움이 있습니다. (비만 학생은 검사 8시간 전부터 식사는 물론 껌, 주스도 먹지 않습니다.)","건강·안전"
"3) 병원검진 결과 우식치아, 시력교정, 단백뇨 등으로 개별 관리가 필요한 학생은 2차 검진에 대해 안내될 예정입니다. (치료에 대한 비용은 학부모 부담입니다.)","건강·안전"
"5. 결과통보를 받은 후 추후 관리 정상 소견일 경우 - 참고하셔서 계속 건강을 유지해 주세요.","건강·안전"
"이상 소견일 경우 - 빠른 시일 내에 원하는 병원에 가셔서 정밀검진을 받아주십시오. (정밀 검진 비용은 아동 개인 부담)","건강·안전"
"주의사항 방문 전 예약 일정을 확인하여 주시기 바랍니다.","일정"
"4학년 비만 학생 금식 실시 (8시간 이상) : 비만이 예상되는 학생은 금식하고 가도록 합니다.: 검진 전날 저녁 식후 9시부터 물을 포함하여 모든 음식물 금식","건강·안전"
"학교보건법에 의거 2,3,5,6학년 학생들은 학교에서 지정한 치과에 개별 방문하여 구강 검사를 받아야 합니다.","기타"
"3. 검진 방법: 학부모와 학생이 검진 기관에 방문하여 실시(아래 치과병원 중 한 곳 선택), 미리 전화하여 예약 후 검진","기타"
"6. 검진 기관: 아래 3곳 중 1곳을 선정하여 구강검진을 실시하여 주시기 바랍니다.","기타"
"반드시 한 곳만 선택하여 검진을 받도록 합니다. (중복 검진 시 추가 비용은 학부모 부담)","건강·안전"
"검진 기관 방문 전 전화로 예약하여 주시기 바랍니다.","일정"
"타 치과에서 검진 시 구강검진결과통보서를 보건실로 제출해 주시기 바랍니다.","제출"
"5. 신청방법: 해당 월마다 개별 신청","제출"
"현장프로그램 신청: 당일 접수(오전 프로그램 9:30~/오후 프로그램 12:45~)","제출"
"2. 사전 프로그램 신청 기간: 2026. 4. 28.(화) 9:00 ~ 5. 1.(금) 17:00, 추첨 선정","일정"
"다가오는 연휴 기간(5.1.(월)~5.5.(월))동안 학생들의 안전하고 행복한 여가 생활을 위한 안전 및 생활지도 수칙을 안내드리오니 가정에서도 적극적인 관심과 지도를 부탁드립니다.","건강·안전"
"교통안전교육: 전동 킥보드 금지, 원동기 면허(만 16세 이상) 필수(위반 시 범칙금), 안전모 미착용 및 정원초과 범칙금 부과, 13세 미만 어린이 운전 시 보호자 범칙금","건강·안전"
"픽시 자전거 금지: 브레이크가 없어 갑작스러운 상황에 급제동 불가(도로교통법 위반), 18세 미만 청소년 적발 시 보호자에게 통보, 반복 시 보호자 처벌 확대","건강·안전"
"불법 개조 행위 금지(입법 추진 중)","건강·안전"
"상시 자녀 교통안전 교육 실시: 횡단보도, 교통신호 준수하기, 걸을 때 휴대폰 이어폰 사용하지 않기(위험 상황에 대처하기 어려움), 차량 탑승 시 반드시 안전띠 착용","건강·안전"
"올바른 디지털 기기 사용: 디지털 디톡스 실천하기, 스마트폰을 이용한 게임, 영상 시청 시간을 알맞게 정하고 실천하기, 디지털 기기 없이 지내보기","기타"
"사이버폭력 예방: 상대방 입장 먼저 생각하기, 비난, 욕설, 모욕, 명예훼손, 거짓 내용 유포하지 않기(명백한 범죄)","건강·안전"
"외출 시에는 반드시 보호자의 허락 후 외출하기(누구와, 어디서 등)","건강·안전"
"1) 자녀에게 심리적으로 안정감을 주며 차분히 대화하세요.","기타"
"2) 자녀의 말에 공감과 지지를 표현해 주세요.","기타"
"3) 자녀가 말하는 학교폭력 사실에 대해 경청하며 아이가 원하는 것을 파악하세요.","기타"
"4) 먼저 담임선생님께 도움을 요청하세요.","기타"
"5) 보복하지 마세요.","건강·안전"
"1) 가해 사실을 확인하세요.","기타"
"아이와 친구, 교사에게 정확한 경위를 확인합니다.","기타"
"2) 부인하지 마세요.","건강·안전"
"3) 잘못을 인정하세요.","건강·안전"
"아이의 잘못과 부모의 책임을 인정합니다.","기타"
"4) 정당화하지 마세요.","건강·안전"
"5) 포기하지 마세요.","건강·안전"
"6) 진심으로 사과하세요.","건강·안전"
"장소가 협소한 관계로 학생 1인당 학부모(보호자) 1인만 참석 바랍니다.","기타"
"자녀 학반에 따른 참관 일정 및 장소를 미리 확인하시기 바랍니다.","일정"
"개인정보 보호를 위하여 수업 장면 촬영(녹화, 녹음 포함)은 금지하고 있습니다.","건강·안전"
"교육 활동에 따른 안전 사항에 따라 교내 차량 진입이 어려우니 대중교통 또는 주변 공용주차장을 활용하여 주시기 바랍니다.","기타"
"2026학년도 초등학교 3~6학년 학생 중 희망자(단, 특수교육대상자는 초등 안심알리미서비스 지원으로 제외)에게 이용료 전액을 무료로 제공하는 서비스로, 학생들의 등하교 안전을 강화하고 사고 없는 학교를 만들기 위한 ""초등 등 하교 알림서비스"" 신청을 재차 안내하오니 적극 신청하여 주시기 바랍니다.","제출"
"설치 및 가입 방법: 앱 스토어/플레이스토어에서 ""키즈콜2-학교"" 검색 후 애플리케이션 설치","기타"
"회원가입 및 인증: 학부모님 휴대폰 번호 인증 및 자녀 정보 입력(학교, 학년, 반 등) 후 카드 등록","제출"
"배부된 단말기는 등록 후 학생 가방 외부에 잘 보이도록 부착해 주세요.","기타"
"카드형단말기를 분실한 학생은 담임선생님께 카드형 단말기 요청 후 카드를 꼭 다시 등록해 주세요.","기타"
"학부모님 협조 사항: 반드시 설치 요망 신청 희망 시 ""키즈콜2-학교"" 앱 설치를 부탁드립니다.","제출"
"학부모 의견 제출 기간: 2026.4.24.(금) ~ 4.30.(금)","일정"
"의견 제출 방법: 우측 QR코드를 통해 접속하여 의견 제출 (https://forms.gle/7Tk6kkK3NJsvt3kb7)","제출"
"운영 기간: 2026. 5. ~ 2026. 7.","일정"
"투어 1순번: 김녕 월정 (2026. 5. 30.(토))","일정"
"투어 2순번: 성산리 오조리 (2026. 5. 30.(토))","일정"
"투어 3순번: 서귀포시 호근동 (2026. 6. 27.(토))","일정"
"투어 4순번: 함덕 서우봉 (2026. 7. 11.(토))","일정"
"참가비: 1인당 3,000원","비용"
"개인 준비물: 간단한 필기도구","준비물"
"접수 기간: 2026. 4. 27.(월) ~ 2026. 5. 5.(화) 20:00","일정"
"제출 서류: 참가신청서 (필수/누락 시 심사 제외)","제출"
"다자녀 증명서류(해당자) 첨부 시 가산점 부여 (자녀 2명 2점, 자녀 3명 5점, 자녀 4명 8점, 최대 10점)","제출"
"사회적배려대상자 증명서(해당자) 제출 시 우선 선발 적용","제출"
"접수 방법: 홈페이지(http://www.jsca.or.kr)에서 회원가입 후 로그인하여 제주과학문화거점센터 클릭 후 신청","제출"
"신청서 다운로드하여 작성 후 업로드 (해당자는 증명서류 함께 제출)","제출"
"문의: 제주과학문화협회 제주과학문화거점센터 (064)711-9886","기타"
"사전접수: 2026. 5. 7.(목)까지 참가신청 메일 전송(선착순 100명 기념품 제공)","일정"
"현장접수: 기동함대사령부 연병장 내 대회 접수처 방문 (14시 접수마감)","일정"
"준비물: 개인 미술도구(수채화, 색연필 등), 돗자리, 기타 필요물품","준비물"
"별도 식사는 제공되지 않으니, 필요 시 도시락 등을 지참해 주시기 바랍니다.","준비물"
"행사일시: 2026. 5. 2.(토) 09:50~16:00","일정"
"대극장 공연: 입장권을 배부받아야 관람 가능(어린이 1인 1매/동반 보호자 1매로 제한)","준비물"
"운영 시간: 10:30~16:00 (1회당 30분 단위로 운영)","일정"
"토요영어체험교실 수강신청: 2026. 4. 21.(화) 10:00 ~ 4. 24.(금) 24:00","제출"
"토요다문화이야기 수강신청: 2026. 4. 21.(화) 10:00 ~ 4. 24.(금) 24:00","제출"
"신청방법: 제주특별자치도교육청 통합예약시스템 홈페이지 상단 메뉴에서 '교육/ 강좌' '서귀포외국문화학습관' 클릭","기타"
"일시: 2026. 5. 9.(토) 13:30 ~ 17:00","일정"
"신청 방법: 온라인으로 직접 신청 (2026. 4. 22.(수) 16:00 ~ 4. 28.(화) 16:00)","제출"
"학생의 정보(수강자명, 생년월일, 연락처, 학생의 학교명, 학년, 반) 입력","제출"
"신청 시 참여하는 학생의 정보(수강자명, 학교명, 학년, 반) 정확히 입력","기타"
"""키즈콜2- 학교"" 어플 설치 후하단의 회원가입 진행 회원가입 진행 및 인증 회원가입 완료 후 하단 오른쪽 누른 후 자녀등록 실행 자녀정보 등록 및 서명 카드형 단말기 뒷면 시리얼번호 입력 후 등록하기 버튼 누르면 등록 완료","제출"
"학교 홈페이지 가정통신문에 첨부된 '학생자치활동 등에 관한 규정' 개정안에 대해 읽어보시고 의견이 있으실 경우 아래의 링크를 통해 제출해 주시기 바랍니다.","제출"
"5월 2일(토) 당일 08:30부터 운영본부1에서 입장권 선착순 배부받고 관람","일정"
"5월 2일(토) 당일 11:40부터 운영본부1에서 입장권 선착순 배부받고 관람","일정"
"5월 2일(토) 당일 13:40부터 운영본부1에서 입장권 선착순 배부받고 관람","일정"
"11:30부터 소극장 입구에서 선착순 입장","일정"
"13:30부터 소극장 입구에서 선착순 입장","일정"
"기존에 계획하였던 4학년 체험학습일 4.23.(목)에 비 예고가 있어 운동장 사용의 어려움이 예상되며 학생들의 보다 건강하고 안전한 활동을 위하여 4학년 명랑운동회 일정을 4월 27일 월요일로 변경하오니 일정 참고 부탁드립니다.","일정"
"문화예술체험인 타악과 사물놀이 공연은 기존 계획대로 4.23.(목)에 운영됩니다.","일정"
"학부모님 참관은 가능, 학부모 동참 활동은 없으며 자녀에게 가까이 다가가기, 간식 전하기, 자녀 부르기 등 개별 접촉 불가","기타"
"학부모님 관람 위치에서 사진 확대 촬영 가능(자녀 근접 촬영 불가)","기타"
"이에 참여하고 싶은 학생들은 하단의 설문에 참여의사를 4월 24일까지 회신하여 주시기 바랍니다.","제출"
"위 프로그램에 대하여 안내받았고 성실히 참여할 것이며 개인정보제공 및 활용에 동의합니다.","제출"
"따라서 어린이 조수석 탑승에는 각별한 주의가 필요합니다.","건강·안전"
"국제아동안전기구인 '세이프키즈' 한국법인에서도 자동차 탑승 안전 수칙의 핵심으로""13세 이하 어린이는 반드시 자동차 뒷좌석에 탑승하도록 하세요.""라고 강력히 권고하고 있습니다.","건강·안전"
"법적 단속 여부를 떠나, 우리 자녀의 소중한 생명을 지키기 위해, 가정에서도 보호자 및 운전자께서는 어린 자녀가 뒷좌석에 앉고 안전띠를 착용하는 습관을 자연스럽게 실천할 수 있도록 반복적으로 지도해 주시기 바랍니다.","건강·안전"
"13세 이하 어린이는 반드시 자동차 뒷좌석에 타도록 하세요","건강·안전"
"문의: 제주특별자치도교육청 안전관리과 (064-710-0795)","기타"
"2. 일시: 2026년 4월 23일(1,2반), 24일(3,4반), 27일(5,6반) 09:00~12:00","일정"
"6. 준비물: 편안한 복장, 운동화, 물, 멀미약(멀미를 하는 학생 사전 준비) 등","준비물"
"1) 학교 밖 교육활동 시 자녀에게 적용되는 개별의약품을 사용 방법과 함께 가방에 지참하여 보내주시기 바랍니다. (체험학습 시 개인 상비약 지참)","준비물"
"학부모님께서는 아래 내용을 참고하셔서 4월 17일(금)까지 담임 선생님께 제출해 주시길 바랍니다.","제출"
"3. 준비물: 개인 책과 문제집, 필기구, 물통 당일 급식을 실시하지 않으며, 방과후학교(유 무상 방과후 프로그램) 운영하지 않습니다.","준비물"
"미 제출시 등교 희망하지 않는 것으로 간주합니다.","제출"
"아래의 활동 내용을 참고하시어 함께 나누고 실천하는 봉사의 기쁨에 동참하실 학부모님께서는 신청해 주시기 바랍니다.","기타"
"모집기간: ~ 2026.05.08(금)","일정"
"신청방법: 버들초등학교 학부모밴드 신청 ttps://band.us/band/84301954/post/457","제출"
"활동 주제: 봉사활동 월 1회 교내외 필요한 활동지원 매월 셋째주 수요일 AM10:00~11:00(예정)","일정"
"운영기간: 2026. 6. 1.(월)~2027. 2. 26.(금) / 방학 기간 포함","일정"
"운영시간: 매주 수요일, 목요일 16:00~17:30","일정"
"운영장소: 태장체육단지 인라인스케이트장(학부모 개인 인솔)","일정"
"준비물: (개인 준비) 인라인스케이트, 헬멧, 손 팔꿈치 무릎 보호대, 개인 물","준비물"
"신청기간: 2026. 5. 4.(월)~5. 22.(금) / 상시 접수 가능","일정"
"신청방법: 신청서 및 동의서 제출(메일 전송: hnmaa@naver.com)","제출"
"만 14세 미만 학생의 경우 보호자(법정대리인)의 동의가 필요합니다.","제출"
"'KAIST 과학영재교육연구원' 홈페이지 공지사항 내 '2026 수학 고도영재 프로그램(시범사업) 대상자 선정 안내'에서 신청 서류를 다운로드하고 학부모, 학생, 교사가 각각 작성하여 제출합니다.","제출"
"4월 20일(월) 오전 9시 ~ 5월 15일(금) 오후 5시에 기본신청서를 접수합니다.","일정"
"수학 포트폴리오(3P 이내)에 수학 학습 수준, 관심도를 나타낼 수 있는 자료를 구성합니다.","제출"
"교사추천서 및 행동특성 척도는 전 및 현 담임교사가 작성하여 직접 제출합니다.","제출"
"등하교 시 학생들의 안전을 위해 자전거, 킥보드 이용을 가급적 자제해주시고, 부득이한 사유로 자전거, 킥보드 등을 이용할 때는 아래의 안전 수칙을 준수할 수 있도록 가정에서도 지도해주시기 바랍니다.","건강·안전"
"우리 학교는 학생들의 안전한 학교생활을 위하여 일과시간 중 학부모, 외부인의 출입을 자제하고 있으니 적극 협조하여 주시기 바랍니다.","기타"
"자전거, 킥보드, 개인형이동장치로 등하교 시 보호장구(헬멧, 팔꿈치 및 무릎보호대 등)를 반드시 착용합니다.","건강·안전"
"횡단보도 이용 시 자전거, 킥보드에서 내려서 주위를 살핀 후 도보로 이동합니다.","건강·안전"
"자전거, 킥보드는 반드시 자전거거치대에 잠금장치를 사용하여 거치합니다.","건강·안전"
"교내에서는 모두의 안전을 위해 자전거, 킥보드에서 내려서 끌고 통행합니다.","건강·안전"
"보호 장구, 잠금장치 없이 자전거, 킥보드로 등교하는 것을 금지합니다.","건강·안전"
"교내 건물 출입 시 반드시 학교의 허가를 받고 출입합니다.","건강·안전"
"다가오는 5월, 그동안 아이들이 수업 활동을 통해 일구어낸 성장의 모습들을 학부모님과 공유하는 공개수업을 실시하고자 합니다.","일정"
"교실 내 혼잡을 방지하기 위해 가급적 한 세대(가족)당 최대 1분씩만 입장(2명 이상의 경우 순환참관)을 부탁드립니다.","기타"
"공간 확보를 위해 교실 뒤편에 의자를 두지 못하므로 서서 참관하셔야 합니다.","기타"
"원활한 수업 활동 및 교사와 학생의 개인정보보호를 위하여 수업 중 사진 촬영, 수업 장면 녹화를 하지 말아주세요.","기타"
"학교 주차 공간이 없으므로 도보로 방문해주실 것을 부탁드립니다.","기타"
"2026학년도 학부모 공개수업 참관 신청서를 4월 24일(금)까지 담임선생님께 제출해 주세요.","제출"
"운영기간: 2026. 2. 1. ~11. 30.(10개월, 월별 신규 챌린지 운영)","일정"
"참가를 희망하시는 학부모님께서는 아래 URL 또는 QR코드로 접속하시어 5월 6일(수)까지 신청 하여 주시기 바랍니다.","제출"
"일시: 2026. 5. 27.(수), 10:40~11:30","일정"
"장소: 삼성초등학교 식생활교육관(급식실)","일정"
"온라인 신청 기간: 2026. 4. 30.(목) 09:00 ~ 2026. 5. 6.(수) 09:00","일정"
"한 가족당 초1,2반, 초3,4반, 초5,6반 중 하나만 선택하여 신청 가능","제출"
"초4 학생이 없는데 초3,4반 프로그램을 신청할 수는 없으며 만약 신청이 된다면 취소됨에 주의","제출"
"1가족당 4명이내로 신청가능하며 보호자 1명은 필수","제출"
"원활한 프로그램 운영을 위해 초등학생이 아닌 자녀는 동반 불가","제출"
"6. 신청 방법: 광주광역시교육청창의융합교육원 누리집 회원가입 후 개별 신청","제출"
"광주광역시교육청창의융합교육원 누리집 회원가입 후 수학교육 체험프로그램 개인신청수 학프로그램 메뉴에서 회원가입(일반인) 후 신청 가능합니다.","제출"
"보호자 계정으로 로그인하여 신청 가능하며, 학생성명(자녀) 칸에 신청자를 포함한 참여하는 가족의 이름(예: 홍일삼, 홍이삼, 홍삼삼)을 모두 기재해주시기 바랍니다.","제출"
"취소 사유 발생 시 운영 전날까지 누리집에서 직접 취소 또는 수학체험센터로 미리 연락해 주시기 바랍니다.","기타"
"5월 가족과 함께하는 수학 체험교실 참여 가족은 9월, 11월 가족과 함께 하는 수학 체험 교실 신청이 불가하며 신청할 경우 별도의 통보없이 취소됩니다.","제출"
"안내사항 - 등록은 확정 문자를 받은 가족이 프로그램 운영 당일 오전 9:20까지 수학체험센터 4층에서 등록합니다.","일정"
"일회용품을 제공하지 않으므로 개인 물 또는 물병(컵) 지참하여 주시기 바랍니다.","준비물"
"9월, 11월 프로그램은 별도의 가정통신문을 발송하지 않으므로 광주광역시교육청창의융합교육원 누리집에서 확인 후 신청해주시기 바랍니다.","제출"
"수학체험교실 신청기간: 2026. 4. 28.(화)19:00 ~4. 30.(목) 12:00","일정"
"9월 프로그램 신청기간: 2026. 9. 1.(화)19:00~ 9. 3.(목) 12:00","일정"
"11월 프로그램 신청기간: 2026. 11. 3.(화)19:00 ~11. 5.(목) 12:00","일정"
"안전사고 예방을 위해 체험관동 1, 2, 3층으로의 출입을 엄격히 금지하오니 학생들의 안전에 각별히 유의해 주시기 바랍니다.","건강·안전"
"현재 공사로 인하여 체험관 입구 이용은 불가하며 안내에 따라 체험관 입구에서 엘레베이터 방향으로 이동한 후, 엘레베이터 탑승하여 4층 체험센터로 이동가능합니다.","기타"
"신청 기간: 2026. 4. 28.(화) ~ 5. 8.(금) 선착순 마감","일정"
"검진방법: 학부모와 학생이 원하는 검진기관(치과)에 직접 방문하여 검진","기타"
"검진기간: '26.4.7~10.30. / 가급적 상반기 검진완료 권장","일정"
"검진기관: 건강보험공단 홈페이지 또는 모바일앱(건강보험 25시)에서 (원주시)학생검진기관 검색 참고","기타"
"검진기관 방문 시 반드시 주민등록번호, 주소 정보를 숙지하여 내원 필요","기타"
"검진기관 사정에 따라 예약이 조기에 마감될 수 있으니 방문코자 하는 검진기관에 사전 문의하여 반드시 예약 후 검진하시기 바랍니다.","기타"
"제주융합과학연구원에서는 도내 초 중학생을 대상으로 ""5월 수학 SW체험의 날""을 아래와 같이 운영하니, 관심 있는 학생은 신청 바랍니다.","제출"
"- 체험 신청 후 취소 및 사전 연락 없는 불참 시 추후 체험의 날 프로그램 신청 시 불이익이 있을 수 있음 - 신청기간 내에는 나의 예약 에서 수정(또는 취소) 가능.","기타"
"부득이한 사정으로 신청 기간 이후 취소하는 경우 5월 8일까지 반드시 연락 요망","기타"
"로그인, 접속 가능 여부 등 본인 사전 확인 필수","기타"
"일시: 2026.5.23.(토) 10:00~12:00","일정"
"모집기간: 2026.5.1.(금) 09:00 ~ 5.15.(금) 18:00","일정"
"신청방법: 제주국제교육정보원 홈페이지 신청&접수에서 교육/강좌 선택","제출"
"운영시간: 10:00~12:00 (2시간), 장소: 서부외국문화학습관","일정"
"1회차 운영일: 4.25.(토), 모집기간: 4.1.(수)~4.15.(수), 선발 발표일: 4.17.(금)","일정"
"2회차 운영일: 5.23.(토), 모집기간: 5.1.(수)~5.15.(금), 선발 발표일: 5.18.(월)","일정"
"3회차 운영일: 6.27.(토), 모집기간: 6.1.(월)~6.15.(월), 선발 발표일: 5.17.(수)","일정"
"4회차 운영일: 7.25.(토), 모집기간: 7.1.(수)~7.15.(금), 선발 발표일: 7.16.(목)","일정"
"5회차 운영일: 8.29.(토), 모집기간: 8.5.(수)~8.19.(수), 선발 발표일: 8.17.(목)","일정"
"7회차 운영일: 10.31.(토), 모집기간: 10.1.(목)~10.15.(목), 선발 발표일: 10.16.(금)","일정"
"8회차 운영일: 11.28.(토), 모집기간: 11.2.(월)~11.17.(화), 선발 발표일: 11.18.(수)","일정"
"또한 2명 이상 신청 시 자녀 1명 신청 후 재접속하여 다시 신청 - 보호자는 교실 입실이 불가하며 학생만 참여 가능 문의: 제주융합과학연구원 수학정보교육부 (064-766-3341, 3342, 3347) 2026년 4월 제주융합과학연구원장 이 가정통신문은 제주융합과학연구원에서 모든 초 중학교에 일괄 파급합니다.","기타"
"3월 늘봄학교 교육 활동을 다음과 같이 운영하오니 수강 신청을 희망할 경우 ""5월 늘봄학교 운영 시간표""를 참고하셔서 ""디비디비스쿨앱"" 또는 학교홈페이지 ""늘봄 수강신청"" 으로 신청하여 주시기 바랍니다.","제출"
"그리고 방과후교육 수강료, 재료비(교구비), 교재비는 스쿨뱅킹 통장에서 함께 인출되오니 인출일 이전까지 통장에 미리 입금해 주시면 감사하겠습니다.","비용"
"수강 신청하는 방법 수강신청 시작 전 충분한 시간을 두고 로그인하여, 초기 비밀번호를 반드시 본인만의 새 비밀번호로 변경하시기 바랍니다.","기타"
"온라인 신청이 어려운 경우 : 강사에게 전화로 신청할 수 있습니다.(선착순신청은 불가)","기타"
"늘봄학교 온라인 프로그램인 ""디비디비스쿨 앱""을 다운로드 받으신 후 아래 방법과 같이 늘봄학교 서비스 등록 후 이용하시기 바랍니다.","기타"
"수강신청 신청 기간 : 4월27일(월) 오전10:00 ~ 4월29일(수) 18:00 까지","일정"
"신청 방법 : ""디비디비스쿨 앱"" 또는 학교홈페이지 ""늘봄 수강신청"" (선착순 신청)","제출"
"수강신청은 서면 신청은 불가하오니 온라인 신청을 이용해 주시기 바라며, 한번 수강 신청한 과목은 ""자동 재수강""되므로 신청할 필요 없으며 매월 변동사항만 (수강 취소 또는 신규신청만) 합니다.","제출"
"""2026학년도 학년, 반, 번호, 이름""입력 후 로그인합니다.","기타"
"처음 로그인하시는 경우 초기 비밀번호(1234) 입력 로그인 후 비밀번호 변경","기타"
"신청후 취소는 신청 기간 내에 취소 처리 하시거나 늘봄선생님께 꼭 알려주시기 바랍니다.","제출"
"대기자 등록은 매달 하셔야 하며 '대기자 등록'순으로 수강취소자가 발생했을 때 수강의 기회가 주어집니다.","제출"
"수강료인출 스쿨뱅킹 이체 예정일: 5월20일(수) ~ 27일(수)","일정"
"수강료 미납으로 인하여 여러 가지 불편사항이 발생되고 있으니 수강료가 인출 날짜에 이체될 수 있도록 통장 잔액을 확인하시고 신용카드 확인해 주시기 바랍니다.","비용"
"자유수강권 사용에 불이익이 없도록 제재와 관련 내용(6페이지)을 반드시 확인 바랍니다.","기타"
"이에 따라많은 학생에게 수강 기회를 주고자 특별한 사정을 제외하고 중복신청이 금지되니 이점 참고 바랍니다.","기타"
"육아기 근로 단축가정(육아휴직은 불가)에 대해 지원이 가능하니 홈페이지 가정통신문 1168번을 확인하시기 바랍니다.","기타"
"신청 정원이 마감된 경우 ""대기신청"" 버튼을 클릭해서 대기자로 접수할 수 있습니다.","제출"
"늘봄학교 신청 모바일 앱 다운로드 IOS 앱스토어에서 ""디비디비스쿨""로 앱 검색 후 설치바랍니다.","기타"
"Android 구글 플레이에서 ""디비디비스쿨""로 앱 검색 후 설치바랍니다.","기타"
"""학교명""을 입력 후 ""검색"" 버튼을 클릭하세요.","기타"
"검색 후 아래에 있는 ""늘봄학교""를 클릭합니다.","기타"
"""회원정보""입력 후""등록""버튼을 클릭합니다.","기타"
"""늘봄학교""를 클릭합니다.","기타"
"학생검진 인터넷 예약방법: 광주센트럴병원 홈페이지에서 학생검진예약 클릭","제출"
"이름, 주소, 학교명, 학년, 반, 번호 등을 빠짐없이 입력한 후, 문진 입력을 다 하시고 종료 버튼을 누르시면 예약이 완료됩니다.","제출"
"예약하신 분은 예약날짜에 병원으로 내원하시면 됩니다.","일정"
"주의사항: 인터넷 사이트는 반드시 익스플로러(Internet Explorer)에서 저희 병원 홈페이지로 들어가셔야 입력이 됩니다.","기타"
"운영 장소: 본교 운동장(우천시 강당에서 운영)","일정"
"2. 검진기간: 2026년 5월 ~ 12월(가급적 1학기 내 검진완료 권장)","일정"
"4. 검진방법: 학생은 보호자와 함께 지정된 검진기관을 방문하여 검진 실시","기타"
"5. 검진기관 (1, 2번 중 하나를 선택하여 검진 실시, 중복 검진 시 추가 비용은 학부모 부담)","기타"
"1. 한국건강관리협회 - 동래구 충렬대로 145, 553-6400 - 월~금 13:30~15:30 - 네이버 예약 필수 - 일반검진과 구강검진 모두 실시","기타"
"2. 금정소아청소년과 의원 - 금정구 금정로 967-52 - 월~금(수요일 휴진) 09:00~21:00, 토일요일공휴일 09:00~17:00 - 예약 후 검진 가능 - 일반검진만 가능(구강검진 별도 실시)","기타"
"올바른 성장소아과 - 동래구 온천장로 114, 557-7080 - 월~금 09:30~19:00","기타"
"구강검진 선택 기관 1: 미소드림치과 - 금정구 금강로 209, 514-2875 - 월~금(수요일 휴진) 09:30~18:30, 1·3·5주 토요일 09:30~12:30 - 예약 없이 검진 가능","기타"
"구강검진 선택 기관 2: 동래도담소아치과 - 동래구 중앙대로 791-2872 - 월~금(목요일 휴진) 10:00~18:30, 화요일 10:00~20:30, 토요일 09:30~14:00 - 네이버 예약 대기 가능(병원에서 승인)","기타"
"나. 4학년 중 비만학생은 혈액검사가 있으므로 8시간 금식한 상태로 검진을 받아야 합니다.","건강·안전"
"다. 검진 결과 이상 소견이 있는 경우에는 빠른 시일 내에 전문의 상담 및 2차 검진(정밀검진)을 받고, 그 결과를 학교로 알려 주시기 바랍니다.","건강·안전"
"라. 2차 검진비는 학부모 부담입니다.","비용"
"건강검진을 통해 질병을 조기에 발견 및 예방하여 건강한 성장을 이룰 수 있도록 아래의 검진기관 중 일반검진과 구강검진을 모두 받을 수 있도록 해 주시기 바랍니다.","건강·안전"
"검진 후에는 뒷장의 회신문을 작성하셔서 담임선생님께 제출하여 주시기 바랍니다.","제출"
"검진방법 : 보호자 동반 하에 개별 방문 검진 (학생 주민등록번호 알고 가기)","건강·안전"
"4학년 중 비만이 예상되는 학생은 혈액검사를 위해 8시간 이상 금식해야 합니다.","건강·안전"
"검진기간 : 2026년 5월 4일 ~ 8월 21일 (빠른 시일 내에 검진 완료 부탁드립니다.)","일정"
"검진기관 : 일반검진 서울삼성내과의원, H메디컬의원 중 1곳을 택합니다.","건강·안전"
"구강검진 : 예그린치과, H메디컬의원 중 1곳을 택합니다.","건강·안전"
"일반, 구강 모두 실시해야 합니다.","건강·안전"
"학부모님께서는 QR코드를 스캔하여 미리 일정을 확정하고 방문해 주시기 바랍니다.","기타"
"아래의 주의사항을 참고하시고, 자녀의 건강을 위하여 한 명도 빠짐없이 기간 내 검진을 받을 수 있도록 협조하여 주시기 바랍니다.","건강·안전"
"부득이한 사유(학생거부 등)로 검진을 받을 수 없을 경우, 담임교사에게 알려주시기 바랍니다.","기타"
"검진 후 확인서를 담임 선생님께 제출 해 주세요.","제출"
"문진표 작성 시 학년, 반, 번호, 주민등록번호, 주소를 정확히 기록합니다.","건강·안전"
"평소 안경을 착용하는 학생은 검진 시 안경을 지참합니다.","준비물"
"일반검진 시 소변검사가 있으니 검사 전 화장실을 다녀오지 않도록 지도하여 주십시오.","건강·안전"
"4학년 중 경도비만 이상이 예상되는 학생은 혈액검사가 있어 검사 전 8시간 이상 금식이 필요합니다.","건강·안전"
"문진표 작성시간 및 병원 점심시간, 휴일, 휴게시간 등을 고려하여 방문하시기 바랍니다.","기타"
"서울삼성내과에서 일반검진을 한 학생은 반드시 예그린치과를 방문하여 구강검진까지 실시하여야 합니다.","건강·안전"
"송부된 결과지에 '정밀검사요함'의 판정을 받은 학생은 자녀의 건강관리를 위해 개인별로 해당항목에 대한 진료를 다시 받습니다.","건강·안전"
"확인증은 검진 다음날(방학일 경우 개학 당일) 담임선생님에게 바로 제출하도록 합니다.","제출"
"검진방법 : 학생은 보호자와 함께 지정된 검진기관을 방문하여 검진 실시","건강·안전"
"착오로 중복 검진 시 추가 비용은 학부모 부담입니다.","비용"
"뒷장의 수학여행 일정 및 예상 경비 내역을 읽어보신 후 '수학여행 참가신청서 및 개인정보 수집 이용 제공에 따른 동의서'를 작성하여 4월 22일(수)까지 담임 선생님께 보내주시기 바랍니다.","제출"
"만 14세 미만의 경우 반드시 법적대리인의 동의가 필요합니다.","제출"
"""개인정보 보호법""에 근거하여 개인정보 제공 동의에 거부할 수 있으며, 미동의시 2026학년도 수학여행에 참여하실 수 없습니다.","제출"
"일시: 5월 13일(수) ~ 5월 14일(목), 비숙박형 2일","일정"
"스쿨뱅킹 이용을 하는 가정에서는 자동이체 예정으로 잔액을 확인 바랍니다.","비용"
"내실 있고 안전한 여행이 될 수 있도록 2026학년도 6학년 수학여행 체험 장소와 관련한 학생과 학부모님들의 의견을 듣고자 하오니, 하단의 '수학여행 체험장소(안) 희망조사'를 참고하시어 학부모님의 의견을 4월 30일(목)까지 담임선생님께 제출해 주시길 바랍니다.","제출"
"학년별 체험일이 상이하여 체험일에 따른 시정변동이 있으니 일정 참고 부탁드립니다.","일정"
"2026.4.21.(화) 1학년 책가방 없는 날 일과운영","일정"
"2026.4.22.(수) 2학년 책가방 없는 날 일과운영","일정"
"2026.4.23.(목) 4학년 책가방 없는 날 일과운영","일정"
"2026.4.28.(화) 5-6학년 책가방 없는 날 일과운영","일정"
"학교장 추천기간: 2026. 5. 18.(월) ~ 5. 27.(수)","일정"
"방법: 학교장 추천을 희망하는 보호자는 담임교사와 상담, 경제적 어려움을 증빙할 수 있는 서류 제출 필요","제출"
"여름방학식 변경: 2026년 7월 27일(월) → 2026년 7월 28일(화)","일정"
"여름방학 변경: 2026년 7월 28일 ~ 8월 21일(18일) → 2025년 7월 29일 ~ 8월 21일(17일)","일정"
"본 활동에 자녀를 참여시키고자 희망하는 학부모님께서는 아래 사항을 참고하시어 4월 27일(월)까지 6학년 8반 선생님께 참가신청서를 제출해주시기 바랍니다.","제출"
"1. 기간: 2026. 5. 15.(금) 15:00 ~ 5. 16.(토) 12:00 예정","일정"
"2. 장소: 제주하이호텔(제주시 한림읍 일주서로 5125, 064-796-80)","일정"
"3. 참가비: 1인 115,0원(활동비85,0원 차량비30,0원) 입금계좌: 새마을금고, 9002-1792-7588-8, (사)한국청소년제주특별자치도연맹 직접 입금하셔야 합니다 입금자명은 '필히' 학생이름 뒤에 학년반을 적은 형태로 요청함.","비용"
"(참가비는 참가신청서 제출과 함께 직접 입금)","비용"
"- 아람단 조끼 택배 배송에 시간이 걸리므로 시간적 여유를 두고 사전에 개별 구매하길 바랍니다.","준비물"
"개인소지물품(의류 등 포함)에 학교명과 이름을 꼭 써주세요.","준비물"
"아람단 봄수련회 1일차 15일(금) 15시 학교 집결 및 출발","일정"
"세부 일정을 숙지하고 참가비 환불규정에 동의함.","제출"
"개인정보 제공에 동의하지 않을 시, 2026 아람단 봄수련회 관련 참가가 불가합니다.","제출"
"준비물: 아람단 조끼 착용","준비물"
"준비물: 여벌 옷, 속옷, 양말","준비물"
"준비물: 세면도구(칫솔, 치약, 수건 등)","준비물"
"준비물: 1박2일 취침에 필요한 기타 개인필요물품(화장지, 개인상 비약 등)","준비물"
"1일차 복장은 상의 아람단 조끼, 하의 자율복","준비물"
"개인 소지 물품에 학교명과 이름 꼭 쓰기","준비물"
"책이야기 선생님을 모집하오니 희망하시는 학부모님께서는 신청서를 작성하셔서 담임 선생님께 4월 30일(목)까지 제출해주시기 바랍니다.","제출"
"5~6월: 책이야기선생님 관련 교육 참여 2회","일정"
"문의: 예술복지부장(한국어학급으로 문의바람)","기타"
"5월 1일(금) ~ 5월 5일(화) 연휴 안내: 법정공휴일(노동절, 어린이날) 및 재량휴업일","일정"
"5월 6일(수)은 정상 수업일입니다.","일정"
"학생들이 08:50까지 등교할 수 있도록 지도 부탁드립니다.","기타"
"참가 희망서 제출: 2026년 4월 1일(수)까지 담임 선생님께 제출","제출"
"다. 절차 : 확인서 제출(후관1층 늘봄지원실 제출)후 교육청에서 지원대상 여부 확인 후 지원","제출"
"(온라인 신청) ""12·29여객기참사 피해지원 포털"" 접속, 로그인 후 마이페이지에서 피해자 확인서 발급 신청서(가족관계 서류 포함)를 작성하여 관리자 승인 후 출력 가능","제출"
"(오프라인 신청) ""12·29여객기참사 피해자지원단"" 유가족지원과(세종)에 방문 또는 Fax 신청 가능","제출"
"아래 내용을 참고하시어 돌봄교실 참여 희망 여부를 4월 24일(금)까지 각 반 돌봄교실 선생님께 제출해 주시기 바랍니다.","제출"
"운영 시간: 오전 9시 ~ 오후 4시","일정"
"준비물: 개인 도시락, 간식, 물 (학교급식 및 간식 제공하지 않음)","준비물"
"등교 학생은 도시락, 간식 지참","준비물"
"2026학년도 학교교육계획에 의거하여, 5월 4일(월)은 학교장 재량휴업일(개교기념일)로 운영됨을 알려드립니다.","일정"
"5월 4일(월) 학교장 재량휴업일은 선택형 돌봄프로그램(돌봄교실)만 운영 예정이며 별도 안내하였습니다.","일정"
"5월 6일(수)부터 아침늘봄, 초등돌봄교실 및 방과후교육도 정상 운영합니다.","일정"
"4월 27일(월) 정상 등교","일정"
"4월 28일(화) 정상 등교","일정"
"6. 신청 기간 - 2026. 5. 16.(토) 프로그램 : 5. 7.(목) 17:00 ~ 5. 13.(수) 12:00","제출"
"2026. 5. 30.(토) 프로그램 : 5. 21.(목) 17:00 ~ 5. 27.(수) 12:00","제출"
"7. 신청 방법: 광주광역시교육청창의융합교육원 누리집(홈페이지)을 통한 개인 신청","제출"
"개인 물병(컵) 지참","준비물"
"등록: 프로그램 운영 당일 체험관 4층, 9시 20분까지 등록부에 서명","일정"
"체험 신청 시에는 반드시 연락 가능한 연락처를 기재해 주시기 바랍니다.","제출"
"연락이 되지 않을 경우 불참으로 간주되어 신청이 취소될 수 있음을 양해해 주시기 바랍니다.","기타"
"신청 취소는 당일 오전 8시 30분까지 해주셔야 다음 대기자가 체험에 참여할 수 있습니다.","기타"
"오전 8시 30분 이후 취소 시에는 불참으로 간주되며, 향후 체험 신청에 제한이 있을 수 있습니다.","기타"
"모르는 사람의 메시지, 채팅은 정신을 바짝!","건강·안전"
"SNS를 통해 만난 친구가 개인정보를 묻거나 몸, 얼굴 사진을 보내며 놀자고 할 때 나와 같은 성별(언니, 형)이라고 안심하고 사진을 보내주면 안돼요.","건강·안전"
"국번없이 112(경찰), 디지털성범죄피해자지원센터를 통해 지원을 받을 수 있으니 꼭 도움을 요청하세요.","기타"
"1. 학교장 재량휴업일 : 2026년 5월 4일(월) 긴급돌봄교실 운영 : 08:40 ~ 12:40 - 1~2학년 돌봄 참여 학생 중 신청 학생에 한하여 운영합니다.","일정"
"제주융합과학연구원에서는 도내 초등 6학년, 중학교 1~3학년 학생을 대상으로 '디지털 창의 융합 메이킹 프로그램 (나만의 매크로 키보드 만들기)'을 아래와 같이 운영하오니, 관심 있는 학생은 기한 내에 신청 바랍니다.","제출"
"기간 및 시간 운영: 2026. 5. 16.(토)~5.31.(일), 09:30~12:30, 블록타임제로 운영","일정"
"신청일시: 2026. 4. 22.(수) 17:00~5. 1.(금) 17:00","일정"
"신청방법: 제주특별자치도교육청 통합예약시스템(https://org.jje.go.kr/reserve)","제출"
"신청 시 참여하는 학생의 정보사항(학교명, 학년, 이름, 코딩 경력)을 정확히 기입","제출"
"보호자 연락처는 프로그램 신청 확인 및 안내사항 연락을 위해 꼭 필요한 정보","제출"
"마감 일(5월 1일) 17:00까지 나의 예약에서 변경(수정 또는 삭제) 가능","일정"
"신청 사이트의 로그인, 접속 가능 여부를 본인이 사전 확인 필수","기타"
"교육장소 도착, 이동, 귀가 등은 신청 학생의 학부모님 또는 보호자 협조","기타"
"모집기간: 2026. 3. 26.(목) ~ 2026. 5. 15.(금) 16:00","일정"
"접수방법: 모두의 창업 누리집(www.modoo.or.kr) 접속 후 '도전하기' 클릭","제출"
"온라인 사업설명회 일시: 2026. 5. 6.(수) 18시","일정"
"(7월 예정) 집중 이의신청 기간 : 2026. 5. 15.(금) ~ 5. 27.(수) 교육비 대상자 선정 결과에 대한 이의제기는 결과를 통지받은 날부터 90일 이내 신청 가능합니다.","일정"
"소득 재산조사 결과에 대한 이의신청은 당초 신청한 읍면동 주민센터로 방문하여 주십시오.","기타"
"모집인원: 유치원생(7세) 및 초등학생(1~2학년) 10명 (선착순 모집, 이주배경 학생 우선 선발)","일정"
"모집기간: 2026. 4. 29.(수) 09:00 ~ 5. 8.(금) 18:00","일정"
"신청방법: 제주국제교육원 홈페이지 신청&접수","제출"
"서부외국문화학습관 교육/강좌 교육/강좌명 선택하여 접수하기","제출"
"일시: 2026. 5. 16.(토) 13:00 ~ 14:30","일정"
"장소: 서부외국문화학습관 (한림리 1527-2) 2층 강의실","일정"
"1회차 모집기간: 4.1.(수) ~ 4.10.(금)","일정"
"2회차 모집기간: 4.29.(수) ~ 5.8.(금)","일정"
"3회차 모집기간: 6.2.(화) ~ 6.12.(금)","일정"
"4회차 모집기간: 9.2.(수) ~ 9.11.(금)","일정"
"5회차 모집기간: 9.30.(수) ~ 10.8.(목)","일정"
"6회차 모집기간: 11.4.(수) ~ 11.13.(금)","일정"
"운영 기간: 2026. 5. ~ 9.","일정"
"접수 기간: 2026. 4. 22.(수) ~ 5. 3.(일) 20:00","일정"
"제출 서류: 신청서 및 연구계획서(홈페이지에서 다운로드)","제출"
"접수 방법: 제주과학문화거점센터 이메일 제출(jsca2024@naver.com)","제출"
"신청서 서식과 연구계획서 양식에 따라 작성하여 제출합니다.","제출"
"연구계획서에 예산 계획을 반드시 포함하도록 합니다.","제출"
"심사 일자: 2026. 5. 10.(일)","일정"
"참여기간 : 2026.4.23.(목) ~ 2026.5.8.(금) 2주(집중운영기간) 제안접수 상시운영, 제안제도 활성화를 위해 집중운영기간 운영다.","일정"
"참여방법 :1) (국민,학생)국민신문고(https://www.epeople.go.kr) 국민제안 일반제안2) (공무원)국민신문고(https://gov.epeople.go.kr) 제안 신청/등록3) (학생)교육예산과 이메일(bon04@korea.kr) 제출, 작성서식 :(첨부)라.","제출"
"2026년 5월 서부외국문화학습관 토요다문화이야기 참가자 모집 서부외국문화학습관에서 토요다문화이야기를 아래와 같이 운영하오니, 참가를 희망 하는 경우 2026. 5. 8.(금)까지 신청하시기 바랍니다.","일정"
"유의 사항 신청서 서식과 연구계획서 양식에 따라 작성하여 제출합니다.","제출"
"신청기간: 2026. 4. 30.(목)까지","일정"
"가정에서 우리 자녀들과 함께 만들어 아래 해당 부분을 오려, 4월 24일(금)까지 1층 통합교육반 앞 응모함에 넣어주세요.","제출"
"기간: 2026년 4월 20일(월) ~ 4월 21일(화) (1박 2일)","일정"
"개인 부담금: 99,470원 (수익자 부담금)","비용"
"이에 감염병 확산 방지을 위하여 예방법과 관리 방법 등에 관한 정보를 알려드리니 각 가정에서는 면역력이 약한 아이들이 감염되지 않도록 주의 당부 드립니다.","건강·안전"
"감염 또는 감염이 의심될 경우 학교와 같이 집단생활을 하는 곳(학원 포함)에서는 등교중지를 해야 합니다.","건강·안전"
"완치 후 등교 시 격리기간이 표기된 의사소견서 또는 진료확인서를 제출하면 결석으로 처리하지 않습니다.(출석인정결석)","제출"
"첫째, 예방접종은 감염 예방에 가장 효과적인 방법으로, 수두 및 MMR (홍역 유행성이하선염 풍진) 접종 미완료자는 예방접종 완료하기","건강·안전"
"둘째, 자주 손씻기, 기침 예절 지키기, 씻지 않는 손으로 눈 코 입 만지지 않기, 의심증상 시 마스크 착용 등 개인위생 철저히 준수하기","건강·안전"
"셋째, 발열, 발진, 침샘이 부어오르는 등 감염 의심 증상 징후가 있다면 진료를 받고 감염력이 소실되는 시기 에 등교하기","건강·안전"
"전염력이 매우 높아 가족 안에서 2차 전파율이 매우 높음- 따라서 집안에 소아 및 청소년 등 수두 예방접종을 하지 않았거나 수두에 걸린 적이없는 사람들은 환자와의 접촉을 피해야 함","건강·안전"
"비누로 손 씻기(모든 전염병의 70% 예방), 기침 및 재채기는 입 가리기","건강·안전"
"수두를 앓은 적이 없거나 예방접종을 받지 않은 소아는 예방 접종하기","건강·안전"
"수두 환자와 접촉하지 않도록 주의","건강·안전"
"따라서 아래의 내용을 참고하시어 유익한 수학여행이 되도록 협조 부탁드리며, 수학여행 경비(1인당 86,850원, 수익자부담)는 5월 11일(월)까지 스쿨뱅킹 또는 납부고지서를 통해 납부하여 주시기 바랍니다.","비용"
"기 간: 2025년 5월 18일(월) ~ 5월 19일(화), 1박 2일 (우천 시에도 진행)","일정"
"장 소: 제주도 일원(서귀포월드컵리조트, 신화테마파크, 올레매일시장, 새연교, 천지연폭포, 4.3평화공원, 아쿠아플라넷 등) 장소는 변경될 수 있습니다.","일정"
"납부방법: 스쿨뱅킹 계좌이체 또는 납부고지서 (스쿨뱅킹 계좌에 잔액이 없는 경우 인출되지 않으므로 사전에 잔액을 확인 해주시기 바랍니다.)","비용"
"자전거 통학 희망 학생 안전운전 서약서 제출 3.18.(수)~3.27.(금) - 자전거로 통학하는 모든 학생은 담임 선생님께 서약서를 제출합니다.","제출"
"아래 서약서를 담임 선생님께 제출한 학생만 자전거 통학이 가능합니다.","제출"
"1. 자전거 통학 시 반드시 안전 장비(안전모 등)를 착용하겠습니다.","건강·안전"
"2. 정문 후문 부근 보행자가 많은 곳과 횡단보도에서는 자전거를 타지 않고 내려서 끌고 오겠습니다.","건강·안전"
"3. 잠금장치를 구비한 후 잘 채워놓겠습니다.","건강·안전"
"4. 자전거 거치대에 자전거를 잘 세워두겠습니다.","건강·안전"
"5. 교내에서는 자전거를 타지 않겠습니다.","건강·안전"
"6. 자전거 점검을 주기적으로 실시하겠습니다.","건강·안전"
"7. 자전거를 제외한 다른 이동 수단(픽시자전거, 킥보드 등)으로 등교하지 않겠습니다.","건강·안전"
"나와 우리 모두의 안전을 위해 섬강초등학교 자전거 안전운전 서약 캠페인에 참여함을 동의합니다.","제출"
"2026년 5월 4일(월)은 우리 학교 교육과정 운영 계획에 의하여 재량휴업일로 운영되며 등교하지 않습니다.","일정"
"학부모님께서는 가정학습 및 체험활동 등으로 의미 있는 시간이 될 수 있도록 협조해 주시길 부탁드립니다.","기타"
"개인위생 철저 및 각종 안전사고가 발생하지 않도록 유의","건강·안전"
"각종 비상 상황 발생 시 학교 또는 담임 선생님에게 연락","기타"
"현재 돌봄교실(1 2실) 이용 학생 중 재량 휴업일 돌봄 관련 상담 필요시 각실 돌봄선생님께 개별문의 바랍니다.","기타"
"3. 응모기간: 2026. 4. 7.(화) ~ 5. 7.(목) (5월 7일자 도착분까지 유효)","일정"
"프로그램에 참가를 희망하실 경우 아래 신청 링크 또는 큐알코드를 이용하여 신청하여 주시기 바랍니다.","제출"
"2. 신청 기한: 2026. 5. 7.(목)까지","제출"
"3. 신청 방법: 신청 링크(유레카) 접속-2026 토요 문화 예술공감교실(2기)-신청","제출"
"2026. 6. 6.(토)는 법정공휴일(현충일)로 미운영","일정"
"6. 장소: 서귀포외국문화학습관 201호(서귀포시 동홍동 1460)","일정"
"보호자가 직접 교육 장소로 인솔 및 귀가","기타"
"7. 문의: 제주국제교육원 다문화교육부 064-784-9045","기타"
"5. 학교폭력 예방교육 이수 의무 학생, 학부모/보호자, 교직원은 모두 학기별로 1회 이상 학교폭력 예방을 위한 교육을 이수하도록 되어 있습니다.","건강·안전"
"아래 내용을 확인하시고 신청 링크, QR 코드를 통해 많은 신청 바랍니다.","제출"
"일시 및 내용 - 1차: 5월 14일 (목) 10:00~11:30","일정"
"장소: 제주 물레집(제주시 오등13길 54-3)","일정"
"개인 부담금: 10,000원(지불 방법 참가자 확정 후 안내)","비용"
"신청 기간: 5월 6일 (수) 10:00 ~ 5월 7일 (목) 15:00","일정"
"문의: 학부모회장(010-9317-1740), 학부모회총무(010-8595-3535)","기타"
"학생은 봉사활동 계획서 및 확인서를 학교에 제출할 필요는 없으나, 실시 전 담임(담당)교사와 사전 상담을 실시하여 인정 가능 기관 및 활동인지 반드시 확인 필요","제출"
"사전 봉사활동 계획서를 제출하여 학교장이 승인(허가)한 경우에만 봉사활동 실적으로 인정","제출"
"봉사활동 계획서 제출(담임, 담당교사의 지도 및 상담 등)","제출"
"계획에 따른 실행 후 봉사활동 확인서 제출","제출"
"봉사활동 실적 연계 사이트(1365자원봉사포털, VMS, DOVOL)에 등록되어 있는 봉사기관이나 활동이라도 ""2026학년도 학생 봉사활동 운영 계획"" 에 벗어날 경우 실적으로 인정하지 않으므로 사전에 반드시 담임(담당) 선생님과 상담 후 실시해야 합니다.","기타"
"학생과 함께 기간(5.4.(월)~8.31.(월)) 내 선정된 학생건강검진 기관에 방문하여 검진을 시행해주시기 바랍니다.","일정"
"3. 검진 기간: 2026년 5월 4일(월) ~ 2026년 8월 31일(월)까지","일정"
"건강검진 전 유의사항- 검사결과에 영향을 줄 수 있는 심한 운동은 2~3일 전부터 삼가도록 합니다.","건강·안전"
"4학년 학생 중 비만으로 판정될 가능성이 있는 학생은 검진 전날 저녁식사는 오후 9시이전에 마치고 그 이후에는 금식합니다.","건강·안전"
"운영기간: 2021.12.01.(수) ~ 12.10.(금) 10일간 오전 저녁 주말 시간대 운영","일정"
"신청기간: 2021.11.22.(월) ~ 11.29.(월)","일정"
"선행학습 예방을 통해 학생의 학습 부담을 경감하고 학습 흥미를 제고할 수 있도록 선행학습 유발 관행 근절 노력에 협조해 주시기 바랍니다.","기타"
"가정에서 효를 어떻게 실천할 수 있을지 생각하여 효도 쿠폰을 만들고 실천하기","기타"
"- 수강료와 교재비 및 재료비는 스쿨뱅킹(신용카드 납부)하며 교육의 효율성과 연계성을 고려하여 3개월분을 징수 합니다.","비용"
"- 방과후학교 취소 및 환불요청은 반드시 담당 강사님 혹은 방과후코디실로 접수 후 처리됩니다.","기타"
"- 수강료 납부 기간에 수강료 미납 시 수강취소 처리가 되므로 이 점 확인하시기 바랍니다.","비용"
"- 자연재난 및 사회재난, 격리가 필요한 법정 감염병(코로나19)에 감염되어 자가 격리(코로나 관련 증빙서류나 문자 캡처)된 경우는 수업 시작 전 미리 알리고 확인 서류 등을 준비하여 결석일에 대한 수강료를 환불 요청 을 해당 수강 기간 내에 한다.","비용"
"- 수강료 2주 이상 미납 시 수강 취소 처리될 수 있다.","비용"
"수강료는 환불 요구 시점을 기준으로 아래 규정에 따라 환불한다.(코로나 환불은 방역지침에 의해 변경될 수 있음.)","비용"
"추가 모집 신청 방법: 학교종이앱을 통해 선착순으로 이루어집니다.(각 강좌별로 정원 상이, 정원 초과할 때 대기 번호 배정)","제출"
"신청 기간: 2023. 3. 8.(수) 오후 15:00 ~ 3. 9.(목) 오후 15:00까지, 선착순 마감","일정"
"수강료 납부방법: 2023년 3월 30일(목)~4월 4일(화)까지 스쿨뱅킹 출금 예정, 스쿨뱅킹 자동이체 또는 신용카드 납부","비용"
"납부기한 내 스쿨뱅킹 통장으로 입금하시면 자동 납부 처리되오니 통장 잔액 꼭 확인 부탁드립니다.","비용"
"모바일, PC로 신청 / 종이신청서는 받지 않음","제출"
"신청 순서: 학년반 클릭 후 학교안내문 클릭, 설문응답하기(홍길동) 클릭하여 수강할 과목 선택","제출"
"선택 후 응답제출 클릭","제출"
"응답제출결과 수정은 반드시 PC이용","기타"
"응답 후 제출결과를 수정하실 때에는 응답수정 클릭해 과목 다시 클릭 (단, 설문응답 기간인 ~3/6(월) 18시까지만)","제출"
"응답 다시 선택하여 응답제출 클릭하면 끝","제출"
"수강을 취소할 경우: 과목 선택해제 후 응답 회수 클릭","제출"
"수강신청 확인 및 정정: 학교종이-학년반-학교안내문(방과후 1분기신청)- 응답확인하기에서 확인할 수 있습니다.","기타"
"접수기간 내에는 응답확인하기에서 응답수정이 가능합니다.(단 PC에서만 가능)","제출"
"강좌를 희망하지 않으실 경우에는 응답회수를 꼭 해주시기 바랍니다.","제출"
"강좌를 희망하지 않으실 경우에는 대기자의 경우라도 취소를 꼭 해주세요.","제출"
"접수기간 종료 후 취소를 희망하실 경우에는 방과후코디실 02-2699-4785(내선829)로 연락주세요.","기타"
"접수기간 외에는 온라인에서 수강취소가 되지 않습니다. 상담시간 평일 13:00~16:30","기타"
"수강료 납부: 2023년 3월 30일(목) ~ 4월 4일(화) 까지 스쿨뱅킹 자동이체 또는 신용카드 납부","비용"
"흐르는 물에 30초, 올바른 손씻기 생활화 - 외출 후나 식사 전 후에는 비누로 30초 이상 손을 깨끗이 씻어주세요.","건강·안전"
"옷소매로 가려요 기침 예절 지키기 - 기침이나 재채기를 할 때는 옷소매나 휴지로 입과 코를 가려주세요.","건강·안전"
"사람이 많은 곳은 잠시 피하고, 외출 시 마스크 착용하기 - 인플루엔자 유행 기간에는 사람이 붐비는 장소 방문을 자제하고, 외출 시 마스크를 착용해 주세요.","건강·안전"
"인플루엔자 의심 증상 시, 신속한 진료와 등교(등원) 자제 - 자녀가 38 이상의 발열, 기침, 인후통 등 인플루엔자 의심 증상을 보이면 등교(등원)를 자제하고 가까운 의료기관에서 적절한 진료를 받습니다.","건강·안전"
"등교(등원) 기준: 해열제 없이 정상체온 회복 후 24시간이 경과할 때까지","건강·안전"
"해열제를 투약한 경우에는 마지막 해열제 투약 시점부터 48시간 경과 관찰","건강·안전"
"""옷소매로 가려요"" 기침 예절 지키기 - 기침이나 재채기를 할 때는 옷소매나 휴지로 입과 코를 가려주세요.","건강·안전"
"인플루엔자 의심 증상 시, 신속한 진료와 등교(등원) 자제 - 자녀가 38도 이상의 발열, 기침, 인후통 등 인플루엔자 의심 증상을 보이면 등교(등원)를 자제하고 가까운 의료기관에서 적절한 진료를 받습니다.","건강·안전"
"후보자등록: 2025.7.4.(금)~7.8.(화), 3일간","일정"
"선거일(전교): 2025.7.17.(목)","일정"
"선거일(학급): 2025.8.28.(목)","일정"
"SNS, 문자메시지, 카톡프로필 등을 이용한 온라인 사전 선거 금지","건강·안전"
"(대표전화) 02-2699-4785 교무실로 연락주시고, 교육활동 중 교실로 바로 연락은 삼가 주십시오.","기타"
"퇴근 후 주말에는 학생 안전사고 등 긴급한 경우를 제외하고 연락을 삼가주시기 바랍니다.","기타"
"상담 및 면담은 학교의 절차에 따라 사전 예약 후 진행해 주시기 바랍니다.","기타"
"따라서 수업 및 상담 장면의 무단 녹음 촬영은 삼가 주시고, 녹음 촬영이 필요한 경우에는 사전에 취지를 알리고 협의해 주시기 바랍니다.","기타"
"또한 녹음 촬영물은 당사자 동의 없이 제3자에게 제공하거나 게시하지 않도록 협조해 주시기 바랍니다.","기타"
"학교 방문 시 해당 교사 및 교직원과 사전 약속 필수","기타"
"학생 상담 방문: 희망일 7일전까지 신청, 수업종료후~16:00, 토 일요일·공휴일·자율휴업일 제외","일정"
"일반 업무 방문: 희망일 1일전까지 신청, 09:00~16:00","일정"
"교문 앞 '학교 보안관실' 방문","기타"
"외부인 출입 관리대장 작성","기타"
"방문자 출입증 수령 및 착용","기타"
"사전 약속된 시간 동안 방문","기타"
"용무 완료 후 '학교 보안관실'에 방문자 출입증 반납","기타"
"학교 방문 시 신분 확인에 협조 필수","기타"
"외부인 출입 관리대장을 작성하고 방문자 출입증을 소지한 경우에만 교내 출입 가능","기타"
"원동기 면허 미보유 시 운행 불가 - 원동기 면허는 만16세 이상부터 취득 가능하므로, 유 초등학생 및 중학생은 법적으로 전동킥보드 이용 불가 (범칙금 10만원)","건강·안전"
"만16세 이상 고등학생도 반드시 원동기 면허 이상 보유 필요","건강·안전"
"(만16세 이상, 원동기 면허 취득 시) 안전모(헬멧) 착용 - 개인형 이동장치 이용 시 안전모 착용 필수 (범칙금 2만원)","건강·안전"
"(만16세 이상, 원동기 면허 취득 시) 동시에 두 명 이상 탑승 금지 - 승차정원(1인)을 위반하여 2인 이상 탑승 불가 (범칙금 4만원)","건강·안전"
"방문하기 일주일 전에 유선전화로 방문예약을 신청하고 학교 관리자 승인 후 예약 확인 연락을 받은 날짜와 시간에 학교를 방문합니다.","일정"
"방문대상, 방문 희망일 및 시간, 방문 사유, 방문인 성명 및 연락처를 필수로 전달","제출"
"학생 상담 방문은 희망일 7일전까지 신청, 수업종료후~16:00에 방문 가능 (토 일요일, 공휴일 자율휴업일 제외)","일정"
"일반 업무 방문은 희망일 1일전까지 신청, 09:00~16:00에 방문 가능","일정"
"학교 방문 시 신분 확인에 협조하여 주시기 바랍니다.","건강·안전"
"연세든든내과 예약 방법: 네이버 '연세든든내과의원' 검색 또는 https://naver.me/Fw7CaNPp '예약' 클릭","일정"
"요청사항란에 학교, 학년반, 번호, 이름 기입","제출"
"검사기관별 검사기간 및 예약방법을 확인하신 후, 보호자님과 함께 병원 1곳을 방문합니다.","일정"
"검사 후 아래 학생건강검사 확인서를 담임선생님께 제출해주시기 바랍니다.","제출"
"연세든든내과 평일 14:00~17:00 네이버 예약https://naver.me/Fw7CaNPp","일정"
"연세이음치과 평일 14:00~17:00 전화예약 필수 치과는 같은 건물 3층에 위치","일정"
"메디힐병원 메디힐치과 8.25 ~ 8.29 8.27.(수) 치과 휴무 평일 13:30~15:30 예약 없이 방문","일정"
"자녀가 혼자 집에 머무는 일이 없도록 해주시고 부득이하게 홀로 집에 있게 되는 학생에 대해서는 학부모님의 각별한 안전 지도를 부탁드립니다.","건강·안전"
"강서김치과 02-2603-3433 전화예약 필수 평일 9:30~17:00","일정"
"""학교종이앱""을 통해 선착순으로 이루어집니다.(각 강좌 정원-20명, 정원 초과시 대기번호 배정)","제출"
"신청기간 2022. 5. 28.(토) 오전 10:00 ~ 5. 30.(월) 오후 18:00 까지","일정"
"수강료 6. 13.(월) ~ 6. 16.(목) 스쿨뱅킹 출금 예정","비용"
"스쿨뱅킹 자동이체 또는 신용카드 납부","비용"
"자연재난 및 사회재난, 격리가 필요한 법정감염병에 감염된 경우, 특히 코로나19 밀접접촉으로 인한 본인 및 동거가족 검사 및 자가 격리(코로나 관련 증빙서류나 문자 캡처)인 경우는 수업 시작 전 미리 알리고 확인 서류 등을 준비하여 결석일에 대한 수강료를 환불 요청을 해당 수강 기간 내에 한다.","건강·안전"
"- 6. 13(월), 6. 16(목) 스쿨뱅킹 인출일","일정"
"- 7. 21(목) ~ 8. 23(화) 오전 수업으로 진행.","일정"
"수강료 83,760원 (12회) / 교재비 22,0원","비용"
"수강료 83,760원 (12회) / 교재 및 재료비 36,0원~45,0원 (수준별상이)","비용"
"수강료 83,760원 (12회) / 재료비 75,0원~85,0원 (수준별상이)","비용"
"수강료 83,760원 (12회) / 교재 및 재료비 48,0원","비용"
"수강료 83,760원 (12회) / 재료비 57,0원","비용"
"수강료 83,760원 (12회) / 재료비 80,0원","비용"
"수강료 83,760원 (12회) / 재료비 48,0원","비용"
"수강료 83,760원 (12회) / 교재비 24,0원","비용"
"수강료 83,760원 (12회) / 간편한복 장","비용"
"수강료 24회 139,680원","비용"
"교재비 16,000원","비용"
"신청 순서: 학년반 선택 - 학교안내문 확인 - 설문응답 - 응답제출","제출"
"신청기간: 2022년 5월 28일(토) 10:00 ~ 5월 30일(월) 18:00","일정"
"수강료 납부: 2022년 6월 13일(월) ~ 6월 16일(목)","비용"
"일시 및 장소: 2025년 3월 20일(목) 14:30~16:00","일정"
"09:50~10:30 학부모 수업 공개 1, 2학년 및 교과","일정"
"13:40~14:20 3~6학년 학부모 수업공개","일정"
"14:30~15:00 학부모총회 (개회사, 국민의례, 학교운영위원회 소개, 학부모회 임원 선출 결과 보고, 학교장 인사, 법정 필수 연수)","일정"
"15:00~15:40 담임소개 및 학급운영 방침 안내, 학급대표 선출 및 급식 모니터링 선출","일정"
"15:40~16:00 학년학부모회 구성 및 학년대표 선출","일정"
"16:00~ 학부모회 임원 및 학년대표 학교장과 인사","일정"
"학년대표: 학급당 1명","기타"
"급식 모니터링 담당: 학급당 2명","기타"
"학생 계정 만들기 클릭","제출"
"이용약관 및 개인정보수집 동의","제출"
"가입인증키: 90A9-0D70-26F7-4BF2-A9D7","제출"
"휴대폰 인증 (학생 휴대폰 없으면 학부모 휴대폰 가능)","제출"
"학생 필수정보 입력 (학교명, 학년, 반, 번호, 성명, 아이디, 비밀번호)","제출"
"www.microsoft365.com 접속 후 가입된 ID로 로그인","제출"
"작품요약서 양식 작성 필수","제출"
"방과후학교 온라인 수강신청방법 모바일, PC / 종이 신청서는 받지 않음 !!","제출"
"선택 후 응답제출 클릭 5 응답제출결과 수정은 반드시 PC이용!","제출"
"-설문 제출 후에는 아래 설문응답하기 가 ""응답 확인""으로 변경됨 -응답 후 제출결과를 수정하실 때에는 클릭 6 응답수정 클릭해 과목 다시 클릭 (단, 설문응답 기간인 ~5/30(월) 18시까지만) 7 다시 선택하여 응답제출 클릭하면 끝!","제출"
"- 수강을 취소할 경우 : 과목 선택해제 후 ""응답회수"" 클릭 방과후 온라인 신청 시 궁금한 사항은 (선착순 접수 시작일: 5/28, 토, 10시) - 종합방과후 코디실방과후지원실 02)2699-4785(내선829) - 각 강좌문의 는 해당 강사님께 문의해주세요.","기타"
"수강신청 확인 및 정정 학교종이-학년반-학교안내문(방과후 1분기신청)- 응답확인하기에서 확인할 수 있습니다.(신청기간 이전에는 설문참여 안됨) 접수기간 내에는 응답확인하기에서 응답수정이 가능합니다.(단 PC에서만 가능) 강좌를 희망하지 않으실 경우에는 응답회수를 꼭 해주시기 바랍니다.","제출"
"(강좌를 희망하지 않으실 경우에는 대기자의 경우라도 취소를 꼭 해주세요.) 접수기간 종료 후 취소를 희망하실 경우에는 방과후코디실( 02-2699-4785(내선829)로 연락주세요.","기타"
"참관방법1) 해당 수업공개일에 학급별로 자녀 교실로 방문하여 수업 참관2) 수업 참관 후 수업 참관록 작성 제출 나.","제출"
"협조사항1) 사진 및 동영상 촬영은 개인정보 보호를 위하여 금지함.2) 원활한 수업 진행 및 학생들의 수업 집중을 위한 환경 조성다.","기타"
"소속학교 찾기 / 계정 만들기 클릭(학생 선택)","제출"
"이용약관 및 개인정보수집 및 이용 동의 후 가입인증키 확인 및 휴대폰 인증","제출"
"학생 필수정보(학교명, 학년, 반, 번호, 성명, 아이디, 비밀번호) 입력 후 확인","제출"
"작품의 주요 내용3. 탐구(연구) 결과 1쪽(3MB) 이내 작성, 파일명: 요약서(학 명_학 명).hwp( 예시: 요약서(신월초_홍길동))","제출"
"서식 1 농촌유학 참가 신청서 농촌유학 참가 신청서 신청자 성명 성 별 남 여주소 소속 2023학년도 기준 ( )학교 ( )학년 재학 중보호자 성명 신청자와의 관계 대상자의 ( ) 주소 전화번호 형제 자매(농촌유학 신청자) 성명 소속 ( )학교 ( )학년 재학 중성명 소속 ( )학교 ( )학년 재학 중성명 소속 ( )학교 ( )학년 재학 중 농촌유학 경험여부(서울시교육청 농촌유학 기 경험자) 예 아니오 농촌유학 참가기간: 202 .","제출"
"유학희망학교 ( )도 ( )시(군) ( )학교 희망거주유형 홈스테이형 (농가 번호: ) 가족체류형 (농가 번호: ) 유학센터형 (농가 번호: ) 희망 유학학교에서 제공하는 거주유형과 농가 선택 필수 희망 학교 미배정 시 추가 배정 희망 여부 예 아니오 개인정보 수집 이용 동의서서울특별시교육청에서는 ""농촌유학"" 추진을 위하여 귀하의 개인정보를 다음과 같이 수집, 이용 및 관리함을 알려드립니다.1. 수집목적 : 농촌유학 신청 유학학교 배치, 농촌유학 업무 추진 등2. 수집항목 : 본인 및 보호자의 성명, 성별, 주소, 전화번호, 소속(학교명), 학년, 형제관계 등3. 보유기간 - 동의한 날부터 농촌유학 종료 후 2개월까지- 동의한 날부터 농촌유학 신청 취소 후 2개월까지4. 제공기관 - 서울 : 서울특별시교육청, 교육지원청- 전라남도교육청, 전라북도교육청, 전라북도청, 강원특별자치도교육청, 유학학교, 농가 및 유학센터 동의함 동의하지 않음 농촌유학을 위와 같이 신청합니다.신청자 보호자 2023년 월 일 학교장 귀하 서식 2 농촌유학 신청 동기란 및 유의사항 동의서 농촌유학 신청 동기 서울( )학교 ( )학년 이름 ( ) 학생과 충분히 대화하시고 아래에 농촌유학 신청 동기를 함께 작성해 주세요.서울시교육청 농촌유학 참가 유의사항농촌유학 참가를 희망하시는 학부모님께서는 아래 유의사항을 숙지하시고 신청하여 주시기 바랍니다.1. 농촌 유학학교 및 농가 사전 방문은 최종신청 전 필수 절차입니다.","제출"
"6. 유학학교의 교육활동과 농가의 생활양식에 대한 상호존중이 필요합니다.7. 홈스테이형 및 유학센터형의 경우, 장기 통원 치료 또는 약물 복용이 필요한 학생은 그에 상응하는 지원이 불가하므로 참가할 수 없습니다.8. 홈스테이형 및 유학센터형의 경우, 보호자는 자녀와 월 2회 이상 만나야 합니다. 위 유의사항을 숙지하였습니다.신청자 보호자 2022년 월 일 학교장 귀하 서울시교육청 농촌유학 참가 유의사항농촌유학 참가를 희망하시는 학부모님께서는 아래 유의사항을 숙지하시고 신청하여 주시기 바랍니다.1. 농촌 유학학교 및 농가 사전 방문은 최종신청 전 필수 절차입니다.","제출"
"위 유의사항을 숙지하였습니다.","제출"
"서식 3 중입 배정 관련 동의서(초등학교 6학년만 해당) 중입 배정 관련 동의서(2023학년도 6학년) 2024학년도 서울특별시 소재 중학교 입학 일반 배정을 희망하지 않으며, 추후 서울특별시 소재의 중학교 입학을 희망할 경우, 서울 거주지 관할 교육지원청이 요구하는 구비서류를 갖추어 재배정 접수를 거쳐야 함에 동의합니다.","제출"
"또한 재배정 접수를 위해 서울로 전입신고 이후의 지원금은 중단되는 것에 동의합니다.","제출"
"붙임 전환기 학부모교육 11월 과정안내 초등 기본 심화과정 초등 기본 심화과정 초등 특강과정 초등 특강과정 중등 기본 심화과정 중등 기본 심화과정 중등 특강과정 중등 특강과정 다양성이 꽃피는 공존의 혁신미래교육2023. 11월 서울시교육청 전환기 학부모 교육 안내 담당부서 참여협력담당관 02-399-9472 존경하는 학부모님께서울시교육청이 초 중 (예비)신입생 학부모님들을 위해 2023년도 11월 전환기 학부모교육 수강생을 모집합니다.","일정"
"- 대상 : (초등과정) 유, 초1 학부모 (중등과정) 초6 또는 중1 학부모(초등 중등 특강과정) 모든 학년의 학부모님 가능 - 교육내용 : 뒷면 상세 일정 참조 - 교육방법 : 온라인(ZOOM) 실시간 강의- 강의시간 : 오전 10:00~11:30 저녁 20:00~21:30 특강 신청기간 : 2023. 10. 23.(월) 09:00 ~ 10. 27.(금) 18:00 까지 특강 신청방법1. 온라인 URL 접속 신청 : http://ksurv.kr/?d 938472. 연수대상자 안내: 강의 1일 전 문자로 접속 안내3. 특강만 신청 기본과정(월,화)과 심화과정(수,목)은 매주 오전 10시 및 저녁 8시에 개설되므로 신청 없이 수강가능 초등 줌 ID : 840 1317 1884 (비밀번호: 2023) 중등 줌 ID : 875 6023 9129 (비밀번호: 2023) 특강 신청기간 : 2023. 10. 23.(월) 09:00 ~ 10. 27.(금) 18:00 까지 특강 신청방법1. 온라인 URL 접속 신청 : http://ksurv.kr/?d 938472. 연수대상자 안내: 강의 1일 전 문자로 접속 안내3. 특강만 신청 기본과정(월,화)과 심화과정(수,목)은 매주 오전 10시 및 저녁 8시에 개설되므로 신청 없이 수강가능 초등 줌 ID : 840 1317 1884 (비밀번호: 2023) 중등 줌 ID : 875 6023 9129 (비밀번호: 2023) 특강 신청기간 : 2023. 10. 23.(월) 09:00 ~ 10. 27.(금) 18:00 까지 특강 신청방법1. 온라인 URL 접속 신청 : http://ksurv.kr/?d 938472. 연수대상자 안내: 강의 1일 전 문자로 접속 안내3. 특강만 신청 기본과정(월,화)과 심화과정(수,목)은 매주 오전 10시 및 저녁 8시에 개설되므로 신청 없이 수강가능 초등 줌 ID : 840 1317 1884 (비밀번호: 2023) 중등 줌 ID : 875 6023 9129 (비밀번호: 2023) 문의: 서울특별시교육청 참여협력담당관( 02-399-9472)2023. 10. 20.서울특별시교육청 참여협력담당관 특강 신청기간 : 2023. 10. 23.(월) 09:00 ~ 10. 27.(금) 18:00 까지 특강 신청방법1. 온라인 URL 접속 신청 : http://ksurv.kr/?d 938472. 연수대상자 안내: 강의 1일 전 문자로 접속 안내3. 특강만 신청 기본과정(월,화)과 심화과정(수,목)은 매주 오전 10시 및 저녁 8시에 개설되므로 신청 없이 수강가능 초등 줌 ID : 840 1317 1884 (비밀번호: 2023) 중등 줌 ID : 875 6023 9129 (비밀번호: 2023) 구분 내용 요일(시간) 줌 계정(비밀번호) 기본과정1 초등1학년 발달 특징과 부모역할 매주 월 (10:00 또는 20:00) 840 1317 1884 (비밀번호: 2023) 기본과정2 초등1학년 마음준비, 자존감 매주 화 (10:00 또는 20:00) 심화과정1 우리가족 기질과 기질별 양육 코칭 매주 수 (10:00 또는 20:00) 심화과정2 공부정체감과 온라인 학습팁 매주 목 (10:00 또는 20:00) 일시 강사명 특강명 2023-11-01 오전 최수진 감정을 말로 표현해요 2023-11-01 저녁 박혜진 행복한 아이로 키우기 실전편 소통&훈육(2) 2023-11-02 오전 오연주 초등자녀의 미디어 조절을 위한 부모의 역할 2023-11-02 저녁 안혜숙 부모-자녀 컬러특성에 따른 소통 및 교육법 2023-11-03 오전 김지수 존중하는 소통 퍼실리테이션 2023-11-03 저녁 고광숙 화내지 않고, 참지도 않으며 자녀와 소통하는 법 2023-11-06 오전 안정희 훈육 한 스푼!","일정"
"조사보고서 발표 10월 5주","일정"
"알레르기를 유발할 수 있는 식품 19종을 표시하오니 학생 체질에 맞게 먹을 수 있도록 지도하여 주시기 바랍니다","건강·안전"
"참여 방법: 모바일 수요조사 (아래 URL 또는 QR코드를 통해 참여가능)","제출"
"현재 1~5학년 자녀가 2명 이상일 경우 자녀 수 만큼 각각 설문 참여","제출"
"아동의 울음소리, 비명, 신음소리가 계속 되는 경우 신고 필요","기타"
"아동의 상처에 대한 보호자의 설명이 모순되는 경우 신고 필요","기타"
"계절에 맞지 않거나 깨끗하지 않은 옷을 계속 입고 다니는 경우 신고 필요","기타"
"나이에 맞지 않는 성적 행동을 보이는 경우 신고 필요","기타"
"주변이나 이웃의 아동 학대가 의심되는 경우 신고 필요","기타"
"신고 시 신고자의 이름, 연락처 제공","건강·안전"
"신고 시 아동의 이름, 성별, 나이, 주소 제공","건강·안전"
"신고 시 학대행위자로 의심되는 사람의 이름, 성별, 나이, 주소 제공","건강·안전"
"신고 시 아동이 위험에 처해있거나 학대를 받고 있다고 믿는 이유 제공","건강·안전"
"아동학대 신고: 전화 국번 없이 112","건강·안전"
"아동학대 신고: 방문 관할 지역아동보호전문기관","건강·안전"
"아동학대 신고: 스마트폰 '목격자를 찾습니다' 앱 내의 아동학대 신고 코너","건강·안전"
"평가 방법: 학교교육활동평가와 통합하여 11월 중에 평가 주체별로 학교종이앱 온라인 설문 조사 실시","제출"
"추석 연휴 방역수칙 및 고향 방문시 행동수칙을 준수하여 건강하고 안전한 추석 명절을 보내시기 바랍니다.","건강·안전"
"추석 연휴 특별방역대책 대국민 핵심 메세지: 백신 접종완료 또는 진단검사 후, 최소인원(소규모)으로 고향 방문하기","건강·안전"
"부모님이 백신 미 접종자인 경우 방문자제 또는 미루기","건강·안전"
"귀가, 집에 머물며 증상 관찰 및 적극적 진단검사 받기","건강·안전"
"출발 전 예방접종, 복귀 (코로나19) 진단검사","건강·안전"
"(고향방문) 백신접종 완료 또는 진단검사 후 최소인원으로 고향방문 권고","건강·안전"
"(온라인 차례) 비대면 안부 전하기, 온라인 차례 권고, 방역수칙 준수하여 소규모 차례 지내기","건강·안전"
"고향 방문 시, 핵심 행동수칙 준수하기","건강·안전"
"(출발 전) 예방접종 및 진단검사 실시, 이상증상 발견 시 방문 취소 연기, 다중이용시설 출입 자제","건강·안전"
"(이동 중) 가급적 자가용 이용, 휴게소 체류시간 최소화, 어르신 등 만날 때 마스크 착용 등","건강·안전"
"(귀가 후) 다중이용시설 자제, 집에 머무르며 건강상태 관찰, 일상생활 복귀 전 적극 PCR 검사받기","건강·안전"
"코로나19 증상이 있을 경우, 반드시 선별진료소 방문하여 진료 검사 받기","건강·안전"
"추석 연휴가 끝나고 23일(목)부터 등교 전 반드시 학생 건강상태 자가진단 실시","건강·안전"
"코로나19 임상증상이 나타난 경우 (한 가지라도 있으면 등교중지 및 선별진료소 방문 검사 실시)","건강·안전"
"코로나19 진단검사를 받은 경우 (가족이나 동거인 포함)","건강·안전"
"확진자와 접촉하여 자가격리 통지를 받은 경우 (가족이나 동거인 포함)","건강·안전"
"언제 어디서나 마스크 착용, 손 씻기, 사회적 거리두기, 다중이용시설 자제 등 방역수칙 준수 철저","건강·안전"
"기간: 2021. 9. 27. ~ 2021. 12. 31. 중","일정"
"시간: 방과 후 시간(요일 및 시간은 담임 선생님과 협의하여 결정)","일정"
"동의서 회신: 학교종이앱을 통해 9월 29일(수)까지 회신","제출"
"일시: 2021. 10. 7.(목) 10:00~12:00","일정"
"신청 기간: 2021. 9. 27.(월) ~ 9. 30.(목) 17:00","일정"
"신청 방법: 네이버 폼 설문지(아래 URL 클릭 후 신청서 제출)","제출"
"특강 참여 후 만족도 조사 참여하기","제출"
"안전한 식생활을 위해 학교 밖 불량식품 매식을 삼가 주시기 바랍니다.","건강·안전"
"학교 식중독 사고 예방관리를 위하여 학교장 허락 없이 학부모님의 임의 간식 제공을 금지합니다.","건강·안전"
"월화수목금 한국인에게 알레르기를 유발할 수 있는 식품 19종을 표시하오니 학생 체질에 맞게 먹을 수 있도록 지도하여 주시기 바랍니다.","건강·안전"
"동 조사는 사전 수요 파악을 위한 조사이며 실제 돌봄서비스 신청과는 별개입니다.아래 URL 또는 QR코드에 접속하시어 수요조사에 적극 참여해 주시기 바랍니다.","제출"
"신청기간 1차: 9월 29일(수) 오후 12시 30분~해당 프로그램 시작 전까지(10월 1일~8일 프로그램 신청)","일정"
"신청기간 2차: 10월 5일(화) 오후 12시 30분~해당 프로그램 시작 전까지(10월 12일~16일 프로그램 신청)","일정"
"신청기간 3차: 10월 12일(화) 오후 12시 30분~해당 프로그램 시작 전까지(10월 18일~23일 프로그램 신청)","일정"
"신청기간 4차: 10월 19일(화) 오후 12시 30분~해당 프로그램 시작 전까지(10월 25일~30일 프로그램 신청)","일정"
"교육신청: 네이버 카페를 통해 사전 신청 - 마음방역(https://cafe.naver.com/sensec1)","제출"
"마음방역 카페 접속 우리집 가족놀이 신청서 카테고리 매주 신청 게시글 확인","제출"
"댓글로 날짜, 시간, 프로그램, 인원수 작성하여 신청 완료","제출"
"신청 공지 게시글에 안내된 프로그램별 줌 코드번호와 비밀번호로 해당 프로그램 시작 5분 전 참여","일정"
"카페 게시글을 통해 상세 참여방법 및 일정 반드시 숙지","기타"
"활동에 관한 세부 일정은 네이버 카페를 통해 확인 후 신청 가능","일정"
"모든 활동은 반드시 보호자 참여 활동으로 진행","기타"
"STEP 1: 구글 플레이스토어 및 아이폰 앱스토어에서 ""T안심알리미"" 검색 후 설치","기타"
"APP 설치 및 서비스 이용약관 동의, 전화번호 중복 검사","제출"
"휴대폰번호 인증하기","제출"
"STEP 3: 서비스 이용 및 부보호자 등록 및 단말기 가방에 달기","기타"
"단말기 가방에 달기","기타"
"신청방법: 팩스 0504-409-2069","제출"
"증명서에 학교명, 학년, 반, 학생명 기재","제출"
"학생의 등 하교를 위하여 보호구역에서 일시 정차하더라도 단속 시 과태료가 부과됩니다","건강·안전"
"어린이보호구역 내에 있는 모든 도로에서 주차나 정차가 금지됩니다","건강·안전"
"도로 변에 황색 실선이 없더라도 어린이보호구역이라면 주정차는 불법이 됩니다","건강·안전"
"1단계: GED에서 사회통합 전형으로 지원(관련서류 제출)","제출"
"관련서류 제출 기한: 2021.11.29.(월)까지","일정"
"지원신청서(서식1)","제출"
"학교장 확인서(서식2)","제출"
"사회통합대상자 확인(증빙) 서류","제출"
"안전한 하교를 위해 지켜야 할 사항 1. 담임 선생님을 통해 자녀의 하교시간을 반드시 확인하시기 바랍니다.","기타"
"2. 하교 시 교통안전을 위해 보행로나 횡단보도를 이용하고, 신호등이 있는 건널목에서도 차가 멈추는 것을 확인하고 건널 수 있도록 합니다.","건강·안전"
"3. 하교 시 부모님과 약속되지 않은 다른 곳에 들르지 않고 곧장 집으로 갈 수 있도록 합니다.","건강·안전"
"4. 잘 모르는 사람이 다가와 동행을 요구하거나 신체를 만지면 있는 곳에서 가장 가까운 곳의 어른에게 도움을 요청하도록 합니다.","건강·안전"
"5. 임시교문 출입로를 드나들 때 계단에서 넘어지지 않도록 유의합니다.","건강·안전"
"부득이하게 참여하지 못하는 날은 학부모님께서 교실로 미리 연락을 주시는 경우에만 불참으로 인정합니다.","기타"
"2. 공부에 방해가 되거나 위험한 물건은 가져오지 않습니다.","건강·안전"
"3. 수업 중 휴대폰을 사용하지 않으며, 휴대폰 관리를 철저히 합니다.(분실 시 본인 책임)","건강·안전"
"4. 도움이 필요한 상황이 생기면 반드시 담임 선생님께 말씀드립니다.","기타"
"5. 자신의 몸을 소중히 여기고, 친구들과 불필요한 신체적 접촉을 하지 않습니다.","건강·안전"
"6. 코로나19 예방 수칙을 잘 지킵니다.","건강·안전"
"이에 따라 10월 5일(화)부터 10월 15일(금)까지 2주간 적용하는 본교 등교수업 운영 일정을 안내드리오니 아래 내용을 확인하여 주시기 바랍니다.","일정"
"등교수업일에는 등교 전 건강상태 확인 후 자가진단에 참여합니다.","건강·안전"
"원격수업일에는 자가진단에 참여하지 않으나, 특이사항 발생(진단검사 실시, 본인 및 동거가족 자가격리 확진 등) 시 학교로 꼭 연락합니다.","건강·안전"
"이에 접종 일정 및 예약 방법 등 관련 사항을 아래와 같이 안내드리니, 유의사항과 첨부된 자료를 잘 숙지하신 후 접종을 희망하는 경우 개별적으로 예약하여 접종에 참여해주시기 바랍니다.","건강·안전"
"2. 예약기간 및 접종기간: '04.1.1. ~ '05.12.31.생(16~17세) 예약 기간 10.5.(화) 20시 ~ 10.29.(금) 18시 (4주), 접종 기간 10.18.(월) ~ 11.13.(토) (4주)","일정"
"'06.1.1. ~ '09.12.31.생(12~15세) 예약 기간 10.18.(월) 20시 ~ 11.12.(금) 18시 (4주), 접종 기간 11.1.(월) ~ 11.27.(토) (4주)","일정"
"4. 접종절차 : 예약 기간 중 예방접종 사전예약 누리집(https://ncvr.kdca.go.kr) 접속 또는 콜센터 (1339, 지자체) 전화 예약(대리예약 가능) 후 개별적으로 접종기관 방문하여 접종","기타"
"접종 시에는 보호자(법정대리인)가 동행하며, 불가피하게 보호자(법정대리인)가 동행하지 못하는 경우 보호자(법정대리인)가 작성한 접종 시행 동의서와 예진표를 접종대상자(학생)가 의료기관에 제출하여야 함","제출"
"접종 시 신분증을 개인별로 지참","준비물"
"5. 유의사항- 보호자는 예방접종 안내문 등에 포함된 이상반응, 예방접종 전 후 주의사항 등을 사전 숙지","건강·안전"
"접종 후 3일 간 건강상태를 유의 깊게 관찰","건강·안전"
"일주일 간은 고강도의 운동 및 활동을 자제","건강·안전"
"신청기간: 2021. 10. 5.(화) ~ 10. 11.(월)까지","일정"
"회의 참여 신청 URL: http://naver.me/FMAEnrsz","제출"
"내일부터(10.7.) 등하교는 정문으로 하겠습니다.","일정"
"한 가지 부탁드리고 싶은 것은 등교 시 자가용 이용을 자제해 주시고, 학생들이 걸어서 다닐 수 있도록 학부모님께서 먼저 나서 주셨으면 합니다.","기타"
"세부내용 및 시간 선택 안내는 반별로 알려드릴 예정이오니 학부모님께서는 반별 안내에 따라 상담에 참여해 주시기 바랍니다.","일정"
"1. 학교종이앱 설문을 통해 원하는 시간 선택 (선착순으로 선택)","제출"
"5. 상담 일시 및 소요 시간 : 선택한 일시에 10분 내외 상담 (시간을 꼭 지켜주세요.)","일정"
"안내 일시에 상담이 어려우신 경우에는 수시상담을 실시하오니 담임선생님과 연락하시어 상담일을 정하신 후에 상담을 실시하시면 됩니다.","기타"
"준비 가능한 학생들은 개인수저를 준비하여 주시기 바랍니다.","준비물"
"안전한 식생활을 위해 학교 밖 불량식품 매식을 삼가해 주시기 바랍니다.","건강·안전"
"따라서 담임선생님께 주민등록등본 제출 시 2021. 10. 22.(금)까지 ""위장 전입(가거주)""되어 있는 학부모님께서는 반드시 자진하여 실 거주지로 자녀의 주소지를 환원하여 주시길 당부드립니다.","제출"
"2쪽의 안내를 읽어보시고 해당되는 서류를 10월 22일(금)까지 담임선생님께 제출하시기 바랍니다.","제출"
"3-4쪽의 개인정보 수집 이용 제공에 동의하셔야 학생의 중입 배정 절차를 진행할 수 있습니다.","제출"
"제출기간: 2021.10.14.(목)~10.22.(금)","일정"
"수업공개 기간(시간) : 2021. 10. 20.(수) ~ 10. 21.(목) (5교시)","일정"
"자녀가 교실에 남아서 공개수업에 참여하기를 희망하는 경우 담임 선생님께 별도로 연락하시기 바랍니다.","기타"
"원격수업 참관 후 수업 참관록을 학교종이앱으로 회신(수업공개일에 발송, 희망자 회신)","제출"
"화면에 학부모님의 모습이 보이거나 목소리가 들리지 않도록 하시어 원활한 수업 진행 및 학생들의 수업 집중을 위한 환경 조성에 협조해주시기 바랍니다.","건강·안전"
"학생 및 교사의 초상권 보호와 학습 자료의 저작권 보호를 위하여 화면 녹화 캡쳐 촬영 및 SNS 업로드 등을 금지합니다.","건강·안전"
"자료를 참고하여 학부모 만족도조사에 적극적으로 참여해 주시기 바랍니다.","제출"
"참여 기간: 11월 1일(월) ~ 11월 13일(토)","일정"
"온라인 ""학생만족도(의견)조사"" 설문에 참여하면 됩니다.(www.eduro.go.kr 또는 학교홈페이지 교원능력개발평가 만족도(의견)조사 링크 클릭, PC 및 휴대폰 모두 활용 가능)","제출"
"서비스 신청 안내 아래 순서대로 설치하고 신청 하세요.","기타"
"학교 알림장 수신을 위해 반드시 APP 설치 바람","기타"
"아래 내용을 참고하시어 서비스를 신청하시고, 댁으로 개별 발송된 단말기는 학생 가방에 걸거나 넣어 주십시오.","기타"
"2021년도 2학기 특별 가입 혜택 제공 일반형 가입 - 서비스 이용 요금 : 33,000원 (1년 이용료 33,000원 1년마다 연장 신청, VAT 포함)","비용"
"2021년도 2학기 특별 가입 혜택 - 서비스 이용 요금 : 44,000원 (단말기 배송비 2,750원 별도 / VAT 포함)","비용"
"특별혜택 신청 기간 - 10월 18일(월) ~ 11월 12일(금)까지 신청 가능","일정"
"신청할 상품 선택 신청서 작성하기 요금 결제하기(완료) 신청 후 결제가 완료되면 단말기는 택배(집)로 배달됩니다.","제출"
"단말기 수령 시 사용 설명서 꼭 읽어보시고, 가방에 달아 주세요.","기타"
"학부모 휴대번호 기재 후 전송)- 증빙서류가 정상 접수되면, 접수 문자 발송 후 단말기 택배 발송 (착불 : 2,750원)","기타"
"귀댁의 자녀가 영재 특성을 가지고 있다고 판단되어 2022학년도(내년) 영재교육을 희망할 경우 아래 안내문을 참고하시어 학교종이 앱으로 신청해 주시고, 해당기간에 GED(영재교육 종합데이터 베이스)온라인에 접속하시어 개별 지원하시기 바랍니다.","제출"
"지원서 제출 기간: 11.15(월)~11.19.(금)","일정"
"전형료 납부 기간: 11.15(월)~11.19.(금)","일정"
"수험표 출력 기간: 11.22.(월)","일정"
"창의적문제해결력 평가 및 면접 평가: 12.11.(토)","일정"
"담임교사 추천 기간: 11.15(월)~11.22.(월)","일정"
"학교추천위원회 추천 기간: 11.23.(화)~11.25.(목)","일정"
"기간 준수 필수 사항: 기간이 지나거나 전형료가 미납되는 경우 지원 및 추천이 불가합니다.","기타"
"11월 중 희망하는 학생 대상 GED 홈페이지 활용 교육이 예정되어 있습니다.","일정"
"10월 29일까지 희망자만 학교종이로 신청하시기 바랍니다.","제출"
"영재교육기관, 희망 선발 분야, 사회통합대상자 여부를 명시해주시기 바랍니다.","제출"
"학년, 반, 번, 학생 성명과 보호자 성명 및 연락처(필수)를 기재해주시기 바랍니다.","제출"
"개인정보 수집 이용 동의: 예 또는 아니요로 선택하시기 바랍니다.","제출"
"선발전형료 40,000원 및 교육비 일부는 수익자 부담입니다.","비용"
"사회통합전형 1단계: GED에서 사회통합 전형으로 지원(관련서류 제출)","제출"
"사회통합전형 4단계: 관련서류 제출(2021.11.29.(월)까지)","제출"
"신화중학교 휴교 및 신입생 미배정(안) 행정예고가 있습니다.","기타"
"인터넷상에서는 이름, 나이, 주소, 전화번호, 학교이름, 비밀번호 등 개인 신상정보를 부모의 허락 없이 노출시키면 안 된다.","건강·안전"
"부모의 허락 없이 사이버 공간에서 만나는 사람들과 직접 만나면 안 된다.","건강·안전"
"부모의 허락 없이 함부로 대화방에 들어가면 안 된다.","건강·안전"
"인터넷을 통해 만나는 사람들에게 자신의 계획이나 행선지, 현재의 소재지 등을 알려주면 안 된다.","건강·안전"
"생소한 사람과 전자우편을 주고받으면 안 된다.","건강·안전"
"이런 메시지를 받게 되면 반드시 부모에게 알려야 한다.","건강·안전"
"불건전한 내용의 사이트나 그림을 보면 부모에게 알려야 한다.","건강·안전"
"단, 대학부설 영재교육원은 교육지원청과 중복지원 가능하나, 대학부설영재원 합격 시 교육지원청 영재교육원 지원은 취소하여야 합니다.","제출"
"중복지원, 중복합격 및 중복등록 등의 규정을 위반하는 경우 합격이 취소됨2. 2022학년도 초6 수학, 과학과정 분야의 경우 연계과정으로 현재 영재교육원에 재학 중인 영재교육수료예정자만 지원(2021학년도 수학 5학년, 과학 5학년 수료예정자) 가능합니다.","제출"
"3. GED에서 영재교육기관 선택을 포함한 지원 여부는 학생의 책임이므로 지원 오류(지원기간 초과, 영재교육기관 오선택, 지원자격 오류 등)가 없도록 유의바랍니다.","제출"
"4. 사회 통합대상자 전형 안내: 모든 영재교육기관은 모집정원의 20%이내에서 사회통합전형으로 우선 선발하므로 해당 희망자는 적극 지원해주시기 바랍니다.","제출"
"개인정보 수집 이용 동의 예 아니요 동의를 거부할 수 있으며, 동의 거부 시 영재교육대상자 선발에 제한이 됩니다.","제출"
"이에 본교에서는 10월 25일부터 10월 29일까지 ""언어문화개선 및 언어폭력예방 교육주간""을 운영하여 존중과 배려의 언어문화를 조성하고자 합니다.","일정"
"신청기간: 2021년 10월 ~ 2021년 12월","일정"
"급식지원 방식은 아래와 같으며, ""아동급식 신청(추천)서""에 희망하는 급식지원방법을 표시하여 주시기 바랍니다.","제출"
"신청 시 필요 서류: 아동급식 신청서 서식 1호, 지원 대상자 자격을 확인할 수 있는 서류","제출"
"불필요한 앱을 정리하고 보호자용 앱은 잠금(암호)기능을 설정한다.","기타"
"자녀 사용관리 프로그램을 활용한다 (통신사별 무료 유해정보 차단 서비스 이용, 타이머 기능 등)","기타"
"건강을 위해 바른 사용 자세를 습관화해준다.","기타"
"스마트폰 사용 자세를 바르게 하고, 사용 후 스트레칭 하는 습관을 만들어준다.","기타"
"사용규칙을 구체적으로 정해준다.","기타"
"사용 시간, 사용 장소, 사용 용도 등을 아이와 상의하여 구체적으로 정하고, 사용 규칙을 지키면 반드시 충분하게 칭찬해준다.","기타"
"신청기간: 2021. 10. 26.(화) ~ 10. 29.(금)","일정"
"신청방법: 링크 접속 https://forms.gle/E4L8uYKYz5rRDHWh6 또는 QR코드 스캔하여 직접 신청","제출"
"상담 설계: 시간, 장소, 자녀상담 여부 등 개별 협의","일정"
"상담 진행: 11. 1.(월) ~12. 31.(금) 10회기 내외 (일정 변경될 수 있음)","일정"
"만족도 조사: 상담 종결 후 전송된 링크로 개별 참여","제출"
"신청기간: 1차 : 10월 27일(수) 오후 12시 30분~해당 프로그램 시작 전까지 (11월 1일~6일 프로그램 신청)","일정"
"신청기간: 2차 : 11월 2일(화) 오후 12시 30분~해당 프로그램 시작 전까지 (11월 8일~12일 프로그램 신청)","일정"
"신청기간: 3차 : 11월 9일(화) 오후 12시 30분~해당 프로그램 시작 전까지 (11월 15일~20일 프로그램 신청)","일정"
"신청기간: 4차 : 11월 16일(화) 오후 12시 30분~해당 프로그램 시작 전까지 (11월 22일~30일 프로그램 신청)","일정"
"교육신청: 마음방역(https://cafe.naver.com/sensec1) 카페를 통해 사전 신청","제출"
"우리집 가족놀이 신청서 카테고리에서 매주 신청 게시글 확인","제출"
"교육 재료는 가정에서 준비","준비물"
"신청기간: 2021. 11. 8.(월) ~ 2021. 11. 12.(금)","일정"
"신청기간: 2021. 11. 12.(금) 10:00 ~ 11. 16.(화) 13:00","일정"
"신청기간: 2021. 11. 11. ~ 2021. 11. 15. 11:00까지","일정"
"연령 등급 기준에 맞지 않는 미디어 시청 금지 및 폭력적 영상물 제한","건강·안전"
"휴대전화번호 범죄 이용 주의 및 사이버폭력 예방교육","건강·안전"
"다중 이용시설 방문 시 방역지침 준수","건강·안전"
"다음의 문항을 읽어보시고 응답(해당항목에 O표 또는 표) 하신 후 11월 3일까지 회신하여 주시면 감사하겠습니다.2021년 11월 1일 서울신월초등학교장 연번 점검항목 선택지 매우그렇다 그렇다 보통이다 그렇지않다 매우그렇지않다 1 귀하의 자녀가 참여하는 돌봄교실에 만족하십니까?","제출"
"주의 꼭 지원서를 출력해두세요.","준비물"
"2장 출력해서 1장은 추천해주실 선생님께 제출하시고, 1장은 보관하세요.","제출"
"추천마감일이 다가오는데 추천인 없음 또는 추천서 작성 중으로 나오면 추천교사분께 다시 추천을 부탁드려보세요.","기타"
"수험번호가 없으면 무효이므로 꼭 수험번호가 나온 후 출력하세요.","준비물"
"지원확인/수정/최소에서 사진을 클릭하신 후 등록하세요.","제출"
"GED에 처음 온 학생은 회원가입","제출"
"아이디가 이미 있는 학생은 꼭 기존 아이디를 사용","기타"
"지원서 작성 클릭","제출"
"사진과 기본정보를 입력하고 저장 클릭","제출"
"모집과정을 찾아서 지원하기 클릭","제출"
"지원서를 꼼꼼히 작성하고 저장 및 지원 클릭","제출"
"지원서를 출력해서 선생님께 제출","제출"
"GED에 처음 오신 분은 회원가입을 합니다.","제출"
"선발에 궁금한 점은 문의번호로 문의하세요.","기타"
"지원자격이 맞다면 해당 영재교육기관으로 문의해 주세요.","기타"
"지원하실 기관(또는 학교)에 따로 문의해보세요.","기타"
"검사지작성을 클릭해서 모두 작성합니다.","제출"
"단, 반드시 선생님의 추천 전에 검사지를 모두 작성하세요.","제출"
"정보제공에 동의하고 저장 및 지원을 클릭합니다.","제출"
"지원서를 출력해서 추천해주실 선생님께 제출합니다.","제출"
"추천교사, 학교마다 다르기 때문에 추천교사 혹은 학교 영재담당 선생님께 직접 문의하시기 바랍니다.","기타"
"자세한 문의는 지원하시는 해당 기관에 직접 문의하시기 바랍니다.","기타"
"특히 작성하지 않은 검사지는 반드시 작성하세요.","제출"
"반드시 추천교사가 추천하시기 전에 검사지를 작성하세요!","제출"
"지원한 영재교육기관에 전화하셔서 지원서 삭제를 부탁하세요.","기타"
"지원확인/수정/취소에서 사진을 클릭하신 후 등록하세요.","제출"
"합격자 발표일이 지났는데 심사중 또는 발표대기중 이라고 뜹니다.영재교육기관에서 합격자 발표 처리를 진행하지 않은 것입니다.지원한 영재교육기관으로 문의해보시기 바랍니다.","기타"
"강 사 양재진 교 육 명 2021년 전문강사 초빙 학부모교육전문가에게 듣는 온라인 실시간 학부모 교육 운영일시 2021. 11. 19.(금) 10:00 ~ 12:00 운영방법 서울특별시교육청 유튜브 채널 생중계(교육 1일 전 신청자에 링크 전송 예정) 교육주제 스트레스 안고 가도 되지 않을까?","일정"
"2021학년도 4분기 방과후학교를 준비하고자 수강신청을 안내해 드리오니, 귀댁의 자녀에게 알맞은 강좌를 신중하게 선택하여 신청해 주시기 바랍니다.","제출"
"수강 신청은 학교종이앱을 통해 선착순으로 이루어집니다.","제출"
"신청 기간: 2021년 11월 13일(토) 오전 10:00 ~ 11월 16일(화) 22:00","일정"
"수강료와 교재비 및 재료비는 스쿨뱅킹(신용카드 납부)으로 3개월분을 징수합니다.","비용"
"환불사유 발생 시점: 방과후코디실로 수강취소 신청서 제출","제출"
"격리가 필요한 법정감염병 감염 시, 특히 코로나19 임상증상(진료확인서) 또는 코로나 검사 및 자가 격리(증빙서류)인 경우 확인 서류를 구비하여 환불 요청해야 함","건강·안전"
"해당 분기 수강기간 내에 환불 요청해야 함","비용"
"수업시작 & 1주(11/22~11/26): 납부한 수강료의 전액 환불","비용"
"수업시작 2주 ~ 4주(11/29~12/17): 수강료 2개월(8주치) 환불","비용"
"수업시작 5주 ~ 8주(12/20~1/14): 수강료 1개월(4주치) 환불","비용"
"수업시작 8주차 이후(1/17~): 환불하지 않음","비용"
"수강료 납부기간(12월 9일~14일)에 교재 재료비 미납 시 수강취소 처리됨","비용"
"드론항공과학: 1-2학년, 금 A반 12:30~14:10(학기중) / 09:00~10:40(방학중), 본관2층 해누리터, 12차시, 수강료 89,400원, 재료비 75,000원","일정"
"창의과학실험: 1-2학년(정원 15명), 목 A반 13:30~15:10(학기중) / 09:00~10:40(방학중), 본관2층 해누리터, 12차시, 수강료 89,400원, 교재비 48,000원","일정"
"로봇공학: 1-2학년, 목 A반 13:30~15:10(학기중) / 09:00~10:40(방학중), 본관4층 교과2실, 12차시, 수강료 89,400원, 재료비 75,000~85,000원","일정"
"- 방과후학교 취소 및 환불요청은 반드시 담당 강사님 혹은 방과후코디실로 접수 후 처리됩니다.- 수강료 납부 기간에 수강료 미납 시 수강취소 처리가 되므로 이 점 확인하시기 바랍니다.","기타"
"3. 수강료 납부 : 2021년 12월 9일(목) ~ 12월 14일(화)까지 스쿨뱅킹 자동이체 또는 신용카드 납부 납부기한 내 스쿨뱅킹 통장으로 입금하시면 자동 납부 처리되오니 통장 잔액 꼭 확인 부탁드립니다. 신용카드 납부 관련 사항은 행정실로 문의하시기 바랍니다.","비용"
"수강료: 81,950원","비용"
"교재비: 5,000원","비용"
"재료비: 75,000원","비용"
"재료비: 27,500원","비용"
"수강료: 89,400원","비용"
"교재비: 6,000~7,000원","비용"
"재료비: 34,000~50,000원","비용"
"교재비: 55,000원","비용"
"재료비: 55,000원","비용"
"재료비: 48,000원","비용"
"수강료: 67,850원","비용"
"교재비: 10,000원","비용"
"수강료: 101,770원","비용"
"방학중: 수 09:00~10:40","일정"
"수강료: 64,900원","비용"
"교재비: 16,000원","비용"
"공성원010-3745-1061 1-6학년 B:15:20~17:00 B:10:50~12:30 프라모델 1-4학년 화 A:13:30~15:10 A: 9:00~10:40 본관2층해누리터 (11차시)(수강료) 81,950(재료비) 75,0 -생각하고 눈에 보이는 모든 것을 현실 모형으로 만드는 창의 활동에 인한 전두엽 자극!","비용"
"윤지숙010-4205-3925 3-6학년 B:15:20~17:00 B:10:50~12:30 IQ바둑&체스 1-6학년 수 A:13:30~15:10 A: 9:00~10:40 본관4층교과1실 (11차시)(수강료) 81,950(교재비) 20,0 -바둑과 체스를 통해 재미와 즐거움을 느끼고 바른 인성을 기르는 것을 목표로 합니다.","비용"
"신청방법: 학교종이앱을 통해 선착순 접수 (기존 수강생 우선, 빈자리 추가 신청)","제출"
"신청기간: 2021.11.13.(토) 10시 ~ 2021.11.16.(화) 22시까지","일정"
"수강료 납부방법: 신용카드 납부 또는 스쿨뱅킹 통장입금","비용"
"출금일: 2021.12.9.(목)~2021.12.14.(화) 기일 내에 출금될 수 있도록 계좌 잔액 확인 부탁드립니다.","일정"
"신청 기간: 11월 13일(토) 10:00 ~ 11월 16일(화) 22:00","일정"
"학교 종이앱을 통해 선착순 마감 (단, 기존수강생 우선, 선착순 자리배치)","제출"
"교육비 납부방법: 신용카드납부, 스쿨뱅킹 자동이체","비용"
"수강료 납부: 2021년 12월 9일(목) ~ 12월 14일(화)","비용"
"A반 학기중 월, 금 15:00~16:15","일정"
"A반 방학중 월, 금 12:45~14:00","일정"
"A반 수강료 101,770원","비용"
"A반 교재비 16,000원","비용"
"B반 수강료 101,770원","비용"
"B반 교재비 16,000원","비용"
"신청 기간 11월 13일(토) 10:00 ~ 11월 16일(화) 22:00","일정"
"학교 종이앱을 통해 선착순 마감","제출"
"컴꾸러기 A/B 67,850원","비용"
"코딩캠프 64,900원","비용"
"OA마스터 자격 A/B 101,770원","비용"
"수강료 납부 2021년 12월 9일(목) ~ 12월 14일(화)","비용"
"문의 전화 류수진 선생님 010-9832-8230","기타"
"지원서 작성 시 크롬 브라우저 이용","기타"
"지원서 제출 및 전형료 납부 11월 15일(월)~11월 19일(금) 18:00까지","제출"
"전형료 납부 11월 18일(목) 18:00까지","비용"
"'학생' 아이디로 로그인하여 지원서 작성","기타"
"기본 방역수칙 준수 - 마스크 착용","건강·안전"
"보건용 마스크를 올바른 방법으로 착용(학교 등교 시)","건강·안전"
"의심증상이 조금이라도 있는 경우 신속하게 검사 받기","건강·안전"
"창문과 출입문을 동시에 개방하고 수시 환기","건강·안전"
"1, 3, 4, 5학년: 중앙현관으로 들어가서 2층 발열체크기 이용","일정"
"1, 4학년: 2층에서 발열체크 후 학습준비물실 쪽 복도 연결통로 서관 각 교실로 이동","일정"
"3, 5학년: 2층에서 발열체크 후 3층, 4층 각 교실로 이동","일정"
"2, 6학년: 도서실 쪽 현관 이용","일정"
"2, 6학년: 도서실 쪽 현관에서 발열체크 후 각 교실로 이동","일정"
"이야기 한국사 수강료 81,950원","비용"
"이야기 한국사 교재비 12,000원","비용"
"이야기 한국사 재료비 24,000원","비용"
"수강 신청 기간 2021년 11월 17일(수) ~ 11월 19일(금) 정오 12:00","제출"
"수강료, 교재비, 재료비 스쿨뱅킹 신용카드 납부","비용"
"3개월분을 일괄 징수","비용"
"그 이외 학생들은 정상적인 일상생활이 가능합니다.11.7일 코로나 확진자 발생 관련 역학조사 및 그에 따른 상황이 수습됨에 따라 11. 15.(월)부터 기존 학년별 등교수업 및 원격수업은 기존대로 정상 운영됩니다.코로나19 관련 유의사항 안내 드립니다.- (기저질환 포함) 호흡기 증상이 있는 경우 반드시 등교중지합니다.","건강·안전"
"- 임상증상이 있으나 등교를 희망하는 경우에는 아래 2가지 서류 모두 제출합니다.","제출"
"학생들의 안전이 최우선으로 확보된 상태에서 학교 공사가 진행될 수 있도록 담임선생님께서 안전한 교내 이동 동선을 지도할 예정이니 학부모님께서는 발열체크 장소를 학생들에게 사전 안내 부탁드립니다.","기타"
"격리가 필요한 법정감염병에 감염된 경우, 특히 코로나19 임상증상(진료확인서)이나 본인 및 동거가족 코로나 검사 및 자가 격리(코로나 관련 증빙서류)인 경우는 확인 서류를 직접 구비하여 해당 결석일에 대한 수강료를 환불 요청해야 함(환불 요청은 해당 분기 수강기간 내에 한함)","건강·안전"
"수강료 납부기간(12월9일~14일)에 교재 재료비 미납 시 수강취소 처리가 되므로 이 점 확인하시기 바랍니다.","비용"
"신청 기간: 2021. 11. 17.(수) ~ 11. 19.(금) 정오 12:00","제출"
"기본방역수칙 준수 강조사항 11) 등교 시 방역 마스크(KF80 이상) 착용을 권장합니다.","건강·안전"
"4) 학생 또는 가족이 확진자와 동선이 겹쳐 코로나19 진단검사를 받아야 하는 경우 자녀는 등교하지 않거나, 즉시 귀가하도록 합니다.5) 가정에서도 자연환기를 하루 3회 이상 부탁드립니다.","건강·안전"
"겨울철 1회 환기 시 5분 이상 실시","건강·안전"
"PC방, 노래방 등 밀폐 밀집된 공간이나 비말발생이 쉬운 다중이용시설 이용자제","건강·안전"
"코로나19 임상증상 중 하나라도 있으면 등교하지 않고 즉시 선별진료소 문의 및 방문","건강·안전"
"가정에서 휴식을 취하며 경과 관찰 후 증상이 없어지면 다음날 등교","건강·안전"
"코로나19 증상 관련 약 복용 중에는 등교할 수 없음","건강·안전"
"선별진료소 검사 음성 결과와 증상에 대한 의사소견(진단)서 2가지 모두 제출 시 등교 가능","제출"
"임상증상이 반복되거나 다른 증상이 추가 발현 시 등교중지 및 검사 필요","건강·안전"
"진단검사 결과가 나오기 전까지 등교중지","건강·안전"
"동거인 자가격리자가 있으나 등교를 희망하는 경우 원칙적으로 해제시까지 등교중지","건강·안전"
"매 등교 희망일로부터 2일 이내 학생의 진단검사 음성 결과서 제출 시 등교 가능","제출"
"격리 통지를 받은 즉시 자가격리된 동거인과 접촉 없이 별도시설에서 격리하는 경우 등교 가능","건강·안전"
"본인 자가격리 종료 후에도 코로나19 관련 증상이 있으면 등교중지","건강·안전"
"가족단위 요리 체험 실시 후 체험 후기 제출","제출"
"주말을 이용하여 가족 요리 체험 실시","일정"
"체험후기 제출: 12월 6일(월) ~ 12월 8일(수)","일정"
"신청 기간: 11월 24일(수) 09:00 ~ 11월 26일(금) 18:00","일정"
"신청기간 준수 및 1인 1회만 신청 가능","기타"
"학교보건진흥원 홈페이지(https://bogun.sen.go.kr)에서 신청","기타"
"1. 학교보건진흥원 홈페이지(https://bogun.sen.go.kr) 교육연수 영양체험프로그램 신청","제출"
"2. 신청서 작성 후 '신청' 버튼 클릭 그린(GREEN)급식 활성화를 위한온가족 채식밥상 체험 프로그램 신청 제2021-244호 부패행위, 공익침해, 부정청탁, 행동강령 위반은 이메일 cleanedu@sen.go.kr / 1588-0260로 신고 안녕하십니까?","제출"
"그린(GREEN)급식은 기후위기시대, 인간과 자연의 공존과 지속가능한 먹거리를 위해 채식으로 기후위기를 일깨우고, 지구를 생각하는 식생활 습관을 형성하기 위해 추진하는 서울시교육청의 채식( )급식 정책입니다.프로그램 참여를 희망하는 가정에서는 붙임 을 참조하여 기간 내에 신청하여 주시기 바랍니다.","기타"
"1차 신청기간: 11월 26일(금) 오후 12시 30분~해당 프로그램 시작 전까지(12월 1일~11일 프로그램 신청)","일정"
"2차 신청기간: 12월 7일(화) 오후 12시 30분~해당 프로그램 시작 전까지(12월 13일~18일 프로그램 신청)","일정"
"3차 신청기간: 12월 14일(화) 오후 12시 30분~해당 프로그램 시작 전까지(12월 20일~28일 프로그램 신청)","일정"
"교육신청: 네이버 카페를 통해 사전 신청(마음방역 카페 https://cafe.naver.com/sensec1)","제출"
"우리집 가족놀이 12월 신청 - 마음방역 카페 접속","제출"
"우리집 가족놀이 신청서 카테고리 매주 신청 게시글 확인","기타"
"신청 댓글로 날짜, 시간, 프로그램, 인원수 작성","제출"
"12월 29일(수) ~ 1월 9일(일)까지 프로그램 개발 및 연수기간으로 카페 휴식 예정","일정"
"응답 기간: 2021. 11. 24.(수) ~ 12. 3.(금)","일정"
"학부모 설문링크: https://forms.gle/wqNiCJ5ecNSEPPzh7","제출"
"추가 사전예약 대상: 미예약 12-17세 소아청소년 중 접종 희망자","기타"
"예약일자가 지났으나 접종받지 않은 12-17세 소아청소년 중 접종 희망자","기타"
"추가 사전예약 기간: 21.11.23.(화) 20시 ~ 21.12.31.(금) 18시","일정"
"접종일 11.29.(월)~12.5.(일) 예약시기: 11.23.(화) 20:00 ~11.24.(수) 24:00","일정"
"접종일 12.6.(월)~12.12.(일) 예약시기: 11.25.(목) 00:00 ~11.30.(화) 24:00","일정"
"접종일 12.13.(월)~12.19.(일) 예약시기: 12.1.(수) 00:00 ~12.7.(화) 24:00","일정"
"접종일 12.20.(월)~12.26.(일) 예약시기: 12.8.(수) 00:00 ~12.14.(화) 24:00","일정"
"접종일 12.27.(월)~'22.1.2.(일) 예약시기: 12.15.(수) 00:00 ~12.21.(화) 24:00","일정"
"접종일 '22.1.3.(월)~1.5.(수) 예약시기: 12.22.(수) 00:00 ~12.28.(화) 24:00","일정"
"접종일 '22.1.6.(목)~1.22.(토) 예약시기: 12.29.(수) 00:00 ~12.31.(금) 18:00","일정"
"코로나19 예방접종 사전시스템(누리집) https://ncvr2.kdca.go.kr 내 사전예약 시스템 또는 콜센터(1339, 지자체) 전화예약","기타"
"본인 또는 대리 예약 후 개별적으로 접종기관 방문하여 접종","기타"
"보호자는 예방접종 안내문 등에 포함된 이상반응, 예방접종 전 후 주의사항 등을 사전에 반드시 잘 숙지하시기 바랍니다.","건강·안전"
"접종 후 3일 간 건강상태를 유의 깊게 관찰하고, 일주일 간은 격렬한 신체활동은 자제하도록 지도해주시기 바랍니다.","건강·안전"
"아래 예방접종 시행 동의서는 보호자가 접종 당일 동행하지 못하는 경우에만 보호자가 예진표와 함께 작성하여 접종대상자가 접종 당일 의료기관에 제출할 수 있도록 합니다.","제출"
"건강한 소아청소년도 예방접종으로 코로나19 중증 감염과 다기관염증증후군과 같은 합병증을 예방할 수 있으므로, 예방접종의 이득과 코로나19 감염 및 접종 후 이상반응 관련 위험에 대하여 충분한 정보를 확인하고 접종 전후 유의사항을 숙지한 후 예방접종을 받으실 것을 권고합니다.","건강·안전"
"참여 방법: 학교종이앱을 활용하여 설문 실시, 학부모님과 학생 각각 별도의 설문에 참여, 학생은 4~6학년만 설문에 참여","제출"
"장소: 꿈자람터 및 다목적실","일정"
"준비물: 체육복, 실내화 등","준비물"
"시간: 10:00~11:20","일정"
"겨울방학 스포츠캠프 참가 신청서: 12월 3일(금)까지 학교종이로 회신","제출"
"접종 전 건강상태가 좋을 때 접종하기","건강·안전"
"코로나19 감염이 의심되는 경우","건강·안전"
"격리 중인 코로나19 환자 및 접촉자","건강·안전"
"발열(37.5℃ 이상) 등 급성병증이 있는 경우","건강·안전"
"접종 후 15~30분간 접종기관에 머무르며 이상반응 발생여부 관찰하기","건강·안전"
"귀가 후 3시간 이상 주의 깊게 관찰하고 일주일정도는 고강도의 운동 및 활동 자제하기","건강·안전"
"접종부위 청결하게 유지하기","건강·안전"
"평소와 다른 신체 증상이 나타나는 경우 의사의 진료 받기","건강·안전"
"예진표에 기록해 주세요","제출"
"접종부위 부기, 통증이 있는 경우 깨끗한 마른 수건을 대고 그 위에 냉찜질 하기","건강·안전"
"미열이 있는 경우 수분을 충분히 섭취하고 휴식을 취하기","건강·안전"
"발열이나 근육통 등으로 불편함이 있는 경우 해열진통제를 복용하기","건강·안전"
"예방접종 전 아세트아미노펜 성분의 해열진통제 준비, 예방접종 후 몸살 증상이 나타날 경우 해열진통제 복용","건강·안전"
"가슴통증, 압박감, 불편감, 호흡곤란이나 숨가쁨, 호흡시 통증, 심장이 빠르게 뛰거나 두근거림, 실신 등이 새롭게 발생하거나 악화되어 지속되는 경우","건강·안전"
"접종부위의 통증, 부기, 발적이나 발열 등이 접종 후 2일이 지나도 호전되지 않거나 악화되는 경우","건강·안전"
"접종 후 갑자기 기운이 떨어지거나 평소와 다른 이상 증상이 나타나는 경우","건강·안전"
"숨쉬기 곤란하거나 심하게 어지러운 경우, 입술·얼굴이 붓거나 온몸에 심한 두드러기 증상이 나타나는 경우","건강·안전"
"이상반응 발생이 의심될 경우 1339 또는 관할 보건소에 문의하시기 바라며, 예방접종도우미 누리집(https://nip.kdca.go.kr) 내 '예방접종 후 건강상태 확인하기'에서 이상반응과 대처법을 확인할 수 있습니다.","기타"
"귀하께서 접종대상자가 단독으로 의료기관에서 예방접종 받는 것에 동의할 경우 코로나19 예방접종 시행 동의서와 예진표를 작성하여, 접종대상자가 의료기관에 제출하고 예방접종을 받을 수 있도록 하여 주시기 바랍니다.","제출"
"'코로나19예방접종 예진표'와 '소아청소년 대상 코로나19 예방접종 시행 동의서'는 반드시 보호자(법정대리인)가 작성하여야 하며, 관련 서식은 질병관리청 코로나19 예방접종 누리집(ncv.kdca.go.kr) 알림·서식·지침에서 다운로드하여 사용하실 수 있습니다.","제출"
"2. 접종대상자의 예방접종 예진표를 작성하셨나요?","제출"
"3. 접종대상자가 예방접종 후 급성 중증 이상반응 발생 여부 관찰 등을 위하여 접종 후 15~30분간 접종 기관에 머무를 수 있도록 반드시 사전에 알려주십시오.","건강·안전"
"4. 보호자(법정대리인)는 접종대상자가 접종 후 일주일 간 고강도의 운동 및 활동을 자제하도록 지도해주시고 건강 상태를 면밀히 관찰하여 주시기 바랍니다.","건강·안전"
"5. 접종대상자의 예방접종 후 이상반응 설명 및 미동행 확인 등을 위하여 연락 가능한 연락처를 정확하게 작성해 주십시오(휴대 전화번호: )","제출"
"코로나바이러스감염증-19(이하 코로나19) 예방접종 안내 및 예방접종 후에 발생 가능한 이상반응에 대한 정보를 충분히 제공받았으며, 의사의 예진결과에 따른 예방접종을 받겠습니다.","제출"
"코로나19 예방접종을 받는데 동의하는 경우, 안전한 예방접종을 위하여 아래의 질문사항을 잘 읽어보시고 본인(법정대리인, 보호자) 확인란에 기록하여 주시기 바랍니다.","제출"
"1. 코로나19 예방접종 전에 접종대상자의 예방접종 내역을 코로나19 예방접종관리시스템으로 사전 확인하는 것에 동의합니다.","제출"
"2. 코로나19 예방접종의 다음 접종 및 완료 여부에 관한 정보, 코로나19 예방접종 후 이상반응 발생 여부와 관련된 문자 등을 수신하는 것에 동의합니다.","제출"
"현재 임신 중입니까?","제출"
"이전과 다르게 오늘 아픈 곳이 있습니까?","제출"
"아픈 증상을 적어주십시오.","제출"
"코로나19 감염을 진단 받은 적이 있습니까?","제출"
"있다면 진단일을 적어 주십시오.","제출"
"코로나19 백신을 접종받은 적이 있습니까?","제출"
"'아니오' 일 경우 다음 문항으로, 있다면 마지막 접종일을 적어주십시오.","제출"
"있다면 중증 알레르기 유발물질이 무엇인지 아시면 적어주십시오.( ) 예 아니오 -2 이전에 모세혈관 누출 증후군을 진단받은 적이 있습니까?","제출"
"예 아니오 혈액응고장애를 앓고 있거나, 항응고제를 복용중이십니까?","제출"
"있다면 질환명 또는 약 종류를 적어 주십시오.","제출"
"이 캠프에 참여를 희망하는 학생은 다음의 안내를 참고하여 12월 3일(금)까지 학교종이로 신청해 주시기 바랍니다.","제출"
"3. 이용 및 보유기간 : 2021학년도 해당 교육활동 종료시까지4. 동의를 거부할 수 있으며, 동의 거부 시 스포츠캠프활동 참가에 제한이 됩니다.개인정보 수집 이용 동의 예 아니요2021년 11월 일 보호자(법정대리인) (서명)서울신월초등학교장귀하 학년 반 학생명 학부모 연락처 학생연락처(핸드폰이 있는 경우) 비고 - 개인정보 수집 이용 동의서 수집되는 개인정보는 ""개인정보보호법""에 따라 보호되며, 동 법률에 따라 수집 이용 동의가 필요합니다.1. 수집이용목적 : 겨울방학 스포츠캠프 참가 학생 교육활동","제출"
"3. 이용 및 보유기간 : 2021학년도 해당 교육활동 종료시까지4. 동의를 거부할 수 있으며, 동의 거부 시 스포츠캠프활동 참가에 제한이 됩니다.개인정보 수집 이용 동의 예 아니요 개인정보 수집 이용 동의 예 아니요 학년 반 학생명 학부모 연락처 학생연락처(핸드폰이 있는 경우) 비고 - 개인정보 수집 이용 동의서 수집되는 개인정보는 ""개인정보보호법""에 따라 보호되며, 동 법률에 따라 수집 이용 동의가 필요합니다.1. 수집이용목적 : 겨울방학 스포츠캠프 참가 학생 교육활동","제출"
"3. 이용 및 보유기간 : 2021학년도 해당 교육활동 종료시까지4. 동의를 거부할 수 있으며, 동의 거부 시 스포츠캠프활동 참가에 제한이 됩니다.개인정보 수집 이용 동의 예 아니요 개인정보 수집 이용 동의 예 아니요 개인정보 수집 이용 동의 예 아니요 학년 반 학생명 학부모 연락처 학생연락처(핸드폰이 있는 경우) 비고 - 개인정보 수집 이용 동의서 수집되는 개인정보는 ""개인정보보호법""에 따라 보호되며, 동 법률에 따라 수집 이용 동의가 필요합니다.1. 수집이용목적 : 겨울방학 스포츠캠프 참가 학생 교육활동","제출"
"3. 이용 및 보유기간 : 2021학년도 해당 교육활동 종료시까지4. 동의를 거부할 수 있으며, 동의 거부 시 스포츠캠프활동 참가에 제한이 됩니다.개인정보 수집 이용 동의 예 아니요 개인정보 수집 이용 동의 예 아니요 개인정보 수집 이용 동의 예 아니요 개인정보 수집 이용 동의 예 아니요","제출"
"급식기간 : 2021. 12. 1. ~ 2022. 1. 7. (우유급식 미실시) 안전한 식생활을 위해 학교 밖 불량식품 매식을 삼가 주시기 바랍니다.","건강·안전"
"2021. 10. 30. 서울신월초등학교장 월 화 수 목 금 한국인에게 알레르기를 유발할 수 있는 식품 19종을 표시하오니 학생 체질에 맞게 먹을 수 있도록 지도하여 주시기 바랍니다.","건강·안전"
"따라서 통합하여 운영하면 일관된 기준에 의해 강사 및 강좌 관리가 수월할 것으로 예상되어 학부모님의 문의에 신속하게 대처할 수 있는 장점이 있습니다.이에 2022학년도 위탁업체 선정 시 영어교실과 컴퓨터교실을 종합방과후와 통합하여 입찰을 통해 하나의 업체에서 일괄 운영하는 것에 대한 학부모님들의 의견을 듣고자 합니다.방과후학교 위탁 방법에 대한 의견을 아래 설문에 12월 3일(금)까지 답해주시면 감사하겠습니다.","제출"
"2022학년도 방과후학교 위탁 방법 의견 조사 내년도 방과후학교 위탁 방법에 대한 의견을 표시해 주시기 바랍니다.1. 영어, 컴퓨터를 종합방과후에 통합하여 하나의 위탁업체를 선정한다.2. 영어, 컴퓨터, 종합방과후 각각의 업체를 선정한다.2021. 12. 1.서울신월초등학교장 2022학년도 방과후학교 위탁 방법 의견 조사 내년도 방과후학교 위탁 방법에 대한 의견을 표시해 주시기 바랍니다.","제출"
"2022학년도 방과후학교 위탁 방법 의견 조사 내년도 방과후학교 위탁 방법에 대한 의견을 표시해 주시기 바랍니다.","제출"
"대상 및 인원: 유 초 중 고 학부모 기수별 300명 방 법: 유튜브 실시간 스트리밍 신 청 기 간: 2021. 12. 1.(수) ~ 12. 6.(월) 오전 11시 신 청 방 법: 아래의 링크 및 QR 코드로 신청 참가신청 시 입력한 연락처로 유튜브 실시간 스트리밍 링크 문자전송 예정(연수 1일 전)온라인 신청 링크QR 코드http://ksurv.kr/?d 5940412월 6일(월) 오전 11시까지 신청 신청 강좌 구분일시강의 주제강사명(소속 직위)1기12. 8.(수) 14:30~17:30인공지능의 어깨에 올라 미래세상을 보라!김진형(인천재능대학교 총장, 카이스트 명예 교수)2기12. 14.(화) 15:00~18:00고교학점제로 자녀의 미래를 여는 학부모 멘토권오현(서울대학교 교수) 강사 프로필구분강의 주제강사명주요 경력1기인공지능의 어깨에 올라 미래세상을 보라!김진형- 인천재능대학교(총장), 카이스트(명예교수), 중앙대학교(석좌교수)- (전) 인공지능연구원 원장- (전) 소프트웨어정책연구소 소장 2기고교학점제로 자녀의 미래를 여는 학부모 멘토권오현- 서울대학교 사범대학 교수- 교육부 재외교육지원센터 센터장- 국가 교육과정 개편 추진위원 2021. 12. 4.서울신월초등학교장 온라인 신청 링크 QR 코드 http://ksurv.kr/?d 5940412월 6일(월) 오전 11시까지 신청 구분 일시 강의 주제 강사명(소속 직위) 1기 12. 8.(수) 14:30~17:30 인공지능의 어깨에 올라 미래세상을 보라!","제출"
"일시: 2021. 12. 8.(수) 10:30~11:50(80분)","일정"
"찾아가는 학교 단위 백신 접종 희망 수요 조사 실시","제출"
"설문 기간: 2021. 12. 6. (월) ~ 12. 8. (수)","일정"
"의견수렴 기간: 2021. 12. 8.(수) ~ 12. 10.(금)","일정"
"의견제출 방법: 학교종이앱으로 의견 제출","제출"
"08:30까지 입실 완료 필수","일정"
"학생 준비물: 수험표, 마스크, 필기도구, 실내화, 소독티슈, 비닐백","준비물"
"응시자 개인정보 활용에 동의 필요","제출"
"모든 응시자는 마스크를 착용 후 입실 및 퇴실까지 계속 착용","건강·안전"
"KF94 이상의 마스크 착용 권장 (유증상자, 자가격리자 필수)","건강·안전"
"신분확인 시간에는 마스크를 벗어 신분 확인에 협조","건강·안전"
"시험장 입실 전 체온 측정에 협조","건강·안전"
"시험실 입구에 비치된 손소독제로 손 위생 실시","건강·안전"
"화장실 출입 후에도 반드시 손 위생 실시","건강·안전"
"평가실 안팎에서 불필요한 대화 자제","기타"
"다른 응시자와 가급적 2m 이상 거리 확보","건강·안전"
"개인이 사용한 휴지, 마스크는 미리 준비한 일회용 비닐에 넣어 가져가기","건강·안전"
"시험 중 코로나19 임상증상 발생 시 즉시 시험감독관에게 알리기","건강·안전"
"시험 후 14일간 발열, 호흡기 증상 모니터링","건강·안전"
"증상 발생 시 1339 또는 보건소에 문의","건강·안전"
"전형일 2일전(12/9,목)까지 E-mail(sensi7@sen.go.kr)로 신청","제출"
"관할 보건소(모니터링 담당자)의 외출 허가서를 시험 당일에 제출해야 응시 가능","제출"
"영재교육기관 담당자에게 유선 신청: 02-2600-0812","기타"
"전형일 당일(12/11,토) 08:30까지 별도고사장에서 응시","일정"
"모니터링담당자 동행 시 담당자의 지시에 따라 이동","기타"
"모니터링담당자 미동행 시 대중교통 이용 불가, 자차 또는 방역택시 이용","기타"
"두 손을 넣고 걷다가 넘어지는 경우, 손으로 방어를 할 수 없어 큰 사고로 이어질 수 있으니 장갑을 꼭 끼고 다닐 수 있도록 해 주시기 바랍니다.대설 한파 화재 시 행동요령2021. 12.","준비물"
"필기도구(연필(또는 샤프), 지우개, 흑색펜), 실내화, 4B연필(미술분야 지원자) 수정테이프 및 색깔펜 사용금지나.","준비물"
"수험표 출력: 2021.12.10.(금), GED 사이트에서 지원자가 직접 출력 기간 전 출력한 수험표는 미인정(수험번호 미생성 및 오류 발생 가능)다.","제출"
"모든 전자기기(전자시계) 및 휴대폰 소지 금지(부득이한 경우 전원 차단 후 가방에 넣기)라.","건강·안전"
"일시: 2022. 2. 16.(수) 18:00 예정나.","일정"
"합격자 등록: 합격자 발표 시 탑재된 안내문에 따라 등록 바람5. 협조 사항가.","제출"
"고사장 주변 차량 진입 및 주차가 불가하오니 대중교통 이용 바람나.","기타"
"수험생은 실내화 주머니를 지참하고, 실내화를 신고 고사실에 입장다.","준비물"
"코로나19 관련 감염병 예방을 위한 '응시자 유의사항' 필독: 붙임 파일마.","제출"
"전출로 인해 소속교가 변경된 경우 유선 연락 바람( 2600-0812)바.","기타"
"코로나19 예방을 위하여 참석 시 마스크 착용, 코로나 관련 특이사항 발생 시 담당자에게 유선 연락( 2600-0812)사.","건강·안전"
"자가격리 대상자 응시: 응시 관련 서류 제출 시 응시 가능, 다음 장 참조2021 .","제출"
"시험장 출발, 시험장 도착, 시험종료, 격리지 복귀 시(총 4회) 전화 또는 앱으로 전담공무원에게 신고합니다.","기타"
"자차 이동 시 본인이 직접 운전하기 어려운 경우에는 운전자 1인만 동행합니다.","기타"
"자가격리대상자는 운전자의 뒷좌석 반대 방향(운전자와 대각선)으로 착석하여 운전자와 최대한 거리를 유지해 주세요.","건강·안전"
"자동차 환기시스템은 외기 유입으로 설정하여 주시고, 이동 과정에서 창문을 양방향으로 열어 차량 안 환기를 자주 시켜줍니다.","건강·안전"
"자가격리 장소(집)에서 나가기 전 보건용 마스크(KF94 동급 이상)를 착용하고, 외출 중 절대 벗지 않으며, 손위생을 위해 필요 시 일회용 장갑을 착용합니다.","건강·안전"
"식사가 필요한 경우 외출 전 개인식기류와 도시락 물을 준비해주세요.","준비물"
"이동 중 식당, 휴게소, 공중화장실 등 다중이용시설은 이용할 수 없으며, 다른 장소에 들르지 않고 다른 사람과 접촉하지 않으며, 바로 시험장으로 갑니다.","건강·안전"
"화장실은 시험장 내 별도로 마련된 자가격리자 전용 화장실만 이용해주세요.","건강·안전"
"시험장까지 이동 중 다른 사람과 거리를 유지하여 주시고, 대화 및 접촉은 하지 않습니다.","건강·안전"
"고사장 전과 후에 비치된 손 소독제로 손위생을 합니다.","건강·안전"
"시험 종료 후 귀가 시 다른 장소에 들르지 않고 다른 사람과 접촉하지 않으며, 바로 자가격리 장소로 돌아갑니다.","건강·안전"
"보호자(운전자)는 차량 탑승 전 KF94 동급 이상의 마스크를 착용합니다.","건강·안전"
"보호자는 자가격리대상자와 이동 전 과정에 항상 마스크를 착용합니다.","건강·안전"
"보호자(운전자)는 이동 전 과정에서 자가격리대상자와 최대한 거리를 유지해 주시고, 자가격리대상자는 운전자의 뒷좌석 반대 방향(운전자의 대각선)으로 착석하도록 합니다.","건강·안전"
"자가격리대상자와 항상 거리를 유지하여 접촉하지 않도록 하며, 가능한 대화는 하지 않습니다.","건강·안전"
"차량 이용 전 창문을 열어 차량 내 환기를 충분히 하여 주시고, 이동 과정에서는 자동차 환기시스템을 외기 유입으로 설정하여 주세요.","건강·안전"
"이동 과정 중 창문을 양방향으로 열어 차량 안 환기를 자주 시켜줍니다.","건강·안전"
"자가격리대상자와 대면 전후에는 물과 비누 또는 손세정제, 손소독제를 이용하여 손위생을 합니다.","건강·안전"
"식사가 필요할 경우 자가격리대상자와 별도로 분리하여 식사합니다.","건강·안전"
"시험 종료 후 귀가 시 다른 장소에 들르지 않고 자가격리대상자가 바로 자가격리 장소로 돌아갈 수 있도록 합니다.","건강·안전"
"시험장 이동방법은 모니터링담당자와 협의하여 결정합니다.","기타"
"모니터링담당자 동행 시 담당자의 지시에 따라 이동합니다.","기타"
"1월: 15일 × 5,000원(1식) = 75,000원 (1월 10일 ~ 1월 28일)","비용"
"2월: 18일 × 5,000원(1식) = 90,000원 (2월 3일 ~ 2월 28일)","비용"
"급식비 인출일: 2021년 12월 20일(월) ~ 22일(수)","비용"
"본인의 의사로 돌봄교실 미참여 시 3일 전 미참여 고지 시 미참여 일수 환불","기타"
"동의를 거부할 수 있으며, 동의 거부 시 초등돌봄교실 신청에 제한이 됩니다.","제출"
"운영기간: 2022. 03. ~ 2022. 12. (학기당 15회 내외)","일정"
"운영시간: 방과후 (수요일 13:40-14:40, 14:40-15:40 예정)","일정"
"희망조사서는 12월 15일(수)까지 특수학급으로 제출해 주시기 바랍니다.","제출"
"특수학급 방과후학교에 학생을 참여시킬지 여부를 선택해주세요.","제출"
"개설을 희망하는 활동을 순서대로 적어주세요. (예: 체육, 댄스, 미술, 음악, 풍물, 난타, 연극, 요리, 컴퓨터 등)","제출"
"방과후학교 프로그램에 참여하는데 특별히 우려되는 사항을 알려주세요.","제출"
"프로그램 운영에 건의하고 싶은 내용을 적어 주세요.","제출"
"검사 전일 지나치게 많은 야채나 과일, 비타민 C를 먹지 않도록 합니다.","건강·안전"
"검사 전날 지나치게 심한 운동이나 과로를 하지 않도록 합니다.","건강·안전"
"검사결과에 영향을 미칠 요인이 있는 경우(생리 등) 검사하는 선생님께 미리 알립니다.","건강·안전"
"신청기간: 2021. 12. 20.(월) ~ 12. 22.(수) 17:00까지","일정"
"연수자료 배부: 2021. 12. 23.(목) ~ 12.24.(금) 14:00 ~ 16:00 학교보안관실","일정"
"자가격리대상자 탑승 후 차량의 손길이 닿는 곳의 표면(손잡이 등)은 소독하여 줍니다.- 시험장에서 하차 후 1회, 자가격리 장소(집)에 하차 후 1회, 최소 2회 이상 소독을 실시하도록 합니다.","건강·안전"
"중식비 수납 금액 : 165,0원(33식x5,0원/1식) - 신청 식수에 따라 다름다.","비용"
"1. 특수학급 방과후학교에 학생을 참여시키시겠습니까?","제출"
"예 ( ) 아니오 ( ) 참여를 희망하지 않으신다면 이유는 무엇입니까?","제출"
"2. 개설을 희망하는 활동을 자유롭게 순서대로 적어주세요. 예: 체육, 댄스, 미술, 음악, 풍물, 난타, 연극, 요리 컴퓨터 등 ( ) ( ) ( ) ( )","제출"
"3. 방과후학교 프로그램에 참여하는데 특별히 우려되는 사항이 있으면 무엇입니까?","제출"
"4. 프로그램 운영에 건의하고 싶은 내용이나 도움이 될 말씀을 적어 주세요.","제출"
"1. 기간: 3-4학년 2022.1.10.(월) ~ 2022.1.14.(금) (총 5일)","일정"
"5-6학년 2022.1.17.(월) ~ 2022.1.21.(금) (총 5일)","일정"
"2. 장소: 본관 3층 English Zone","일정"
"3. 시간: 09:00 - 12:10","일정"
"7. 참가신청서 제출 기한: 12월 17일(금)까지 학교종이앱으로 신청","제출"
"1) 영어캠프 요일과 시간(9:00~12:10)을 확인하여, 반드시 해당 기간 동안 빠짐없이 참여 가능한 학생만 신청바랍니다.","기타"
"신청기간: 2021. 12. 13.(월)~12. 17.(금) 13:00까지","일정"
"신청방법: 신청서 서식 작성 학교에 제출","제출"
"신청 전 전남농산어촌 유학 홈페이지 학교 및 농가 현황 확인 필수","기타"
"2. 기간 : 2022. 1. 10.(월) ~ 2022. 1. 20.(목)","일정"
"3. 장소 : 본관 2층 위클래스 교실","일정"
"4. 준비물 : 실내화, 생수","준비물"
"6. 동의서 회신 : 학교종이앱을 통해 12월 20일(월)까지 회신","제출"
"겨울방학 수학 집중교실 에 자녀의 참여를 동의합니다.","제출"
"참여를 희망하시는 학부모님께서는 아래 내용을 참고하시어 학교종이 설문을 통해 신청해 주시기 바랍니다.","제출"
"반납 일시: 2022.1.6.(목) 등교 즉시","일정"
"반납 장소: 본관4층 실과실","일정"
"부득이한 경우에 한해서만, 졸업식 당일 1.7.(금) 등교즉시 실과실로 반납","일정"
"반납 물품: 노트북(마우스, 마우스패드, 충전기, 가방), 태블릿PC(충전기, 가방)","준비물"
"파손 원상 복구(가벼운 사항은 수용함)","기타"
"분실 동일 사양 기종 장비 자비 구입 반납","기타"
"반납 일시: 2022.1.3.(월)~1.7.(금) 원격수업 종료 후 4시까지","일정"
"부득이한 경우에 한해서만 2022.1.10.(월) 9~12시 실과실로 반납","일정"
"반납 시 해당 기기의 상태 점검 예정(기기 충전 후 반납)","기타"
"기기 운반에 어려움이나 분실 및 파손의 우려가 있는 경우에는 부모님(보호자) 동반 반납을 부탁드립니다.","기타"
"1차: 1월 4일(화) 오후 12시 30분~해당 프로그램 시작 전까지(1월 10일~15일 프로그램 신청)","일정"
"2차: 1월 11일(화) 오후 12시 30분~해당 프로그램 시작 전까지(1월 17일~22일 프로그램 신청)","일정"
"3차: 1월 18일(화) 오후 12시 30분~해당 프로그램 시작 전까지(1월 24일~28일 프로그램 신청)","일정"
"4차: 1월 25일(화) 오후 12시 30분~해당 프로그램 시작 전까지(2월 3일~11일 프로그램 신청)","일정"
"5차: 2월 8일(화) 오후 12시 30분~해당 프로그램 시작 전까지(2월 14일~18일 프로그램 신청)","일정"
"Tdap/Td 예방접종: 5차 DTaP 접종 이후, 5년 경과된 만 11세 이상 아동(09~11년생)","건강·안전"
"일본뇌염(사백신) 5차 예방접종: 일본뇌염(사백신) 4차 접종 이후, 5년 경과된 만 12세 이상(09~10년생) 아동","건강·안전"
"자궁경부암(HPV, 사람유두종바이러스) 예방접종: 09~10년생 여자 아동","건강·안전"
"2022년 중 1차 접종, 6개월 이후 2차 접종으로 완료","건강·안전"
"가정에서 자녀의 체온 측정 및 건강상태를 확인합니다.","건강·안전"
"미성년자의 경우 안전한 예방접종을 위해 반드시 보호자와 동반합니다.","건강·안전"
"접종자 주민등록번호 확인(예방접종 수첩 지참)합니다.","건강·안전"
"백신 수급상황 등 변경 될 수 있으므로 접종기관 유선 확인 후 방문합니다.","기타"
"예방접종은 본인과 보호자 의사에 따라 시행하며, 접종기관에서 접종 금기사항 및 이상반응, 접종 후 유의사항 및 대처요령에 관한 충분한 설명을 듣고 접종을 실시합니다.","건강·안전"
"접종 당일과 다음 날은 과격한 운동을 하지 않습니다.","건강·안전"
"접종부위에 발적 통증 부종이 생기면 찬 물수건을 대 줍니다.","건강·안전"
"접종 후 3일간은 특별한 관심을 가지고 관찰하며, 고열 및 구토, 두드러기, 경련 등이 있을 때에는 즉시 의사의 진찰을 받도록 합니다.","건강·안전"
"1차: 5월 31일(화) 오후 12시 30분~해당 프로그램 시작 전까지(6월 8일~16일 프로그램 신청)","일정"
"2차: 6월 14일(화) 오후 12시 30분~해당 프로그램 시작 전까지(6월 20일~23일 프로그램 신청)","일정"
"3차: 6월 21일(화) 오후 12시 30분~해당 프로그램 시작 전까지(6월 27일~30일 프로그램 신청)","일정"
"교육 준비물은 가정에서 준비","준비물"
"신청기간: 2022. 6. 15.(수) ~ 6. 21.(화)(학교 업무시간 내 제출)","제출"
"신청방법: 신청서 서식 작성 재학 중인 서울 학교로 제출","제출"
"기간: 2022. 6. 9.(목) ~ 7. 11.(월) 기간 중 24시간 참여 가능","일정"
"방법: 조사 시스템(nise2022.com)에 접속하여, 발급받은 조사참여 ID(인증번호) 및 추가정보 입력 후 조사 참여","제출"
"온라인 조사 참여 안내 리플릿의 QR코드를 통해 접속 가능","제출"
"코로나19로 인해 원격으로 진행되는 수업에 적극 협조해 주시고 도움을 주셔서 진심으로 감사합니다.6학년 학생들이 졸업을 앞두고 있는바 온라인 학습을 위해 학교에서 대여해드린 노트북과 태블릿PC를 아래와 같이 반납 받고자 합니다.","준비물"
"코로나19로 인해 원격으로 진행되는 수업에 적극 협조해 주시고 도움을 주셔서 진심으로 감사합니다.1~5학년 학생들이 학년말 방학을 앞두고 있는바 온라인 학습을 위해 학교에서 대여해드린 스마트기기(노트북과 태블릿PC)를 아래와 같이 반납 받고자 합니다.","준비물"
"학교에서는 새 학년도에도 원격수업이 진행될 경우에 대비하여 방학 동안 스마트기기의 유지 보수를 진행하고자 하오니아래 반납 일정과 지침을 반드시 숙지하셔서 기기반납에 협조해 주시기를 부탁드립니다.","일정"
"전국 17개 시도교육감은 매년 우리 자녀들의 건강하고 즐거운 교육환경 조성을 위하여 장애인 등에 대한 특수교육법 제13조에 의거, '특수교육대상자 인권실태조사'를 실시합니다.이에 조사 참여에 동의한 초4학년~전공과 모든 학생과 보호자, 교원을 대상으로 온라인 조사를 아래와 같이 실시하오니 적극적인 참여를 부탁드립니다.","제출"
"이에 이러한 유형의 사이버폭력 피해 예방을 위해 관련 정보를 안내하오니, 학부모님께서는 자녀의 인터넷 스마트폰 사용에 대해 관심을 가져 주시고 유사한 사이버폭력 피해가 발생하지 않도록 지도하여 주시기 바랍니다.","건강·안전"
"피해 예방을 위해 보호자의 세심한 관심과 지도가 필요합니다.","건강·안전"
"SNS 계정, 전화번호 등 개인정보의 제공은 대포 아이디(도용된 불법 아이디), 불법광고 행위에 도용되거나, 보이스피싱, 문자사기 등의 사이버 범죄행위에 악용될 수 있음을 알려주시기 바랍니다.","건강·안전"
"다른 사람에게 자신의 개인정보를 제공하거나 매매하지 않도록 충분히 설명해 주시기 바랍니다.","건강·안전"
"자녀가 SNS 계정 등 개인정보를 타인에게 제공한 경우에는 아이디 변경, 정지, 탈퇴 등의 조치를 취하도록 하고 경찰서 등 수사기관에 도움을 요청하시기 바랍니다.","건강·안전"
"사이버폭력 피해가 발생한 경우 신고방법과 도움을 받을 수 있는 기관 정보를 자녀에게 사전에 알려주시기 바랍니다.","건강·안전"
"일시: 2022. 6. 25.(토) 10:00 ~ 12:00","일정"
"장소: 개인별 장소(서울특별시교육청 유튜브 채널을 통해 실시간 중계)","일정"
"신청 기간: 2022. 6. 9.(목) ~ 6. 21.(화) 18:00까지","일정"
"방과후 시간: 12:50-16:30 중 시간대 자율 선택(초2,3학년 권장)","일정"
"세부 참여 방법: 선정된 학생(학부모) 개별적으로 안내 예정(2022. 6. 22.~24. 중)","일정"
"신청 기간: 2022. 6. 16.(목) 09:00~6. 17.(금) 24:00","일정"
"신청 방법: http://survey.statschool.net/answer.jsp?a66973에서 온라인 설문 제출 (구글 크롬 이용 권장, 시작 전이나 마감 이후 설문창 열리지 않음)","제출"
"1인 1과정 신청(이메일 중복체크, 이메일 주소 사전 준비)","제출"
"행사기간: 2022. 6. 13.(월) ~ 7. 24.(일), 6주간","일정"
"아래 내용을 참고하여 6.21.(화)까지 꼭 설문에 참여해 주시기 바랍니다.","제출"
"방법: 2개 학급 단위로 2시간씩 3회차 운영 (각 반당 총 6차시 실기교육)","일정"
"통신사에 직접 연락하여 협약요금제 가입","기타"
"유해정보차단 소프트웨어 '그린아이넷' 설치(무료)","기타"
"미선정자(지원 중지): 인터넷서비스 직접 해지 (자비부담 자동 전환)","기타"
"저소득 자격 취득 시 교육비 신청(상시) 후 동의서 추가 제출","제출"
"학적 변동(타시도 전출, 자퇴, 퇴학, 제적, 휴학, 유예, 면제, 졸업) 시 지원 중지 및 인터넷서비스 직접 해지 (자비부담 자동 전환)","기타"
"지원 통신사 변경 시 계속 지원되며 학부모가 직접 기존 통신사의 인터넷서비스를 해지하고, 신규 통신사의 인터넷서비스 개통 및 협약요금제 가입","기타"
"(초2,3학년 권장) 아래 시간 중 선택 월수금 12:50~13:30 월수금 13:35~14:15 월수금14:20~15:00 월수금15:05~15:45 월수금15:50~16:30 월수15:50~16:30 화목13:35~14:15 화목14:20~15:00","일정"
"일시1) 3학년 : 9.19.(월) ~ 9.23.(금) 2) 4학년 : 9.26.(월) ~ 9.30.(금)나.","일정"
"장소 : 경서스포츠센터다.","일정"
"안내 및 상담 기타 인터넷통신비 지원에 관련된 사항은 학교 교육정보화 지원 담당교사에게 안내 상담 받으시기 바랍니다.","기타"
"지원 대상으로 선정된 가정에서는 아래의 내용을 읽어보시고 반드시 교육부 교육청 협약요금제에 가입하시어 지원받으시기를 바랍니다.","제출"
"KT 기가인터넷 최대 1G 1Gbps 월 5,500원 차액 부담","비용"
"LGU 기가인터넷 최대 500M 500Mbps 월 11,000원 차액 부담","비용"
"LGU 기가인터넷 최대 1G 1Gbps 월 16,500원 차액 부담","비용"
"SKB, SKT 기가인터넷라이트 500Mbps 월 0~18,700원 차액 부담","비용"
"SKB, SKT 기가인터넷 1Gbps 월 0~20,900원 차액 부담","비용"
"LG헬로비전 플래티넘기가 1Gbps 월 5,500원 차액 부담","비용"
"체험장소: 서울교육연구정보원 남산 본원 2층 소프트웨어교육체험센터","일정"
"신청기간: 2022. 6. 20.(월) ~ 7. 8.(금)","일정"
"신청방법: 서울특별시교육청교육연구정보원 홈페이지 알림판에 안내된 구글 설문주소 URL http://url.kr/p9fbmo 또는 QR 코드에 접속","제출"
"도서관 이용 시 신발주머니 준비","준비물"
"방과후수업을 받지 않는 학생 중 도서관 이용을 희망하는 학생은 등하교 안전수칙을 잘 지켜야 함","건강·안전"
"준비물: 체육복, 실내화, 물 등","준비물"
"신청기간: 6. 23.(목) ~ 6. 27(월)","일정"
"근래에 발생되고 있는 성폭력의 유형 및 대처 방법에 대해 안내드리오니, 가정에서도 이를 참고하시어 우리 학생들이 안전하고 건강하게 생활할 수 있도록 관심을 가져주시기 바랍니다.","건강·안전"
"신체나 옷 접촉 시 동의를 구한다.","건강·안전"
"친구의 행동으로 내가 상처받았다면 망설이지 말고 꼭 이야기한다.","건강·안전"
"직접 말하기 부담스러우면 종이에 써서 전달한다.","건강·안전"
"성적행동이나 말장난 등을 친구들이 한다고 해서 함께 따라하지 않는다.","건강·안전"
"방관하거나 동조하지 않고, 그 행동은 성폭력/폭력이 될 수 있다고 알려준다.","건강·안전"
"이유 없이 문화상품권이나 기프티콘, 게임 아이템, 포켓몬빵 스티커 등을 주겠다고 접근하는 사람을 경계한다.","건강·안전"
"온라인상에서 나이, 주소, 학교, 아이디, 전화번호 등의 개인정보를 공개하지 않는다.","건강·안전"
"모르는 사람이 보낸 인터넷 링크나 파일을 클릭하지 않는다.","건강·안전"
"온라인에서 알게 된 타인이 메신저로 연락하자는 제안을 하면 거절한다.","건강·안전"
"따로 만나자는 제안을 받으면 거절하고 즉시 보호자나 믿을만한 어른에게 알린다.","건강·안전"
"개인 정보(이름, 나이, 주소, 전화번호, 사진 등)를 절대 주지 않기","건강·안전"
"인터넷 채팅으로 만난 사람을 직접 만나지 않기","건강·안전"
"스마트폰의 '환경설정' 메뉴에서 출처를 알 수 없는 애플리케이션의 설치를 차단하여 보안을 강화한다.","건강·안전"
"출처 불명의 실행파일(.apk)을 스마트폰에 다운받아 설치하는 행위는 절대로 하지 않는다.","건강·안전"
"보안설정 강화 방법: 설정 > 생체 인식 및 보안 > '출처를 알 수 없는 앱 설치'에서 체크 해제(스마트폰 제품에 따라 메뉴명칭은 일부 상이)","건강·안전"
"출처 불명의 실행파일(.apk)을 스마트폰에 다운받은 후 이를 스마트폰에 설치하는 행위는 절대로 하지 않는다.","건강·안전"
"방문신청 (해당 동 주민센터에 방문하여 신청)","제출"
"우편신청 (아동급식지원 신청서를 해당 동 주민센터에 우편으로 제출)","제출"
"집중신청기간이 경과되었어도 필요할 경우 신청 가능(동 주민센터에 문의)","제출"
"건강보험료 납부 영수증(2022. 6월 납부분) 등 결식우려 입증 서류 필요","제출"
"운영기간: 7.8.(금)~10.21.(금) 14:30-16:30 총 15주 매주 금요일, 방학기간 포함","일정"
"건강체력교실에 참여를 희망하는 학생은 다음의 안내를 참고하여 6월 27일(월)까지 학교종이로 신청해 주시기 바랍니다.","제출"
"돌봄 시간을 연장하고자 하는 학생들은 학교종이 앱을 통해 6. 27.(월) 12시까지 신청해 주시기 바랍니다.1. 오후돌봄 연장 운영 시작일 : 2022. 7. 1.(금)","제출"
"기간: 2022. 3. 17.(목), 3. 24.(목), 3. 31.(목) 매주 목요일 총 3회","일정"
"참가 신청: 2022. 3. 7.(월) 9:00 ~ 3. 8.(화) 15:00 온라인 선착순 모집","제출"
"참가 신청 주소: http://survey.statschool.net/answer.jsp?a61951","제출"
"사전 준비물: 모바일기기(핸드폰 또는 태블릿PC), 데스크탑 컴퓨터 또는 노트북(Zoom 앱 미리 설치), 필기도구, 노트, A4용지 1장","준비물"
"영상 제작용 모바일 기기(핸드폰이나 태블릿)를 별도로 준비해야 원활한 수업 참여가 가능","준비물"
"반납 일시: 2022. 7. 4.(월) ~ 7. 8.(금) 8:40~16:00까지","일정"
"반납 시 해당 기기의 상태 점검 예정 (기기 충전 후 반납)","기타"
"파손 시: 원상 복구(가벼운 사항은 수용함)","기타"
"분실 시: 동일 사양 기종 장비 자비 구입","기타"
"신청기간: 2022. 7. 1.(금) 10:00 ~ 7. 8.(금)","일정"
"신청방법: 서울특별시교육청교육연구정보원 홈페이지 알림판에 안내된 구글 설문주소 URL(https://forms.gle/WsvHyV4MbP4k4DSXA) 또는 QR 코드에 접속하여 직접 신청","제출"
"8. 1.(월): 부모님과 함께하는 휴머노이드 로봇 코딩 교실 (초등)","일정"
"8. 3.(수): 부모님과 함께하는 휴머노이드 로봇 코딩 교실 (초등)","일정"
"8. 5.(금): 부모님과 함께하는 휴머노이드 로봇 코딩 교실 (초등)","일정"
"인출일: 2022년 7월 7일(목) ~ 11일(월)","일정"
"신청기간 1차: 6월 29일(수) 오후 12시 30분~해당 프로그램 시작 전까지(7월 5일~28일 프로그램 신청)","일정"
"신청기간 2차: 7월 20일(수) 오후 12시 30분~해당 프로그램 시작 전까지(8월 2일~31일 프로그램 신청)","일정"
"교육신청: 네이버 카페를 통해 사전 신청(https://cafe.naver.com/sensec1)","제출"
"마음방역 카페 접속 후 마음방역(우리집 가족놀이) 신청서 카테고리 신청 게시글 확인","제출"
"신청 공지 게시글에 안내된 프로그램 별 줌 코드번호와 비밀번호로 해당 프로그램 시작 5분 전 참여","일정"
"신청기간: 2022년 6월 29일(수) ~ 9월 30일(금)","일정"
"신청방법: 교육급여 학습특별지원금 신청 누리집(https://edupoint.kosaf.go.kr/)","제출"
"사용기간: 포인트 배정일(지급일) ~ 2022. 12. 31. 미사용 잔액은 자동 소멸","일정"
"지원금 지급 신청 및 지급방식 선택 필수","제출"
"지원대상이더라도 지원금 지급 미신청 시 지원 불가","제출"
"늘 본교 교육에 관심 가져주시고 격려를 보내주시는 학부모님께 감사드립니다.학생들이 여름 방학을 앞두고 있는바 온라인 학습을 위해 학교에서 대여해드린 스마트기기(노트북과 태블릿PC)를 아래와 같이 반납 받고자 합니다.","기타"
"학교에서는 스마트기기의 파손 및 분실을 방지하고, 2학기에 원격수업이 진행될 경우에 대비하여 방학 동안 스마트기기의 유지 보수를 진행하고자 하오니 아래 반납 일정과 지침을 반드시 숙지하셔서 기기반납에 협조해 주시기를 부탁드립니다.","기타"
"1. 탐구보고서 작성 (표지서식 포함 20쪽 이내, 학교종이에 첨부된 서식 활용) 가.","제출"
"탐구보고서와 요약서와 함께 탐구일지나 탐구 결과물이 있는 경우 함께 제출한다.","제출"
"표절검사 실시: 출품자는 서울교육포털(http://ssem.or.kr) 표절검사시스템(카피킬러캠퍼스 표절검사)을 활용하여 표절검사를 실시할 것(검사설정: 표절기준 6어절, 인용/출처 표시문장 제외, 법령/성경 포함문장 제외, 목차/참고문헌 제외)","제출"
"보고서 및 요약서 제출: 2022. 8. 29.(월) ~ 8. 31.(수) 본교 5-5 교실로 직접 제출","제출"
"본교 제출: 2022. 8. 29.(월) ~ 8. 31.(수), 본교 5-5 교실로 직접 제출","제출"
"돌봄교실 여름방학 중식비를 다음과 같이 수납하고자 하오니 협조해 주시기 바랍니다.","비용"
"중식비 수납 금액 : 138,0원(23식x6,0원/1식) - 신청자에게만 적용됨다.","비용"
"지원대상자이더라도 교육급여 학습특별지원금 누리집(https://edupoint.kosaf.go.kr/)을 통해 지원금 지급 미신청 시 지원이 불가하므로, 아래 내용을 참고하시어 기한 내에 지원 신청하여 주시기 바랍니다.","제출"
"한국인에게 알레르기를 유발할 수 있는 식품 19종을 표시하오니 학생 체질에 맞게 먹을 수 있도록 지도하여 주시기 바랍니다.","건강·안전"
"참여를 희망하는 학부모님께서는 홈페이지에서 개별 신청하여 주시기 바랍니다.","제출"
"신청 기간: 2022.7.11.(월)~7.15(금), 2022.8.22.(월)~8.26(금)","일정"
"신청 인원: 서울학부모지원센터 홈페이지 (https://parents.sen.go.kr/) 학부모 개별 신청","제출"
"3개 강좌 중복 신청 가능하며, 과정별 신청 기간을 확인 후 신청하시기 바랍니다.","제출"
"신청방법: 홈페이지 접속 https://parents.sen.go.kr/ (개별 회원가입 및 로그인)","제출"
"일시: 2022. 7. 23.(토) 10:00 ~ 12:00","일정"
"장소: 개인별 장소 (서울특별시교육청 유튜브 채널을 통해 실시간 중계)","일정"
"신청 기간: 2022. 7. 5.(화) ~ 7. 19.(화) 18:00까지","제출"
"수강료 20회 77,600원, 교재비 8,000원","비용"
"수강료 23회 89,240원, 교재비 8,000원","비용"
"수강료 12회 93,120원, 교재비 15,000원","비용"
"물놀이 안전수칙 물놀이 이전에 먼저 하여야 할 것들 반드시 준비운동을 하고 구명조끼를 착용합니다.","건강·안전"
"머리카락이 긴 사람은 묶거나 수영 모자를 씁니다.","건강·안전"
"( 물놀이 중에 머리카락이 목에 감길 수 있습니다.) 물놀이를 할 때 주의해야 할 것들 물에 들어갈 때는 손, 발 다리 얼굴 가슴의 순서로 몸에 물을 적신 후 천천히 들어갑니다.","건강·안전"
"물 깊이를 알고 있는 곳에서만 물놀이를 합니다.","건강·안전"
"다리에 쥐가 나면 즉시 물 밖으로 나옵니다. 다음의 증상의 있으면 물놀이를 중지합니다.","건강·안전"
"물 자주 마시기","건강·안전"
"더운 시간대에 휴식하기","건강·안전"
"시원하게 지내기","건강·안전"
"반드시 준비운동을 하고 구명조끼를 착용합니다.","건강·안전"
"1. 기간: 5-6학년 2022. 7. 21.(목) ~ 2022. 7. 27.(수) (총 5일)","일정"
"2. 장소: 3층 영어실(English zone)","일정"
"3. 시간: 9:00 ~ 11:50","일정"
"6. 참가신청서 제출 기한: 2022. 7.11.(월)~7.12.(화)(15시까지 학교종이 앱으로 신청)","제출"
"(참관을 희망하는 학생은 7.13.(수) 11시20분까지 영어실로 오기 바랍니다.)","일정"
"-발열, 인후통 등 코로나19 의심증상이 있는 경우 진료 검사 실시(신속항원검사키트 활용한 자가검사 또는 병원에서 전문가용 신속항원검사 실시 권고)","건강·안전"
"-코로나19 의심증상이 있는 경우 검사결과 '음성'이면 등교 가능, 증상이 지속되거나 심해지면 의료기관을 방문하여 진료 또는 검사 실시 권고","건강·안전"
"-코로나19 확진 시 즉시 담임교사에게 연락하고 자가진단 앱에 등록하기","건강·안전"
"-코로나19 확진자는 7일간 자가격리(의무) 및 가정 내 확진자 생활수칙 지키기","건강·안전"
"-동거인 확진 시, 학생은 3일 이내 PCR검사 또는 전문가용 신속항원검사 1회, 6~7일차 신속항원검사 1회 권장(검사결과 음성 확인 시까지 등교중지 권고)","건강·안전"
"step 1 T안심알리미 앱 설치","기타"
"- 전화번호 인증하기","기타"
"- 구글 및 앱스토어 에서""T안심알리미"" 검색 앱 설치하기","기타"
"step 2 서비스 신청 하기 (상단 신청배너에서 등하교 안심 알리미 선택)","기타"
"- 지역 및 학교 선택","기타"
"- 가입상품 선택(결제)","비용"
"- 2022년 3월 2일~3월31일까지 신청 가능 (꼭!기간 내에 신청하시기 바랍니다.)","기타"
"- 사회적 배려대상자 : (무료) 뒷면 신청방법을 참고 바람 (별도 상품)","기타"
"운영 기간 : 2022. 7. 21. ~ 8. 23. 주 1회 (세부일정은 협의)","일정"
"신청 기간 : 7. 13.(수) ~ 7. 14.(목) 16:00 (학교종이앱 신청 또는 위클래스 방문 신청)","제출"
"귀댁 자녀의 감염병 예방을 위하여 예방접종 완료여부를 확인 후 8월 13일까지 접종을 완료 해 주시기 바랍니다.","건강·안전"
"예방접종을 완료하지 않은 경우 가까운 지정의료기관 또는 보건소에서 접종을 완료하고, 전산등록을 요청합니다.","건강·안전"
"예방접종을 완료하였으나 전산등록이 되어있지 않은 경우 접종받은 기관(의료기관 또는 보건소)에 전산등록을 요청합니다.","건강·안전"
"의료기관 폐업으로 접종받은 의료기관에서 전산등록이 불가능한 경우 보건소에 전산등록을 요청합니다.","건강·안전"
"외국에서 접종한 후 귀국한 경우 외국에서 접종한 예방접종증명서는 접종기관의 직인 또는 의사의 확인이 된 영문증명서를 발급받아(팩스 또는 이메일 등을 이용) 가까운 보건소에 전산등록을 요청합니다.","건강·안전"
"단, 지연접종 내역이 전산등록되어 있지 않다면 접종받은 의료기관에 전산등록 요청(학부모)","건강·안전"
"예방접종 금기자인 경우 접종(진단)받은 의료기관에 예방접종 금기사유 전산등록을 요청하시기 바랍니다.","제출"
"단, 예방접종통합관리시스템에서 등록이 불가한 학생은 학교에 금기사유가 기재된 진단서 제출","제출"
"3. 등교 : 각 반으로 입실(돌봄1반 학생 돌봄1반, 돌봄2반 학생 돌봄2반, 돌봄3반 학생 돌봄3반)","일정"
"5. 중식 시 준비물 : 개인 수저통과 물통","준비물"
"가. 등교 전 반드시 '건강상태 자가진단'을 실시하고, 혹시나 감기 등으로 기침이나 열이 있을 경우 약을 먹고 등교하는 경우가 있는데 이럴 때는 가정에서 쉬도록 함.","건강·안전"
"나. 코로나19 상황이 엄중한 만큼 교실 내에서 꼭 마스크를 착용하고 다른 사람과의 접촉을 최소화할 수 있도록 가정지도 필요함.","건강·안전"
"다. 점심 식사 시 불필요한 대화를 하지 않도록 위험성에 대한 지도가 필요함.","건강·안전"
"라. 주말이나 하교 후 대중이 많이 모이는 장소에는 가급적 가지 않도록 함.","건강·안전"
"마. 방역 마스크 여분을 꼭 가방에 넣어 가지고 다닐 수 있도록 함.","준비물"
"바. 여러 가지 사정으로 등교하지 못하는 경우 사전에 돌봄 교실로 연락바람.","기타"
"기간: 2022. 8. 8.(월)~8. 26.(금) 9개 과학교육센터, 2022. 9. 17.(토)~10. 8.(토) 매주 토요일 성동광진과학교육센터","일정"
"설문 기간: 2022.7.8.(금) ~ 2022.7.19.(화)","일정"
"4~6학년 학생 설문조사: 3문항, http://survey.statschool.net/answer.jsp?a 68466","제출"
"학부모 설문조사: 4문항, http://survey.statschool.net/answer.jsp?a 68468","제출"
"학생 설문조사 바로가기: http://ksurv.kr/?a 37514","제출"
"학부모 설문조사 바로가기: http://ksurv.kr/?a 37525","제출"
"운영 기간: 2022.7.21.(목) ~ 8.23.(화)","일정"
"매일 아침 등교 전 자가진단표(출력물 배부)를 기록한 후 강사에게 제출합니다.","제출"
"여름방학 중에도 통학로를 지켜 등하교합니다.","건강·안전"
"운동장을 가로질러 다니지 않습니다.","건강·안전"
"학교 건물 뒤편, 주차장 등 위험한 곳에서 놀지 않습니다.","건강·안전"
"방과후학교 참여시 자전거를 타고 등하교를 하면 안 됩니다.","건강·안전"
"교실, 복도, 계단, 화장실 등 실내에서 뛰어다니거나 위험한 장난을 하지 않습니다.","건강·안전"
"손을 자주 씻고, 수업 중 항시 마스크 착용 및 거리두기를 지킵니다.","건강·안전"
"방과후학교 수업 시간에 간식을 먹지 않습니다.","건강·안전"
"방과후학교 수업이 끝나면 학교에 남지 않고 바로 하교합니다.","건강·안전"
"일시: 9월 1일(목) ~ 9월 7일(수)","일정"
"장소: 슈퍼스타 스위밍 아카데미 마곡","일정"
"개인 준비물: 수영가방, 수영복, 수영 모자, 수경, 수건 1-2개, 세면도구, 비닐봉지 1개, 마실 물","준비물"
"개인 준비물을 반드시 스스로 지참하여야 수영 실기교육에 참여 가능합니다.","준비물"
"모든 개인 준비물에 이름을 씁니다.","준비물"
"수영실기교육 당일 건강 상의 이유 등으로 수영실기교육에 참여가 어려운 학생은 수영실기교육 전 선생님께 알립니다.","기타"
"수영장 안에서는 절대로 뛰지 않습니다.","건강·안전"
"수심 4M 이하인 곳, 지도 선생님의 허락 없이는 절대 다이빙을 하지 않습니다.","건강·안전"
"다리에 쥐가 나면 즉시 물 밖으로 나오고 선생님께 도움을 요청합니다.","건강·안전"
"친구에게 장난을 치거나 물속으로 떠밀지 않습니다.","건강·안전"
"당일 교육 전, 또는 교육 중, 교육 후 몸이 아플 경우 선생님께 꼭 말씀드립니다.","건강·안전"
"다음의 증상이 있으면 즉시 수영을 중지하고 선생님께 꼭 말씀드립니다.","건강·안전"
"물놀이 전에는 최소 10분 정도 준비운동을 해야 합니다.","건강·안전"
"입학준비금 지원 신청서 (방문 접수용)","제출"
"2. 제로페이 포인트 수령자 (해당란에 체크 해주세요.)","제출"
"개인정보 수집 이용 동의 동의를 거부할 수 있으며, 동의 거부 시 입학준비금을 지원 받을 수 없습니다.","제출"
"개인정보 3자 제공 동의 동의를 거부할 수 있으며, 동의 거부 시 입학준비금을 지원 받을 수 없습니다.","제출"
"안녕하십니까?서울특별시교육청에서는 지원하는 입학준비금을 신청기간동안 신청하지 못한 경우에 추가 신청하여 주시기 바랍니다.","기타"
"입학준비금으로 의류 또는 도서를 구입 할 수 있으며 아래 URL에 접속하여 추가 신청기간 내에 신청하여 주시기 바랍니다.","기타"
"중복 신청 및 지원되지 않도록 유의(중복지원 시 환수조치)","기타"
"신청기간: 2022. 3. 10.(목) 09:00 ~ 2022. 3. 14.(월) 18:00","일정"
"하나의 숫자라도 틀리면 제로페이 포인트 미전송 (정자로 정확히 기재)","기타"
"휴대폰 본인 명의만 제로페이 포인트 지급(타인 명의 시 제로페이 포인트 지급 불가)","기타"
"입학준비금 제로페이 포인트의 유효기간은 2022년 11월 30일(수)까지이며, 기간 만료 시 재발행되지 않고 사용이 불가합니다.","기타"
"개인정보 수집 이용 동의 예 아니요","제출"
"개인정보 제3자 제공 동의 예 아니요","제출"
"1. 일시 : 9월 14일(수) ~ 9월 20일(화)","일정"
"2. 장소 : 슈퍼스타 스위밍 아카데미 마곡","일정"
"4. 개인 준비물 : 수영가방, 수영복, 수영 모자, 수경, 수건 1-2개, 세면도구, 비닐봉지 1개, 마실 물","준비물"
"모든 개인 준비물에 이름 쓰기","준비물"
"보행자가 횡단보도를 통행하려고 하면 무조건 일시 정지해야 합니다.","건강·안전"
"어린이 보호구역 내 신호 없는 횡단보도의 경우도 무조건 정지해야 합니다.","건강·안전"
"신장질환의 조기 발견과 치료 및 건강관리를 위하여 가까운 병의원에서 소변검사를 받은 후, 소변검사 결과서(또는 아래 회신문 기록)를 8월 24일(수)까지 담임선생님께 제출해 주시기 바랍니다.","제출"
"만약 개인 기타사유로 제출하지 못하는 경우는 뒷면의 소변검사 미실시 사유서를 적어서 학교로 보내주시기 바랍니다.","제출"
"가까운 진료기관(내과 소아과 비뇨기과)에서 소변검사를 받으시고 다음과 같이 진료기관으로부터 검사결과 소견서를 받아 2022년 8월 24일(수)까지 담임선생님께 제출해 주시기 바랍니다.","제출"
"2. 방학 과제(개학날 가져오세요.) 안내 사항","기타"
"학생들이 손 씻기와 마스크 쓰기를 지금처럼 실천할 수 있도록 지도 부탁드립니다.","건강·안전"
"또한 일찍 자고 일찍 일어나는 규칙적인 생활을 할 수 있도록 살펴봐 주시고 스스로 자기 관리를 할 수 있는 힘을 기를 수 있도록 지도해 주시기를 부탁드립니다.","기타"
"올바른 마스크 착용으로 입과 코 가리기, 실내 음식물 섭취 등 마스크를 벗는 시간은 가능한 짧게 하기","건강·안전"
"30초 비누로 손 씻기, 기침은 옷소매에","건강·안전"
"1일 3회(회당 10분) 이상 환기, 다빈도 접촉부위 1일 1회 이상 주기적 소독","건강·안전"
"사적모임의 규모와 시간은 가능한 최소화하기","건강·안전"
"코로나19 증상 발생시 검사 진료받고 집에 머물며, 다른 사람과 접촉 최소화하기","건강·안전"
"1. 모든 실내 및 실외 착용 의무화 상황에서 마스크 착용하기","건강·안전"
"3밀(밀폐 밀접 밀집) 환경에서는 KF80 이상 보건용 마스크 착용 우선 권장하기","건강·안전"
"음식물 섭취 등 실내에서 마스크를 벗는 시간은 가능한 짧게하고, 섭취 전 후에는 마스크 계속 착용하기","건강·안전"
"2. 실내시설 이용 또는 여행지 방문 시 가급적 혼잡한 시간대를 피하고, 3밀(밀폐 밀접 밀집) 환경에서 머무르는 시간 최소화하기","건강·안전"
"실내 시설(피시방, 관공서, 영화관, 공연장, 백화점, 대형마트 등) 이용 시 관련 시설의 행정명령 등 별도 규정이 있는 경우 이를 준수하기","건강·안전"
"3. 대중교통 이용 시 가급적 대화 자제하고, 대합실, 객실 등 공동이용 장소에서 타인과 거리 유지하기","건강·안전"
"4. 모임 행사는 밀집 밀폐도가 낮은 야외공간 또는 환기가 잘되고 충분한 공간이 확보된 곳에서 진행하기","건강·안전"
"5. 오랜 시간 동안 마스크를 착용할 수 없고, 사람 간 거리 유지가 어려운 밀폐된 공간(수면실 등)은 가급적 이용하지 않기","건강·안전"
"6. 냉난방기 등 사용시 실내공기가 재순환되고 공기의 흐름으로 인해 비말이 더 멀리 확산될 우려가 있으므로 자주 환기하고 풍향 및 풍량에 주의하여 사용하기","건강·안전"
"가능한 자주 외부 공기로 환기하고, 바람이 직접 사람에게 향하지 않도록 하며, 바람의 세기는 가급적 낮춰서 사용하기","건강·안전"
"일찍 자고 일찍 일어나기","건강·안전"
"규칙적인 운동하기(달리기, 줄넘기 등)","건강·안전"
"교통사고 조심하기","건강·안전"
"허락받고 외출하고 시간 내 귀가하기","기타"
"비누를 이용하여 흐르는 물에 30초 이상 꼼꼼히 자주 손 씻기","건강·안전"
"기침 및 호흡기 증상이 있을 경우 반드시 기침 예절 준수하기","건강·안전"
"사람이 많이 모이는 장소 방문 시 반드시 마스크 착용하기","건강·안전"
"아프면 집에서 휴식을 취하고 의심되는 증상이 생기면 반드시 진료받기","건강·안전"
"물놀이 전 반드시 준비운동 실시, 구명조끼 착용하기","건강·안전"
"물에 들어갈 때는 심장에서 먼 부분부터 들어가기","건강·안전"
"건강이 안 좋을 때, 배고플 때, 식사 후 물놀이 금지","건강·안전"
"장시간 수영 금지","건강·안전"
"호수나 강에서 혼자 수영 금지","건강·안전"
"몸이 떨리거나 피부가 소름이 돋을 때 물놀이 중지!","건강·안전"
"물에 빠진 사람을 발견하면 무모한 구조 NO!","건강·안전"
"주위에 소리쳐 알리고 즉시 119에 신고!","건강·안전"
"수영장 이용 시에도 생활 속 거리두기 지침 준수","건강·안전"
"코로나19로부터 안전하지 않은 지역 방문은 자제","건강·안전"
"모르는 사람과 SNS로 대화하지 않기","건강·안전"
"개인정보를 온라인에서 만난 사람에게 주지 않기","건강·안전"
"1학년 학생건강검사 실시 후 개학하면 건강검사 확인서를 꼭 제출해주시기 바랍니다.","제출"
"등교하는 날은 반드시 자가진단 실시 후 등교","건강·안전"
"학생이 코로나19 확진 또는 보건당국으로부터 격리통보를 받은 경우 자가진단 앱의 ""방역기관통보기관 등록""에 입력바랍니다.","건강·안전"
"물놀이 전 반드시 준비운동 실시, 구명조끼 착용","건강·안전"
"물에 들어갈 때는 심장에서 먼 부분부터!","건강·안전"
"방학 중 구강검사 한 사람은 확인서 가져오기","제출"
"방학 중 구강검사를 완료한 친구들은 개학날 구강검사 확인서를 가지고 옵니다.","준비물"
"학생들끼리만 있는 3인 이상의 단체 채팅방 만들지 않기","건강·안전"
"4학년 학생건강검사 및 학생치과주치의사업 실시 후 개학날 담임 선생님께 건강검사 확인서를 꼭 제출해주시기 바랍니다.","제출"
"구강검진 (8.1.부터 가능) 후 확인서 제출","제출"
"수강료와 교재비 및 재료비는 스쿨뱅킹(신용카드 납부)하며 교육의 효율성과 연계성을 고려하여 3개월분을 징수합니다.","비용"
"OA마스터( 한글2016 )3-6(20명) 주 1회 / 주 100분 수 15:15~16:55 (100분)수강료 12회93,120원교재비 12,0원 '한글 프로그램' 기본 과정 한글 2016으로 수업 시간마다 작품을 만들면서 자연스럽게 한글 프로그램을 익히는 과정으로 고학년 학생이면 꼭!!","비용"
"익혀야 하는 필수 과정입니다.자격증반A( ITQ한글 )3-6(20명) 주 2회 / 주 150분 화,목 14:30~15:45 (150분)수강료 23회133,860원교재비 16,0원 OA 자격증 과정 -준비3개월 실전3개월반한글프로그램 자격증 시험 준비과정으로 최신기출유형문제를 자격증을 취득하기 위해 모의고사를 반복적으로 작성하며 실력을 향상시키는 반입니다.","비용"
"ITQ한글 : 자격증을 취득하는 학생들에게 추천자격증반B( ITQ파워포인트 )3-6(20명) 주 2회 / 주 150분 월,금 14:00~15:15 (75분)수강료 23회133,860원교재비 16,0원 OA 자격증 과정 -준비3개월 실전3개월반파워포인트 자격증 시험 준비과정으로 최신기출유형문제를 자격증을 취득하기위해 모의고사를 반복적으로 작성하며 실력을 향상시키는 반입니다.","비용"
"ITQ파워포인트 : 자격증을 취득하는 학생들에게 추천 문의안내 : 이수진 010-9625-4065, 통화가 안 될 경우, 문자 남겨주시면 연락드리겠습니다.컴퓨터 프로그램 안내 (대면/비대면 가능) 컴퓨터 프로그램 안내 (대면/비대면 가능) 방과후학교 온라인 수강신청 방법 - 모바일, PC 모바일, PC로 신청 / 종이신청서는 받지 않음!!","제출"
"신청 순서 : 학년반 학교안내문 설문응답하기 응답제출응답제출( 수정시 PC로만 : 학년반 학교안내문 응답 확인 응답수정응답수정 응답제출응답제출 )1신청하고자 하는 학생의 학년반 클릭( 다자녀 신청 경우 각 학생의 학년 반에서 신청 )2 학교안내문 클릭아래설문 응답 하기(홍길동)설문 응답하기 클릭 후 신청3""설문기간 이전""에는 과목 및 응답제출 ""비활성화"" 과목 옆 i클릭하면 상세정보 확인가능(교재 및 재료비는 조정될 수 있음) 사전에 배부된 안내문 및 설문 들어가 강좌 확인(학교홈페이지 방과후프로그램별 분기 수업계획서 참고)4 방과후학교신청 설문기간에설문 응답 하기(홍길동)로 들어가 수강할 과목(클릭함과 동시에 선착순 등수, 대기번호 확인가능).","제출"
"선택 후 응답제출응답제출 클릭 방과후학교 온라인 수강신청 방법 - 모바일, PC 2022학년도 3분기 방과후학교 신청 안내 제2022- 호 구분 내용 교육기간 2022. 8. 29.(월) ~ 2022. 11. 18.(금), 월:9회, 화:11회, 수,목:12회, 금:11회9/9(금)~9/12(월) 추석연휴, 9/13(화) 자율휴업일, 10/3(월) 개천절, 10/10(월) 한글날 대체공휴일 신청방법 ""학교종이앱""을 통해 선착순으로 이루어집니다.","일정"
"신청기간 2022. 8. 20.(토) 오전 10:00 ~ 8. 22.(월) 오후 18:00 까지, 선착순 마감, 대기인원 5명 수강료 납부방법 9. 19.(월) ~ 9. 22.(목) 스쿨뱅킹 출금 예정, 스쿨뱅킹 자동이체 또는 신용카드 납부 납부기한 내 스쿨뱅킹 통장으로 입금하시면 자동 납부 처리되오니 통장 잔액 꼭 확인 부탁드립니다.","비용"
"김아름010-2-4969 대면 B 3-6 14:30~16:00 화 쏙쏙한자속독 A 1-2 13:30~15:00 교과3실(서관2층) 수강료 76,780원(11회)/교재비17,0원 -그림과 이야기로 쉽게 익히는 한자.-교과어휘, 사자성어로 어휘력 확장하고, 한자 학습의 기본이 되는 부수 학습, 한자속독 훈련으로 집중력, 기억력 향상됩니다.-PPT를 활용한 한자 보드게임을 합니다.-수준별 급수교재로 급수시험 대비를 합니다.","비용"
"수강료 76,780원(11회)","비용"
"악기, 교재 개별 구매","준비물"
"재료비 54,000원","비용"
"수강료 83,760원(12회)","비용"
"재료비 72,000원","비용"
"교재비 22,000원","비용"
"재료비 75,000원~85,000원(수준별상이)","비용"
"교재 및 재료비 48,000원","비용"
"재료비 57,000원","비용"
"재료비 80,000원","비용"
"교재비 24,000원","비용"
"김수진010-8140-1728 대면(비대면 가능) B 1-6 15:10~16:40 금 창의미술 A 1-2 12:50~14:20 실과실(본관4층) 수강료 76,780원(11회)/재료비48,0원 -교재가 있는 자기 주도적인 융합 미술 수업입니다.","비용"
"수강료 38,390원(11회)","비용"
"Starter 1-2(20명) 12:50~13:30(40분) 13:30~14:10(40분) 수강료 12주(55회) 186,450원 교재비 37,000원","비용"
"A 2-3(20명) 13:40~14:20(40분) 14:30~15:10(40분) 수강료 12주(55회) 186,450원 교재비 37,000원","비용"
"B 3-6(20명) 14:30~15:20(50분) 15:15~16:05(50분) 수강료 12주(55회) 233,200원 교재비 36,000원","비용"
"C 3-6(20명) 15:30~16:35(65분) 16:10~16:50(40분) 수강료 12주(55회) 233,200원 교재비 35,000원","비용"
"수강료 20회 77,600원 교재비 8,000원","비용"
"수강료 23회 89,240원 교재비 8,000원","비용"
"수강료 12회 93,120원 교재비 15,000원","비용"
"수강료 23회 133,860원 교재비 16,000원","비용"
"신청 순서: 1. 학년반 클릭(다자녀 신청 경우 각 학생의 학년반에서 신청)","제출"
"4. 방과후학교신청 설문기간에 설문응답하기로 들어가 수강할 과목 선택","제출"
"5. 응답제출 클릭, 수정은 반드시 PC이용","제출"
"6. 응답수정 클릭해 과목 다시 클릭(설문응답 기간 ~8/22(월) 18시까지만)","제출"
"7. 다시 선택하여 응답제출 클릭","제출"
"수강 취소: 과목 선택해제 후 응답회수 클릭","제출"
"강좌를 희망하지 않으실 경우 응답회수 필수","제출"
"대기자도 강좌를 희망하지 않으실 경우 취소 필수","제출"
"접수기간 종료 후 취소: 방과후코디실 02-2699-4785(내선829) 연락","기타"
"신청기간: 2022년 8월 20일(토) 10:00 ~ 8월 22일(월) 18:00","일정"
"수강료 납부: 2022년 9월 14일(수) ~ 9월 16일(금)","비용"
"현장체험학습 실시: 2022년 10월 7일(금) 09:00~15:00","일정"
"장소: 일산 아쿠아플라넷","일정"
"납부기간: 2022년 9월 28일(수) - 30일(금)","비용"
"1인당 예상 현장체험학습비: 41,200원","비용"
"준비물: 간편 복장, 도시락, 물, 개인 돗자리, 간식, 휴지, 비닐봉지, 멀미약","준비물"
"참가신청 마감: 9월 15일(목)","제출"
"참가여부 신청: 학교종이 앱 이용","제출"
"장소: 파주벽초지수목원(경기도 파주시)","일정"
"납부기간: 2022년 9월 27일(화) - 30일(금)","비용"
"교통비: 25,950원","비용"
"체험비: 16,000원","비용"
"준비물: 간편 복장, 도시락, 물, 간식, 휴지, 비닐봉지, 멀미예방","준비물"
"수강신청 방법: ""학교종이앱""을 통해 선착순으로 이루어집니다.","제출"
"추가신청기간: 2022년 8월 23일(화) 오후 19:00 ~ 8월 25일(목) 오후 12:00, 선착순 마감, 대기인원 5명","일정"
"수강료 납부기간: 2022년 9월 19일(월) ~ 9월 22일(목), 스쿨뱅킹 출금 예정, 스쿨뱅킹 자동이체 또는 신용카드 납부","비용"
"수강을 취소할 경우: 과목 선택해제 후 ""응답회수"" 클릭","기타"
"방과후코디실(02-2699-4785(내선829))로 연락 주세요.","기타"
"수강료 납부: 2022년 9월 19일(월) ~ 9월 22일(목)까지 스쿨뱅킹 자동이체 또는 신용카드 납부","비용"
"아울러 2학기 코로나19 대응관리를 위한 자가검사키트(신속항원검사도구)를 배부해 드리니 가정에서 증상 발생 시 사용하시기 바랍니다.","건강·안전"
"증상 발생 시 개인별 자체 검사를 실시합니다.","건강·안전"
"자가진단 앱에 검사 결과를 입력합니다.","건강·안전"
"양성인 경우 담임교사에게 연락 후 등교중지 및 PCR검사 또는 전문가용 신속항원검사를 받습니다.","건강·안전"
"모든 실내 마스크 의무 착용, 실외는 착용의무 해제입니다.","건강·안전"
"단, 50인 이상 참석하는 실외집회, 50인 이상 관람하는 실외 공연 스포츠 경기는 착용 의무 유지입니다.","건강·안전"
"등교 전 자가진단 앱 매일 참여(본인 임상증상유무, 검사유무)","건강·안전"
"등교 전 유증상이면 등교중지하고 신속하게 검사합니다.","건강·안전"
"검사 결과 '음성'이면 등교(출근) 가능하나, 증상이 지속되거나 심해지면 의료기관 방문 진료 검사를 실시합니다.","건강·안전"
"신속하게 검사(자가검사, 의료기관 방문 등), 검사 결과 '음성'이면 등교(출근) 가능합니다.","건강·안전"
"확진 시 방역당국 지침에 따라 격리기간(7일 의무) 및 수칙을 준수합니다.","건강·안전"
"확진되면 자가진단앱에 ""방역기관 통보 내역""을 등록합니다.","건강·안전"
"격리해제 후 3일간 주의 권고 기간으로 KF94마스크를 상시 착용합니다.","건강·안전"
"감염 위험도 높은 시설 이용(방문) 제한, 사적 모임을 자제합니다.","건강·안전"
"동거인 확진 시 10일간 수동감시를 권고합니다.","건강·안전"
"3일 이내 PCR 검사 또는 전문가용 신속항원검사, 음성시 6~7일차에 신속항원검사를 권고합니다.","건강·안전"
"PCR검사 후 음성으로 확인될 때까지 자택 대기를 권고합니다.","건강·안전"
"어린이(만 13세 미만) 운전 금지입니다.","건강·안전"
"어린이 운행 적발 시 보호자 처벌(과태료 10만원)을 받습니다.","건강·안전"
"운전 시 원동기 면허 이상을 보유해야 합니다.","건강·안전"
"안전모(헬멧) 착용을 반드시 합니다.","건강·안전"
"동시에 두 명 이상 탑승을 금지합니다.","건강·안전"
"교통신호를 준수하고 자전거 도로를 이용해 통행합니다.","건강·안전"
"횡단보도를 건널 경우 내려서 밀면서 걸어서 횡단합니다.","건강·안전"
"STOP(멈춘다), LOOK(좌우를 살핀다), GO(건넌다)를 실천합니다.","건강·안전"
"횡단보도를 건널 때 녹색 불이더라도 차량을 확인한 후 좌우를 살피며 건너갑니다.","건강·안전"
"절대 무단횡단을 하지 말고 조금 멀더라도 반드시 신호등이 있는 횡단보도를 이용합니다.","건강·안전"
"등하교 시 시간적 여유를 갖고 미리 준비하여 서두르는 일이 없도록 합시다.","건강·안전"
"보행 중 휴대폰 사용을 금지하며 친구와 장난치지 않습니다.","건강·안전"
"어린이 운행 적발 시 보호자 처벌(과태료 10만원)","건강·안전"
"운전 시 원동기 면허 이상 보유","건강·안전"
"안전모 (헬멧) 착용","건강·안전"
"동시에 두 명 이상 탑승 금지","건강·안전"
"교통신호를 준수하고 자전거 도로를 이용해 통행","건강·안전"
"횡단보도를 건널 경우 내려서 밀면서 걸어서 횡단","건강·안전"
"등하굣길 교통안전 수칙 1. STOP(멈춘다), LOOK(좌우를 살핀다), GO(건넌다)","건강·안전"
"신종 코로나 오미크론의 확산세가 아직도 계속되고 있어 본교는 새 학기 적응 주간을 3.7.(월) ~ 3.11(금)까지 연장하여 학사일정을 운영하고자 하오니 유념하시고 많은 협조 부탁드립니다.","일정"
"또한 3.4.(금)부터 교육청에서 제시한 학사운영 지표에 따라 원격수업운영이 이루어짐을 안내드립니다.","일정"
"3.7(월) ~ 3.11.(금) 학사운영 안내 블렌디드수업 : 교실수업 30분 과제학습 10분으로 진행합니다.","일정"
"학교폭력을 선제적으로 예방하고자 운영되는 카카오톡 채널 ""스쿨벨"" 구독을 통한 참여","기타"
"또한 돌봄교실에 참여하는 학생들은 담당선생님께서 연락하실 예정이며 긴급돌봄이 필요한 경우 학교종이 앱에서 9.5.(월) 20시까지 신청바랍니다.","제출"
"점심: 도시락 지참","준비물"
"준비물: 개인 자율학습에 필요한 자료(개별 준비)","준비물"
"변경 활동 장소 : 기존 쎄일마트 앞 2번 자리 학부모님이 버거킹 앞 횡단보도로 변경","일정"
"버거킹 앞 담당 학부모님께서는 학생들이 상아마트 쪽으로 건널 수 있도록 지도 부탁드립니다.","기타"
"마스크는 개인이 지참하며 깃발, 터치식 호루라기 및 위생장갑은 보안관실 뒤 식당입구 쪽 녹색실에 비치되어 있으니 활용하시면 됩니다.","준비물"
"선출 시기: 학부모 및 교원위원은 2022. 3. 21일까지, 지역위원는 2022. 3. 30일까지 선출","일정"
"학부모위원: 전자투표로 선출합니다.","제출"
"1) 질서를 지키고 안전하게 행동을 합니다.","건강·안전"
"2) 이동할 때에는 차례대로 질서를 지킵니다.","건강·안전"
"3) 몸에 이상이 있으면 즉시 선생님께 말씀드립니다.","건강·안전"
"4) 실내에서 반드시 마스크를 잘 씁니다.","건강·안전"
"1) 정해진 자리에 앉아 안전벨트를 맵니다.","건강·안전"
"2) 운행 중에는 일어서서 돌아다니지 않습니다.","건강·안전"
"3) 버스 안에서 큰 목소리로 말하거나 떠들지 않습니다.","건강·안전"
"4) 버스 안에서 음식을 섭취하지 않습니다.","건강·안전"
"1) 선생님의 안내에 따라 질서 있게 활동합니다.","건강·안전"
"학교에서는 어린이 안전사고 예방을 위하여 사전 지도하고 있으며 가정에서도 철저한 예방지도를 바랍니다.","건강·안전"
"코로나19로 그동안 실시하지 못했던 현장체험학습을 다음과 같이 실시하고자 하오니, 아래의 내용을 확인하시고 9월 15일(목)까지 학교종이 앱으로 참가여부를 선택해 주시기 바랍니다.","제출"
"2. 장소: 파주벽초지수목원(경기도 파주시)","일정"
"3. 납부기간 및 방법: 2022년 9월 27일(화)-30일(금) 스쿨뱅킹 또는 신용카드","비용"
"14. 준비물: 간편 복장, 도시락, 물, 간식, 휴지, 비닐봉지, 멀미예방 등","준비물"
"18. 아래의 내용을 확인하시고 9월 15일(목)까지 학교종이 앱으로 참가여부를 신청해주시기 바랍니다","제출"
"21. 3. 납부기간 및 방법: 2022년 9월 27일(화)-30일(금) 스쿨뱅킹 또는 신용카드","비용"
"32. 14. 준비물: 간편 복장, 도시락, 물, 간식, 휴지, 비닐봉지, 멀미예방 등","준비물"
"38. 20. 3. 납부기간 및 방법: 2022년 10월 17일(월)~20일(목) 스쿨뱅킹 또는 신용카드","비용"
"40. 22. 5. 1인당 예상 현장체험학습비: 59,950원","비용"
"49. 31. 준비물: 간편 복장(운동화 착용), 크로스백 등 메는 보조가방, 개인 물통, 휴지, 비닐봉지 1-2개, 손목시계, 멀미예방약 등","준비물"
"현장체험학습 참가 신청서 보호자 ( 서명) 서울신월초등학교장 귀하 안전하고 신나는 체험학습 기본적으로 지킬 일 1) 질서를 지키고 안전하게 행동을 합니다.","제출"
"2. 장소: 키자니아 서울(서울 송파구 올림픽로 240)","일정"
"3. 납부기간 및 방법: 2022년 10월 17일(월)~20일(목) 스쿨뱅킹 또는 신용카드","비용"
"6. 일정: 09:00 학교 출발 - 인원 확인 및 탑승","일정"
"준비물: 간편 복장(운동화 착용), 크로스백 등 메는 보조가방, 개인 물통, 휴지, 비닐봉지 1-2개, 손목시계, 멀미예방약 등","준비물"
"2. 장소: 롯데월드(서울 송파구 올림픽로 240)","일정"
"3. 납부기간 및 방법: 2022년 9월 27일(화)~30일(금) 스쿨뱅킹 또는 신용카드","비용"
"준비물: 간편 복장(운동화 착용), 크로스백 또는 메는 가방, 도시락, 개인 물통, 간식, 휴지, 물티슈, 비닐봉지 1-2개, 멀미예방약 등","준비물"
"참가신청 후 체험학습 당일에 불참하면 교통비를 제외한 비용(체험비)만 환불 처리됨","기타"
"영상 게시기간: 9월 17일(토) 자정까지(이후 비공개 전환)","일정"
"신청기간 1차: 3월 3일(목) 오후 12:30~해당 프로그램 시작 전까지(3월 7일~11일 프로그램 신청)","일정"
"신청기간 2차: 3월 8일(화) 오후 12:30~해당 프로그램 시작 전까지(3월 14일~19일 프로그램 신청)","일정"
"신청기간 3차: 3월 15일(화) 오후 12:30~해당 프로그램 시작 전까지(3월 21일~25일 프로그램 신청)","일정"
"신청기간 4차: 3월 22일(화) 오후 12:30~해당 프로그램 시작 전까지(3월 28일~31일 프로그램 신청)","일정"
"교육신청: 네이버 카페(https://cafe.naver.com/sensec1)를 통해 사전 신청","제출"
"마음방역 카페 접속 후 ""우리집 가족놀이 신청서"" 카테고리 확인","제출"
"매주 신청 게시글에서 ""우리집 가족 놀이 3월 1차 신청"" 등 댓글로 날짜, 시간, 프로그램, 인원수 작성","제출"
"코로나19로 그동안 실시하지 못했던 현장체험학습을 실시하고자 하오니 아래 내용을 확인하시고 9월 16일(금)까지 학교종이 앱으로 참가여부를 신청해주시기 바랍니다.","제출"
"체험시설이용 예절: 식사는 정해진 장소에서 모둠 친구들과 함께 하고 쓰레기는 지정된 장소에 버리거나 되가져가기","건강·안전"
"체험시설이용 예절: 용돈을 아껴 쓰고 불필요한 물건을 사지 않기","건강·안전"
"체험시설이용 예절: 놀이기구를 탈 때에는 안내에 따라 안전벨트를 매고 제대로 잘 장착되었는지 운행 요원의 확인 받기","건강·안전"
"체험시설이용 예절: 놀이기구를 탈 때 떨어질 수 있는 물건은 가지고 타지 않기","건강·안전"
"체험시설이용 예절: 놀이기구가 정차하기 전 안전장치를 풀지 않고 안내 기다리기","건강·안전"
"성교육: 낯선 사람 따라가지 않기","건강·안전"
"성교육: 선생님 및 친구들과 함께 있기(외진 곳에 혼자 가지 않기)","건강·안전"
"성교육: 화장실 출입 시 자신의 옷 정리 잘하기","건강·안전"
"성교육: 친구의 허락 없이 사진, 동영상 등을 촬영하지 않기","건강·안전"
"성교육: 자신의 몸 소중히 여겨 노출하지 않기","건강·안전"
"성교육: 자신의 몸을 다른 사람들 앞에서 만지거나 하는 등의 행위 하지 않기","건강·안전"
"학교폭력 및 성폭력 예방: 시비가 붙지 않도록 주의하기(눈싸움 하지 않기 등)","건강·안전"
"학교폭력 및 성폭력 예방: 친구들과 음식 등으로 다투거나 요구하지 않기","건강·안전"
"학교폭력 및 성폭력 예방: 친구 간에도 예의를 지키고 모둠별로 움직이다가 누군가를 소외 시키는 행동을 하지 않기","건강·안전"
"학교폭력 및 성폭력 예방: 남의 옷차림이나 용모를 가지고 평가하거나 비웃지 않기","건강·안전"
"학교폭력 및 성폭력 예방: 성적 수치감이 들 수 있는 언행을 삼가기","건강·안전"
"학교폭력 및 성폭력 예방: 친구(특히 이성 친구)사이에 예절 바른 언어를 사용하기","건강·안전"
"학교폭력 및 성폭력 예방: 노출이 심한 옷은 삼가고 단정한 복장을 착용하기","건강·안전"
"학교폭력 및 성폭력 예방: 성희롱·성폭력을 목격 및 피해를 당했을 경우 즉시 담임선생님께 신고하기","건강·안전"
"학교폭력 및 성폭력 예방: 신체접촉은 절대 금지하며 신체에 대해 놀리지 않고 친구가 불쾌하게 여기는 별명 부르지 않기","건강·안전"
"학교폭력 및 성폭력 예방: SNS 상에서 올바른 언어를 사용하기","건강·안전"
"학교폭력 및 성폭력 예방: 친구들의 사진이나 동영상을 허락 없이 촬영하지 않고 SNS 상에 올리지 않기","건강·안전"
"하교안전교육: 버스 안에 놓고 내리는 물건이 없는지 자기 물건을 잘 챙기기","건강·안전"
"하교안전교육: 부모님(보호자)께 연락하기","건강·안전"
"하교안전교육: 하교 후 곧바로 집으로 가며 PC방, 친구 집에 가서 놀지 않기","건강·안전"
"하교안전교육: 집으로 돌아가서 짐을 풀고 손, 발 등 깨끗하게 씻기","건강·안전"
"안전교육 현장학습 당일 지킬 일 버스 차례차례 승차 및 하차하기 야외에서 차례차례 2줄씩, 인솔자와 함께 다니기 자연을 사랑하고 훼손하지 않도록 한다.","건강·안전"
"정해진 길만 다니고 허락된 장소 이외에는 가지 않는다. 풀밭에 함부로 들어가지 않고 해충에 유의한다.","건강·안전"
"안전수칙을 준수하고 지시에 따르며 올바르게 이용한다. 활동 중에 선생님의 지시에 따르고 장난을 치지 않도록 한다.","건강·안전"
"코로나 상황이 아직 끝나지 않은 점을 고려하여 학교 방문시 방역수칙을 지켜주시고 건강이 우려되는 분은 아쉽지만 학교방문을 자제해주시면 감사하겠습니다.","건강·안전"
"가입비용: 11,000원(단말기 구매비용), 2,750원(단말기 운송료), 총 13,750원(최초 1회 결제)","비용"
"앱 설치: 구글 플레이스토어 및 아이폰 앱스토어에서 'T안심알리미' 검색 후 설치","기타"
"Step 1: APP 설치 및 서비스 이용약관 동의, 전화번호 중복 검사","제출"
"Step 2: 희망자 서비스 상품 선택 후 지역 학교 선택","제출"
"Step 3: (이벤트) 02-28 지원 상품 서비스 신청 및 자녀정보 입력","제출"
"9월 23일(금)까지 학교종이 앱으로 참가여부를 신청해주시기 바랍니다.","제출"
"장소: 용인 에버랜드 (경기도 용인시 처인구 포곡읍)","일정"
"납부기간 및 방법: 2022년 10월 17일(월) ~ 20일(목) 스쿨뱅킹 또는 신용카드","비용"
"체험비: 19,000원 (놀이기구 체험 및 사파리 등 관람비)","비용"
"준비물: 도시락, 간편 복장(운동화 착용), 크로스백 등 메는 보조가방, 개인 물통, 휴지, 비닐봉지 1-2개, 멀미예방약 등","준비물"
"1. 수업공개 기간 (시간) : 2022. 9. 21.(수) 2교시(9:50~10:30) - 담임교사3교시(10:40~11:20) - 교과전담교사2. 수업공개 대상 : 1~6학년 학부모3. 참관 방법 1) 해당 시간에 자녀 교실로 방문하여 수업 참관2) 수업 참관 후 수업 참관록 을 작성 - 자녀지도 피드백 자율로 활용","일정"
"단말기는 수령 후 동봉된 사용설명서와 같이 단말기 번호 등록 후 가방에 착용해 주시기 바랍니다.","기타"
"이벤트 상품 신청기간 : 9.19(월) ~ 10.31(월) (신청기간 이후에는 일반 유료 상품으로 가입 가능) 2022년 9월 19일 서울신월초등학교장 서비스 신청 안내 아래 순서대로 설치하고 신청하세요.","일정"
"(1년 요금 : 33,0원 / 중도 해지 시 환불) 기초생활수급자, 차상위계층, 한부모가정, 장애인은 서비스 무료기간 종료 1개월 전 별도안내가 제공 됩니다.","비용"
"현장체험학습 참가 신청서 2022학년도 6학년 현장체험학습에 참가를 희망하여 신청서를 제출합니다.","제출"
"3. 납부기간 및 방법 : 2022년 10월 17일(월) ~ 20일(목) 스쿨뱅킹 또는 신용카드","비용"
"준비물 : 도시락, 간편 복장(운동화 착용), 크로스백 등 메는 보조가방, 개인 물통, 휴지, 비닐봉지 1-2개, 멀미예방약 등","준비물"
"교통안전 - 교통수단 안전 이용방법 : 승차, 하차할 때 차례를 지켜 한 사람씩 천천히 타고 내리기","건강·안전"
"다른 사람에게 방해되는 장난이나 행동하지 않기","건강·안전"
"차량이 완전히 정차한 후에 차례를 지켜 내리기","건강·안전"
"쓰레기는 준비해 온 봉투에 넣기","건강·안전"
"체험시설이용 예절 - 차례 지키기, 인솔교사와 함께 다니기","건강·안전"
"궁금한 점은 조용히 질문하기, 청결하게 사용하기","건강·안전"
"성교육 - 낯선 사람 따라가지 않기, 선생님 및 친구들과 함께 있기(외진 곳에 혼자 가지 않기)","건강·안전"
"화장실 출입 시 자신의 옷 정리 잘하기","건강·안전"
"자신의 몸 소중히 여겨 노출하지 않기","건강·안전"
"학교폭력 및 성폭력 예방 - 시비가 붙지 않도록 주의한다(눈싸움 하지 않기 등)","건강·안전"
"다른 학생에게 음식 등으로 다투거나 요구하지 않는다","건강·안전"
"친구 간에도 예의를 지키고 모둠별로 움직이다가 누군가를 소외시키지 않도록 주의한다","건강·안전"
"남의 옷차림이나 용모를 가지고 평가하거나 비웃지 않는다","건강·안전"
"성적 수치감이 들 수 있는 언행을 삼간다","건강·안전"
"친구(특히 이성 친구)사이에 예절 바른 언어를 사용한다","건강·안전"
"노출이 심한 옷은 삼가고, 단정한 복장을 착용한다","준비물"
"성희롱 성폭력을 목격 및 피해를 당했을 경우 즉시 담임선생님께 신고하도록 한다","건강·안전"
"운영기간 : 2022. 10. 4.(월) ~ 2022. 10. 31.(월)","일정"
"신청기간 : 2022. 9. 21.(수) ~ 9. 26.(월)","일정"
"신청방법 : 온라인 URL 접속 신청 http://ksurv.kr/?d7175","제출"
"10월 중 참여 희망일자 선택 신청(공휴일 제외)","제출"
"모집기간 : 2022. 9. 23.(금) ~ 2022. 9. 30.(금)","일정"
"신청정보 : 성명, 성별, 연령, 주소, 연락처, e-mail 주소 등","제출"
"학부모는 자녀 수 및 자녀취학학교명, 교사는 소속학교 및 교직경력 기재","제출"
"3. 1인당 현장체험학습비 : 42,780원","비용"
"납부방법 9월 27(화)~30일(금)까지 스쿨뱅킹 또는 신용카드 납부","비용"
"참가 신청 후 개인 사정으로 참여하지 못할 경우 교통비를 제외한 금액만 환불","기타"
"2. 장소 : 파주 벽초지수목원 그린스쿨 (경기도 파주시 광탄면 부흥로 242)","일정"
"신청 순서: 학년반 선택 - 학교안내문 - 설문응답하기 - 응답제출","제출"
"신청기간 : 2022. 3. 9.(수) 10:00 ~ 3. 10.(목) 오후 18:00","일정"
"1학년 현장체험학습 참가비를 9월 27(화)~30일(금) 기간 동안 신청하신 수익자부담경비 납부 계좌인 스쿨뱅킹 또는 신용카드를 통해 납부 바랍니다.","비용"
"정산 후 잔액 1인당 1천원 미만 시 학습준비물로 지원합니다.납부방법9월 27(화)~30일(금)까지 스쿨뱅킹 또는 신용카드 납부2022. 9. 27.서울신월초등학교장","비용"
"납부방법 9월 27(화)~30일(금)까지 스쿨뱅킹 또는 신용카드 납부 내역 금액 내역 비고 입장료 및 체험비 15,0원 입장료 및 체험활동비 교통비 27,780원 550,0원x 5대 99 명 학생 92명 교사 7명 계 42,780원 참가 신청 후 개인 사정으로 참여하지 못할 경우 교통비를 제외한 금액만 환불합니다.","비용"
"2학년 현장체험학습 참가비를 9월 27(화)~30일(금) 기간 동안 신청하신 수익자부담경비 납부 계좌인 스쿨뱅킹 또는 신용카드를 통해 납부 바랍니다.","비용"
"납부방법 9월 27(화)~30일(금)까지 스쿨뱅킹 또는 신용카드 납부 내역 금액 내역 비고 입장료 및 체험비 16,0원 입장료 및 체험활동비 교통비 27,500원 550,0원x 5대 100 명 학생 92명 교사 8명 계 43,500원 참가 신청 후 개인 사정으로 참여하지 못할 경우 교통비를 제외한 금액만 환불합니다.","비용"
"선택 후 응답제출 클릭 5 응답제출결과 수정은 반드시 PC이용!-설문 제출 후에는 아래 설문응답하기 가 ""응답 확인""으로 변경됨-응답 후 제출결과를 수정하실 때에는 응답 확인 클릭 6응답수정 클릭해 과목 다시 클릭(단 설문응답 기간인 ~3/10 18시까지만)7다시 선택하여 응답제출 클릭하면 끝!- 수강을 취소할 경우 : 과목 선택해제 후 ""응답회수"" 클릭방과후 온라인 신청 시 궁금한 사항은 (선착순 추가 접수 시작일: 3/9, 수, 10시)- 종합방과후 코디실방과후지원실 02)2699-4785(내선829)- 각 강좌문의 는 해당 강사님께 문의해주세요. 신청기간에 휴일이 포함되어있어 휴일 문의는 문자(학년반/이름/문의내용)로 남겨주세요. 수강신청 확인 및 정정 학교종이-학년반-학교안내문(방과후 1분기신청)- 응답확인하기에서 확인할 수 있습니다.(신청기간 이전에는 설문참여 안됨)접수기간 내에는 응답확인하기에서 응답수정이 가능합니다.(단 PC에서만 가능)강좌를 희망하지 않으실 경우에는 응답회수를 꼭 해주시기 바랍니다.대기자일 경우 정원내 취소자가 발생할 경우 자동으로 정원으로 신청이 됩니다.(강좌를 희망하지 않으실 경우에는 대기자의 경우라도 취소를 꼭 해주세요.)접수기간 종료 후 취소를 희망하실 경우에는 방과후코디실( 02-2699-4785(내선829)로 연락주세요.(접수기간 외에는 온라인에서 수강취소가 되지 않습니다/ 상담시간 13:00~16:30추가 신청기간 2022년 3월 9일(수) 10:00 ~ 3월 10일(목) 18:00- 수강 기간 : 2022년 3월 14일(월) ~ 6월 3일(금) - 수강료 납부 : 2022년 3월 31일(목) ~ 4월 5일(화)까지 스쿨뱅킹 자동이체 또는 신용카드 납부 2022학년도 1분기 방과후학교개설 확정 강좌 및 추가 신청 안내 제2022-19호 부패행위, 공익침해, 부정청탁, 행동강령 위반은 이메일 cleanedu@sen.go.kr / 1588-0260로 신고 장소 월 화 수 목 금해누리터(본관2층) 로봇공학이기림, 010-5123-57A 13:40~15:20B 15:30~17:10 별누리터(본관2층) 쏙쏙 한자속독배현정, 010-6302-7869A 13:40~15:20B 15:30~17:10 실과실(본관4층) 미니어처김경례, 010-6217-8179A 12:50~14:30B 14:40~16:20 창의요리안주란, 010-8909-4623A 13:40~15:20B 15:30~17:10 창의과학실험여성희, 010-4308-4312A 13:40~15:20B 15:30~17:10 창의큐브송미애, 010-9906-0810A 12:50~14:30B 14:40~16:20 교과1실(본관4층) 독서논술김미선, 010-7927-9769A 12:50~14:30B 14:40~16:20 우쿨렐레권명숙, 010-3217-8862A 13:40~15:20B 15:30~17:10 IQ바둑&체스최난희, 010-8554-9646A 13:40~15:20B 15:30~17:10 창의미술김라연, 010-8774-0769A 12:50~14:30B 14:40~16:20 교과4실(서관2층) 종이접기와 클레이공성원, 010-3745-1061A 13:40~15:20 움직이는스마트 레고블록김수진, 010-8140-1728A 13:40~15:20B 15:30~17:10 주산암산박연식, 010-3167-8644A 12:50~14:30B 14:40~16:20 원어민 영어 교실 / 한국인 강사.","제출"
"(단, 교재/재료가 이미 주문되었거나 배부된 경우, 교재/재료비는 환불되지 않습니다.) 구분 내용 교육기간 2022. 3. 14(월) ~ 2022. 6. 3.(금), 월,화:12회, 수,목,금:11회 신청방법 ""학교종이앱""을 통해 선착순으로 이루어집니다.(각 강좌 정원-20명, 정원 초과시 대기번호 배정) 자세한 방법은 6~7페이지 참고해주세요..","일정"
"신청기간 2022. 3. 9.(수) 10:00 ~ 3. 10.(목) 오후 18:00 까지, 선착순 마감, 대기인원 5명 수강료 납부방법 3. 31.(목) ~ 4. 05.(화) 스쿨뱅킹 출금 예정, 스쿨뱅킹 자동이체 또는 신용카드 납부 납부기한 내 스쿨뱅킹 통장으로 입금하시면 자동 납부 처리되오니 통장 잔액 꼭 확인 부탁드립니다.","비용"
"김라연010-8774-0769 대면(비대면 가능) B 3-6 14:40~16:20 금 주산암산 A 1-2 12:50~14:30 교과4실(서관2층) 수강료 85,360원(11회)교재비24,0원 -손가락 사용(좌뇌)과 암산(우뇌)을 이용하여 균형 있는 두뇌발달에 도움을 주며 ""신속하고 정확한 계산능력과 기억력과 집중력""을 향상시켜 학습에 긍정적 영향을 줍니다.-개인별 진도에 따른 1:1 맞춤 수업으로 급수검정시험 및 전국 주산암산대회에 참가하여 학습에 대한 성취감을 심어주며 온라인 학습으로 시너지효과가 있습니다.","비용"
"박연식010-3167-8644 대면(비대면 가능) B 3-6 14:40~16:20 프로그램 소개 반명 학년 시 간 학습내용 수강료및 교재비 교재명/교재비 Starter 1-2 월,금 13:00~13:40(40분) 노래와 챈트로 배우는 Phonics파닉스와 사이트워드를 기초로 한 읽기주제별 어휘학습과 이를 활용한 ActivityA 수강료 193,230원12주(57회)교재비16,0원~65,600원( 수준별상이 ) Jungle Phonics 1 Jungle Phonics 2 Hang Out Starter 하루 한장 English BITE 알파벳쓰기 화,수,목 13:40~14:20(40분) A 2-3 월,금 13:50~14:30(40분) 기본 음가와 파닉스 마무리 완성하기파닉스에 근거한 리딩으로 연계하는 학습 주제별 어휘와 기초회화를 활용한 Activity Jungle Phonics 2Jungle Phonics 3Big Show 1하루 한장 English BITE 초등 화,수,목 14:30~15:10(40분) B 3-5 월,금 14:40~15:30(50분) 초등 기본 영어회화 학습영어 문장의 토대를 세우는 기초 문법다양한 어휘력 향상 수강료 241,680원12주(57회)교재비16,0원~65,600원( 수준별상이 ) Reading Future Dream 1 Guided Writing 1Big Show 2 하루 한장 English BITE 초등 화,수,목 15:20~16:10(50분) C 3-6 월,금 15:40~16:30(50분) 초등 중급 영어회화 학습 독해를 통한 문법/ 듣기/ 말하기의 연계 학습영어적 사고로 자연스럽게 확장 Reading Future Discover 1Grammar Galaxy 1Hang Out 3하루 한장 English BITE 초등 화,수,목 16:20~17:10(50분) 강 사 소 개원어민 강사 Native Teacher.","비용"
"방과후학교 온라인 수강신청방법 모바일, PC / 종이 신청서는 받지 않음 !!신청 순서: 학년반- 학교안내문- 설문응답하기- 응답제출(수정시 PC로만: 학년반- 학교안내문- 응답 확인 - 응답수정- 응답제출 ) 1 신청하고자 하는 학생의 학년반 클릭( 다자녀 신청 경우 각 학생의 학년 반에서 신청 ) 2 학교안내문 클릭아래 설문응답하기클릭 후 신청 3 설문기간(2022. 3. 9.(수) 10:00 ~ 3. 10.(목) 오후 18:00)이전에는 과목 및 응답제출 비활성화 과목 옆 클릭하면 상세정보 확인가능(교재 및 재료비는 조정될 수 있음) 사전에 배부된 안내문 및 설문 들어가 강좌 확인(학교홈페이지 방과후프로그램별 1분기 수업계획서 참고) 4 방과후학교신청 설문기간에 로 들어가 수강할 과목(클릭함과 동시에 선착순 등수, 대기번호 확인가능).","제출"
"선택 후 응답제출 클릭 5 응답제출결과 수정은 반드시 PC이용!-설문 제출 후에는 아래 설문응답하기 가 ""응답 확인""으로 변경됨-응답 후 제출결과를 수정하실 때에는 응답 확인 클릭 6 응답수정 클릭해 과목 다시 클릭(단 설문응답 기간인 ~3/10 18시까지만) 7 다시 선택하여 응답제출 클릭하면 끝!- 수강을 취소할 경우 : 과목 선택해제 후 ""응답회수"" 클릭 방과후 온라인 신청 시 궁금한 사항은 (선착순 추가 접수 시작일: 3/9, 수, 10시)- 종합방과후 코디실방과후지원실 02)2699-4785(내선829)- 각 강좌문의 는 해당 강사님께 문의해주세요. 신청기간에 휴일이 포함되어있어 휴일 문의는 문자(학년반/이름/문의내용)로 남겨주세요. 수강신청 확인 및 정정 학교종이-학년반-학교안내문(방과후 1분기신청)- 응답확인하기에서 확인할 수 있습니다.(신청기간 이전에는 설문참여 안됨)접수기간 내에는 응답확인하기에서 응답수정이 가능합니다.(단 PC에서만 가능)강좌를 희망하지 않으실 경우에는 응답회수를 꼭 해주시기 바랍니다.대기자일 경우 정원내 취소자가 발생할 경우 자동으로 정원으로 신청이 됩니다.(강좌를 희망하지 않으실 경우에는 대기자의 경우라도 취소를 꼭 해주세요.)접수기간 종료 후 취소를 희망하실 경우에는 방과후코디실( 02-2699-4785(내선829)로 연락주세요.(접수기간 외에는 온라인에서 수강취소가 되지 않습니다/ 상담시간 13:00~16:30추가 신청기간 2022년 3월 9일(수) 10:00 ~ 3월 10일(목) 18:00- 수강 기간 : 2022년 3월 14일(월) ~ 6월 3일(금) - 수강료 납부 : 2022년 3월 31일(목) ~ 4월 5일(화)까지 스쿨뱅킹 자동이체 또는 신용카드 납부","제출"
"3학년 현장체험학습 참가비를 9월 27(화)~30일(금) 기간 동안 신청하신 수익자부담경비 납부 계좌인 스쿨뱅킹 또는 신용카드를 통해 납부 바랍니다.","비용"
"체험비 22,000원","비용"
"교통비 25,950원","비용"
"참가 신청 후 개인 사정으로 참여하지 못할 경우 교통비를 제외한 금액만 환불합니다.","기타"
"납부방법: 9월 27(화)~30일(금)까지 스쿨뱅킹 또는 신용카드 납부","비용"
"3. 1인당 현장체험학습비: 37,700원","비용"
"체험비 23,000원","비용"
"교통비 14,700원","비용"
"신청기간 1차: 9월 27일(화) 오후 12시 30분~해당 프로그램 시작 전까지 (10월 4일~15일 프로그램 신청)","일정"
"신청기간 2차: 10월 11일(화) 오후 12시 30분~해당 프로그램 시작 전까지 (10월 17일~10월 31일 프로그램 신청)","일정"
"교육신청: 네이버 마음방역(https://cafe.naver.com/sensec1)을 통해 댓글로 신청","제출"
"신청 방법: 마음방역(우리집 가족놀이) 신청서 카테고리에서 날짜, 시간, 프로그램 작성","제출"
"참여 방법: 신청 공지 게시글의 프로그램별 줌 코드번호와 비밀번호로 해당 프로그램 시작 5분 전 참여","일정"
"모든 교육은 ZOOM으로 하는 비대면 수업이며 교육 준비물은 가정에서 개인별 준비","준비물"
"모든 활동은 반드시 보호자 함께 참여","기타"
"1. 기간: 10.19.(수)~12.07.(수) 13:40~15:40 (총 8회기)","일정"
"4. 신청방법: 학교종이 어플 접속 신청 (학교종이 어플 접속 설문하기)","제출"
"신청방법: 온라인 URL 접속 신청 (http://ksurv.kr/?d72410)","제출"
"가정에서 실천할 수 있는 건전 정보 이용법: 컴퓨터를 거실에 놓아서 가족들이 공유할 수 있도록 한다.","기타"
"가정에서 실천할 수 있는 건전 정보 이용법: 인터넷 사용에 관한 가족 규칙을 만든다.","기타"
"가정에서 실천할 수 있는 건전 정보 이용법: 자녀들을 위한 검색엔진과 좋은 사이트는 북마크해 둔다.","기타"
"가정에서 실천할 수 있는 건전 정보 이용법: 인터넷 활동 이외의 실제 생활에도 적극적으로 참여할 수 있도록 돕는다.","기타"
"자녀에게 말해 주어야 할 인터넷 이용수칙: 인터넷상에서는 이름, 나이, 주소, 전화번호, 학교이름, 비밀번호 등 개인 신상에 관한 정보는 부모의 허락 없이 절대로 노출하지 말아야 한다.","기타"
"자녀에게 말해 주어야 할 인터넷 이용수칙: 부모의 허락 없이 사이버 공간에서 만나는 사람들과 절대로 직접 만나면 안 된다.","기타"
"자녀에게 말해 주어야 할 인터넷 이용수칙: 인터넷을 통해서 만나는 사람들에게 자신의 계획이나 행선지, 현재의 소재지 등을 알려주어서는 안 된다.","기타"
"자녀에게 말해 주어야 할 인터넷 이용수칙: 생소한 사람과 이메일을 주고받아서는 안 된다.","기타"
"자녀에게 말해 주어야 할 인터넷 이용수칙: 부모의 허락 없이 부가적인 요금을 내야 하는 정보나 사이트에 접근해서는 안 된다.","기타"
"자녀에게 말해 주어야 할 인터넷 이용수칙: 인터넷에서 자주 만나 상당히 친해진 사람이라도 자신의 사진을 보내서는 안 된다.","기타"
"자녀에게 말해 주어야 할 인터넷 이용수칙: 인터넷을 통해서 부모의 허락 없이 물건을 주문하거나 특히 신용카드번호를 알려주어서는 안 된다.","기타"
"자녀에게 말해 주어야 할 인터넷 이용수칙: 폭력적인 내용이나 의심스러운 제의 등에 대해서는 일체 답장하지 말고 반드시 부모에게 알려야 한다.","기타"
"자녀에게 말해 주어야 할 인터넷 이용수칙: 고의적으로 본 것이든 우연히 접한 것이든 불건전한 내용의 사이트나 그림이 있다면 부모에게 알려야 한다.","건강·안전"
"자녀에게 개인정보보호의 소중함을 일깨워 주기: 자신의 ID를 타인에게 빌려주거나 타인의 ID를 사용하지 않도록 한다.","건강·안전"
"자녀에게 개인정보보호의 소중함을 일깨워 주기: 비밀번호는 누구에게도 알려주거나, 알 수 있게 관리하지 않도록 한다.","건강·안전"
"자녀에게 개인정보보호의 소중함을 일깨워 주기: 개인 정보는 개인의 매우 중요한 정보 재산이므로 소중하게 취급하여야 한다는 사실을 강조한다.","건강·안전"
"납부방법 9월 27(화)~30일(금)까지 스쿨뱅킹 또는 신용카드 납부 내역 금액 내역 비고 체험비 22,0원 체험활동비 교통비 25,950원 550,0원x 5대 106 명 학생 101명 교사 5명 계 47,950원 참가 신청 후 개인 사정으로 참여하지 못할 경우 교통비를 제외한 금액만 환불합니다.","비용"
"학년 현장체험학습 참가비를 9월 27(화)~30일(금) 기간 동안 신청하신 수익자부담경비 납부계좌인 스쿨뱅킹 또는 신용카드를 통해 납부 바랍니다.","비용"
"납부방법 9월 27(화)~30일(금)까지 스쿨뱅킹 또는 신용카드 납부 내역 금액 내역 비고 체험비 23,0원 놀이시설 이용권 교통비 14,700원 550,0원x 3대 113 명 학생 106명 교사 7명 계 37,700원 참가 신청 후 개인 사정으로 참여하지 못할 경우 교통비를 제외한 금액만 환불합니다.","비용"
"공감놀이터""를 운영하오니 참여를 희망하시는 학부모님께서는 10.7(금)까지 학교종이로 회신하여 주시기 바랍니다.","제출"
"2. 행사기간: 2022. 10. 11.(화) ~ 11. 21.(월), 6주간","일정"
"수강방법: ZOOM 접속(회의용 ZOOM 클라이언트 다운로드 설치)- ZOOM 초대 링크:https://us02web.zoom.us/j/89955455394?pwd STJmWDhFY0RENG1iL3E3Z2VxYzI4Zz09- ZOOM 아이디, 암호: 아이디 899 5545 5394, 암호 2022","일정"
"학교 방문 시 방역수칙을 지켜주시고 건강이 우려되는 분은 아쉽지만 학교 방문을 자제해주시면 감사하겠습니다.","건강·안전"
"안내드리는 내용을 잘 살펴보시고, 방과후학교 학부모 수업 공개에 참여해주시기 바랍니다.","일정"
"참관 방법: 1) 해당 시간에 수업 장소로 방문하여 수업 참관","일정"
"유의 사항: 1) 정해진 시간에 맞추어 방문해 주시고, 방문 시 보안관실에서 방문증을 수령하시기 바랍니다.","기타"
"2) 수업 진행 및 학생들의 수업 집중을 위한 환경 조성에 협조해주시기 바랍니다.","기타"
"3) 학생 및 강사의 초상권 보호를 위해 녹화 촬영 및 SNS업로드 등을 금지합니다.","건강·안전"
"지원대상자이더라도 지원금 미신청 시 지급이 불가하므로, 아래 내용을 참고하시어 지원 신청하여 주시기 바랍니다.","제출"
"참여를 희망하는 학부모님께서는 신청기한 내 신청URL 접속을 통하여 직접 신청하여 주시기 바라며, 자세한 내용은 서울학부모지원센터 홈페이지(https://parents.sen.go.kr) 공지사항을 통해 확인 가능합니다.","제출"
"운영기간 : 2022. 11. 1.(화) ~ 2022. 11. 30.(수) 중 희망 강의 선택","일정"
"신청기간 : 2022. 10. 21.(금) 09:00 ~ 10. 26.(수) 18:00 까지","제출"
"애플데이 운영 일시 : 10. 24.(월) ~ 10.28.(금) : 각 학급에서 자율 운영","일정"
"일시: 2022년 10월 27일(목) 2, 3교시","일정"
"일시: 2022년 10월 28일(금) 2, 3교시","일정"
"일시: 2022년 10월 31일(월) 오전 10시~12시","일정"
"장소: 해누리터(본교 2층)","일정"
"대상: 희망 학부모 25명(선착순 인원 제한 예정)","일정"
"신청기간: 10월 25일(화)10:00 ~ 10월 27일(목)16:00까지 학교종이앱으로 제출","제출"
"입후보 등록기간: 2022년 3월 16일부터 ~ 2022년 3월 18일 15:00까지","일정"
"입후보 등록방법: 학교종이앱 - 학교안내문 '2022학년도 녹색교통 임원 선출' - 설문응답","제출"
"선거일시: 2022년 3월 21일(월) 09:00~15:00","일정"
"수집항목: 학부모님(성함, 연락처), 학생(학년, 반, 이름)","제출"
"동의를 거부할 수 있으며, 연락처 미제공시 녹색교통임원선거에 대한 안내가 어려울 수 있습니다.","기타"
"참여를 희망하는 학부모님께서는 서울학부모지원센터 홈페이지에서 개별 신청하여 주시기 바라며, 자세한 내용은 홈페이지 공지사항을 통해 확인 가능합니다.","제출"
"운영기간: 2022. 10. 31.(월) ~ 2022. 11. 17.(목) 기간 중 교육일자 1일 선택","일정"
"학교폭력예방교육 2022.10.31.(월)10:00~13:00 40명 전상희((사)갈등해결과 대화) 학교폭력, 소통과 공감으로!","일정"
"학교폭력예방교육 2022.11.2.(수)10:00~13:00 30명 전상희((사)갈등해결과 대화) 학교폭력, 소통과 공감으로!","일정"
"학생도박예방교육 2022.11.1.(화)10:00~13:00 40명 김종재(한국도박문제예방치유원) 학부모가 알아야할청소년 도박문제","일정"
"학생도박예방교육 2022.11.3.(목)10:00~13:00 40명 김종재(한국도박문제예방치유원) 학부모가 알아야할청소년 도박문제","일정"
"신청기간: 2022.10.24.(월)09:00 ~ 10.26.(수)24:00까지 3일간 선착순 모집","제출"
"신청방법1. 홈페이지 접속: https://parents.sen.go.kr/(개별 회원가입 및 로그인 교육/행사 알림 교육/행사 신청)","제출"
"신청방법2. 1인 1과목 참여(과목별 중복신청 가능)","제출"
"자녀 사용관리 프로그램을 활용한다.","기타"
"스마트폰 사용 자세를 바르게 하고, 사용 후 스트레칭하는 습관을 만들어준다.","기타"
"사용 규칙을 구체적으로 정해준다.","기타"
"온라인 학생만족도(의견)조사 설문에 참여하면 됩니다.","제출"
"1차 신청기간: 10월 31일(월) 오후 12시 30분~해당 프로그램 시작 전까지(11월 3일~19일 프로그램 신청)","일정"
"2차 신청기간: 11월 15일(화) 오후 12시 30분~해당 프로그램 시작 전까지(11월 22일~11월 30일 프로그램 신청)","일정"
"마음방역(우리집 가족놀이) 신청서 카테고리 매주 신청 게시글 확인","제출"
"댓글로 날짜, 시간, 프로그램 작성하여 신청 완료","제출"
"일시: 2022년 11월 8일(화) 3, 4교시","일정"
"학교운영위원회 회의는 직장인 등도 참여할 수 있도록 일과 후, 주말 등에 개최하오니 참여를 희망하시는 학부모님께서는 등록기간 내에 입후보하여 주시기 바랍니다.","제출"
"입후보 등록기간: 2022. 3. 11. ~ 3. 15.(5일간)","일정"
"학부모위원으로 입후보하고자 하는 학부모는 실에 비치된 후보자 등록서류를 작성하여 선출관리위원회에 제출(등록)합니다.","제출"
"학부모님들이 학교(투표장)에 참석하여 투표용지를 수령한 후 직접투표합니다.","일정"
"일시: 2022. 11. 15.(화) 오후 19:00 ~ 21:30 (150분), 총 10회 운영","일정"
"11월 7일 ~ 9일 유선 신청 기간(선착순)","일정"
"장소: 안심생존수영교육지원센터 생존수영 실기교육장(뚝섬교육장) 바지선 내","일정"
"학생 준비물: 두꺼운 외투, 핫팩, 간식거리(매점 없음), 기타 상비약, 개별 물통(바지선 내 수도시설 없음)","준비물"
"3. 방과후 학교 환불규정- 수강료 납부 기간에 수강료 미납 시 수강취소 처리가 되므로 이 점 확인하시기 바랍니다.","기타"
"신청방법: ""학교종이앱""을 통해 선착순으로 이루어집니다.","일정"
"신청기간: 2022. 11. 12.(토) 오전 10:00 ~ 11. 14.(월) 오후 18:00까지, 선착순 마감, 대기인원 3명","일정"
"수강료 납부방법: 12. 8.(목) ~ 12. 13.(화) 스쿨뱅킹 출금 예정, 스쿨뱅킹 자동이체 또는 신용카드 납부","비용"
"미니어처 수강료: 69,800원(10회)/재료비 62,500원","비용"
"독서논술 수강료: 69,800원(10회)/교재비 30,000원","비용"
"창의큐브 수강료: 69,800원(10회)/교재비 10,000원, 재료비 39,000원~52,000원","비용"
"우쿨렐레 수강료: 76,780원(11회)/악기, 교재개별 구매","비용"
"로봇공학 수강료: 83,760원(12회)/재료비 75,000원~85,000원","비용"
"도전!웹툰작가 수강료: 83,760원(12회)/재료비 57,000원","비용"
"움직이는 스마트레고블록 수강료: 83,760원(12회)/재료비 80,000원","비용"
"주산암산 수강료: 83,760원(12회)/교재비 24,000원","비용"
"김아름010-2-4969 대면 B 3-6 14:30~16:00 화 쏙쏙한자속독 A 1-2 13:30~15:00 교과3실(서관2층) 수강료 76,780원(11회)/교재비17,0원 -그림과 이야기로 재미있게 익히는 한자-한자의 기본인 부수 한자 학습하고, 교과어휘, 사자성어로 어휘력 확장하게 됩니다.","비용"
"최난희010-8554-9646 대면 B 1-6 15:10~16:40 수 실험과학 A 1-2 13:30~15:00 교과3실(서관2층) 수강료 83,760원(12회)/교재 및재료비48,0원 -초등학생 눈높이에 맞춘 창의융합과학실험으로 생명과학, 기초과학 등을 함께 배우면서 과학의 원리를 쉽게 이해합니다.","비용"
"김수진010-8140-1728 대면(비대면 가능) B 1-6 15:10~16:40 금 창의미술 A 1-2 12:50~14:20 실과실(본관4층) 수강료 83,760원(12회)/재료비48,0원 -교재가 있는 자기 주도적인 융합 미술 수업입니다.","비용"
"수강료 41,880원(12회)","비용"
"수강료 12주(55회) 186,450원 교재비 40,000원","비용"
"수강료 12주(55회) 186,450원 교재비 43,000원","비용"
"수강료 12주(55회) 233,200원 교재비 39,000원","비용"
"수강료 12주(55회) 233,200원 교재비 38,000원","비용"
"월, 금 12:50~13:40(50분) / 방학중: 월,금 09:00~09:50","일정"
"수강료 22회 85,360원 교재비 12,000원","비용"
"화, 목 13:30~14:20(50분) / 방학중: 화,목 09:00~09:50","일정"
"수 13:40~15:20(100분) / 방학중: 수 09:00~10:40","일정"
"수 15:25~17:05(100분) / 방학중: 10:50~12:30","일정"
"수강료 12회 93,120원 교재비 12,000원","비용"
"수강료 22회 128,040원 교재비 16,000원","비용"
"선착순 접수 시작일: 11/12(토) 10시","일정"
"접수기간 종료 후 취소를 희망하실 경우에는 방과후코디실로 연락주세요.","기타"
"신청기간 2022년 11월 12일(토) 10:00 ~ 11월 14일(월) 18:00","일정"
"수강료 납부: 2022년 12월 8일(목) ~ 12월 13일(화) 까지 스쿨뱅킹 자동이체 또는 신용카드 납부","비용"
"돌봄반 이름, 참여 안함, 겨울방학 중 돌봄교실 참여함, 등교시간, 하교시간, 하교방법, 개인 도시락, 매식, 개인체험학습일","제출"
"다 쓴 폐건전지를 모아서 자녀들을 통해 학교에 보내주시면 관련 기관에서 이를 적정하게 처리하여 철, 아연, 니켈 등 유용한 금속자원을 회수함으로써 자원재활용은 물론 환경오염을 예방토록 하겠습니다.","기타"
"수거 기간: 2022. 11. 14.(월) ~ 11. 16.(수)","일정"
"1학년 14:00~14:30 온라인학부모총회실시","일정"
"신청기간 2022. 11. 16.(수) 오후 15:00 ~ 11. 17.(목) 오후 17:00 까지, 선착순 마감, 대기인원 3명","제출"
"수강료 납부방법 12. 8.(목) ~ 12. 13.(화) 스쿨뱅킹 출금 예정, 스쿨뱅킹 자동이체 또는 신용카드 납부","비용"
"강좌명: 미니어처 A, 학년: 1-2, 수강료 69,800원(10회), 재료비: 62,500원","비용"
"겨울방학 중 돌봄교실 참여를 희망하는 학생들은 학교종이 앱을 통해 11. 16.(수) 12시까지 신청해 주시기 바랍니다.아울러 겨울방학 중 돌봄교실 참여를 희망하는 학생들은 중식 선택 설문에도 참여하여 주시기 바랍니다.","제출"
"중식 배식 방법 두 가지의 장단점을 고려하여 선택해 주시기 바랍니다.1. 겨울방학 기간 : 2022. 1. 13. ~ 2. 28.","일정"
"일 시 : 2022. 03. 16. (수) ~ 2022. 03. 18. (금) 나.","일정"
"학년별 온라인 학부모 총회 일정3월16일(수)3월17일(목)3월18일(금)3월21일(월)1학년14:00~14:30온라인학부모총회실시2학년13:30~14:003학년14:00~14:304학년14:30~15:005학년15:00~05:306학년14:30~15:002. 학교 학부모 총회 운영 계획 가.","일정"
"일 시 : 2022. 03. 21. (월) 나.","일정"
"시 간 : 오전 9시 ~ 오후 5시까지 전자투표 실시라.","일정"
"수강료 69,800원(10회)","비용"
"교재비 10,000원","비용"
"재료비 39,000원~52,000원(수준별 상이)","비용"
"악기, 교재개별 구매","준비물"
"B 5-6 14:30~16:00(90분)","일정"
"Starter 1-2(20명) 월, 금 12:50~13:30(40분)","일정"
"수강료 12주(55회) 186,450원","비용"
"교재비 40,000원","비용"
"교재비 43,000원","비용"
"수강료 12주(55회) 233,200원","비용"
"교재비 39,000원","비용"
"교재비 38,000원","비용"
"수강료 22회 85,360원","비용"
"교재비 12,000원","비용"
"수 13:40~15:20(100분)","일정"
"수강료 12회 93,120원","비용"
"교재비 15,000원","비용"
"수강료 23회 133,860원","비용"
"응답제출 클릭 후 응답제출결과 수정은 반드시 PC 이용","기타"
"응답 후 제출결과를 수정하실 때에는 응답 확인 클릭","기타"
"응답수정 클릭해 과목 다시 클릭(단, 설문응답 기간인 ~11/17(목) 17시까지만)","제출"
"다시 선택하여 응답제출 클릭하면 끝","제출"
"선착순 접수 시작일: 11/16(수) 15시","일정"
"강좌를 희망하지 않으실 경우에는 응답회수를 꼭 해주시기 바랍니다","제출"
"강좌를 희망하지 않으실 경우에는 대기자의 경우라도 취소를 꼭 해주세요","제출"
"접수기간 종료 후 취소를 희망하실 경우에는 방과후코디실 02-2699-4785(내선829)로 연락주세요","기타"
"신청기간: 2022년 11월 16일(수) 15:00 ~ 11월 17일(목) 17:00","일정"
"질병으로 인한 결석은 결석한 날부터 5일 이내의 의사의 진단서 또는 의견서를 첨부한 결석계를 제출하여 학교장의 승인을 받아야 함","제출"
"상습적이지 않은 2일 이내의 결석은 질병으로 인한 결석임을 증명할 수 있는 자료(학부모 의견서, 처방전, 담임교사 확인서 등)가 첨부된 결석계를 5일 이내에 제출하여 학교장의 승인을 받은 경우 인정됨","제출"
"등교시간대 거주지 또는 학교 주변 실시간 미세먼지 농도가 '나쁨'이상이며, 학부모가 학교에 사전 연락(전화 또는 문자 등)한 경우에 한하여 질병결석으로 인정됨","건강·안전"
"예방접종을 완료하지 않은 경우, 가까운 지정의료기관 또는 보건소에서 접종을 완료하고, 예방접종도우미 누리집에서 예방접종 내역을 확인","건강·안전"
"예방접종을 완료하였으나 전산등록이 되어 있지 않은 경우, 접종받은 기관(의료기관 또는 보건소)에 전산등록을 요청","건강·안전"
"의료기관 폐업으로 접종기관에서 전산등록이 불가능한 경우, 보건소에 전산등록 요청","건강·안전"
"외국에서 접종한 경우 접종받았던 외국 의료기관에 영문 예방접종증명서 또는 접종기관의 직인이나 공식사인 된 서류를 발급 요청 후 보건소에 전산등록 요청","건강·안전"
"예방접종 금기자는 접종받은 의료기관에 예방접종 금기사유 전산등록을 요청","건강·안전"
"학생들은 집단괴롭힘 등 일체의 학교폭력(신체 및 정신적 폭력)에 끼어 들거나 행하지 아니해야 함","건강·안전"
"교내에서 폭력이나 집단따돌림 등이 발생할 징조를 미리 알아차렸을 경우 즉시 알려야 함","기타"
"항상 본교 발전에 애써 주심을 감사드립니다.학교 고농도 미세먼지 대책과 관련하여, 고농도 미세먼지 발생 시 민감군 학생의 질병결석 인정이 가능함을 알려드리오니 참고하여 주시기 바랍니다.","건강·안전"
"6) 예방접종 전후 주의사항 예방접종 전 반드시 의사의 예진을 받아야 합니다.","건강·안전"
"7) 예방접종 후 이상반응이 나타나는 경우 의사를 진료를 받도록 합니다.","건강·안전"
"2023년도 중학교 입학을 앞둔 아동의 보호자께서는 관련 법에 의거하여, 자녀가 중학교 입학 전까지 만 11~12세에 받아야 하는 예방접종 3종 Tdap(또는 Td) 6차, 일본뇌염(불활성화 백신 5차 또는 약독화 생백신 2차), HPV 1차(여학생만 대상)을 완료할 수 있도록 바랍니다.","건강·안전"
"1회 12. 7.(수) 오전 10시~12시 박재원 진로와 진학, 성공확률 높이기 서울특별시교육청공식 유튜브 채널 실시간 진행","일정"
"2회 12. 12.(월) 오전 10시~12시 최재붕 4차산업혁명과 팬데믹 쇼크 어떻게 생존할 것인가?","일정"
"3회 12. 14.(수) 오전 10시~12시 윤대현 부모와 자녀의 '마음' 그리고 '소통'","일정"
"4회 12. 19.(월) 오전 10시~12시 노규식 자기주도 학습력을 키우는 비법","일정"
"신청기간: 2022. 11. 28.(월) ~ 2022. 12. 2.(금)","제출"
"신청기간: 2022. 11. 25.(금) ~ 12. 2.(금) 15:00까지","제출"
"1차 : 11월 28일(월) 오후 12시 30분~해당 프로그램 시작 전까지(12월 1일~17일 프로그램 신청)","제출"
"2차 : 12월 13일(화) 오후 12시 30분~해당 프로그램 시작 전까지(12월 19일~12월 29일 프로그램 신청)","제출"
"""마음방역(우리집 가족놀이) 12월 1차 신청"" 댓글로 날짜, 시간, 프로그램 작성 신청 완료","제출"
"문의: 02-304-0995 (이동희 수련지도사)","기타"
"집단생활을 하는 학교에서 계속적인 오미크론의 발생 및 집단발생의 염려가 되는 상황으로 학교 구성원 모두의 방역수칙 생활화에 힘써주시기 당부 드립니다.","건강·안전"
"본교는 학교 내 감염 예방 및 전파 방지를 위하여 ""동거인 확진자""가 있는 학생은 3일내 PCR검사 실시 후 결과 확인 시 까지 등교중지(출석인정)하며, 6~7일차 신속항원검사를 실시하도록 협조 부탁 말씀을 드립니다.","건강·안전"
"동거인은 확진자와 철저히 공간을 분리하여 생활합니다.","건강·안전"
"수동감시기간 10일 동안 매일 아침 저녁으로 자신의 건강상태를 확인합니다.","건강·안전"
"PCR 검사결과 확인 시 까지 자택 대기 권고, 그 이후에도 10일까지는 가급적 외출 자제","건강·안전"
"등교, 출근 또는 불가피한 외출을 해야 하는 경우 KF-94 마스크 상시 착용, 방역수칙 철저한 준수, 감염위험도 높은 시설 방문 및 사적 모임 제한","건강·안전"
"접촉자 고위험 기저질환자 PCR 1회 선별진료소 각 검사 결과 음성인 경우 등교 가능","건강·안전"
"그 외 7일간 신속항원검사 3회 이상 실시(1일차, 2~3일차, 6~7일차 실시) 선별진료소, 지정의료기관, 가정 등","건강·안전"
"접촉자가 선별진료소, 지정의료기관, 학교에서 배부한 신속항원검사키트, 가정에서 개별적으로 구매하여 검사(자가진단앱에 등록)","건강·안전"
"고위험 기저질환자는 학교장 확인서 지참하여 선별진료소 PCR검사 실시","건강·안전"
"PCR 검사 결과 '음성'인 경우 2~3일 간격으로 신속항원검사 2회 실시","건강·안전"
"신속항원검사 결과 '양성' 인 경우 PCR검사 실시","건강·안전"
"검사 결과 음성이더라도 증상이 지속될 경우 집에서 휴식을 취하면서 경과 관찰(출석인정)","건강·안전"
"자율방역 취지에 맞게 선제 검사 등 적극적 권고","건강·안전"
"음성 확인: 등교 전 자가진단(앱)에 검사결과 체크 후 등교","건강·안전"
"양성 확인: 담임교사에게 연락하여 주시고, 진단키트를 밀봉 지참하여 가까운 선별진료소에서 PCR 검사를 실시","건강·안전"
"선별진료소 이동 시에는 반드시 마스크(KF94) 착용, 대중교통 이용 자제 등 자차 이용","건강·안전"
"PCR 검사결과 확인 전까지 외출 자제 및 자택에서 대기","건강·안전"
"PCR 양성(확진)인 경우에는 건강상태 자가진단 앱의 '방역기관 통보내역 등록' 입력, 담임교사에게 연락","건강·안전"
"PCR 검사 결과가 나오기 전까지는 등교중지(출석인정)","건강·안전"
"가족 PCR 검사 결과가 나오기 전까지 등교중지(출석인정)","건강·안전"
"접촉자 고위험 기저질환자: PCR 1회 선별진료소에서 실시, 검사 결과 음성인 경우 등교 가능","건강·안전"
"그 외 접촉자: 7일간 신속항원검사 3회 이상 실시(1일차, 2~3일차, 6~7일차)","건강·안전"
"안내드리는 내용을 잘 살펴보시고, 특수학급 방과후학교 공개수업에 참여해주시기 바랍니다.","일정"
"정해진 시간에 맞추어 방문해 주시고, 방문 시 보안관실에서 방문증을 수령하시기 바랍니다.","기타"
"참여를 희망하시는 학부모님께서는 아래 내용을 보시고 학교종이 설문을 통해 신청해 주시기 바랍니다.","제출"
"일시: 2022년 12월 9일(금) 오전 10시~12시","일정"
"신청기간: 12월 7일(수) 16:00까지 학교종이앱으로 제출","제출"
"중식비 수납 금액: 186,000원(31식×6,000원/1식)","비용"
"인출일: 2022년 12월 12일(월) ~ 16일(금)","일정"
"앨범 신청과 대금 납부에 대하여 다음과 같이 안내해드리오니 앨범 구매를 원하실 경우 학교종이앱으로 신청하여 주시기 바랍니다.","제출"
"앨범 대금은 아래와 같이 스쿨뱅킹 계좌로 납부해 주시기 바랍니다.","비용"
"1. 신청기간 : 2022. 12. 5.(월) - 12. 6.(화)","일정"
"2. 납부기간 : 2022. 12. 12.(월) - 12. 15.(목)","비용"
"3. 앨범대금 : 50,0원","비용"
"4. 납부방법 : 스쿨뱅킹 통장으로 이체 또는 등록한 신용카드로 결제","비용"
"활동을 통해 창의력 및 성취감 향상을 위한 ""요리쿡 조리쿡""을 운영하오니 희망하시는 학부모님께서는 12.12.(월)까지 학교종이로 회신하여 주시기 바랍니다.","제출"
"1. 일시: 2022. 12. 23. (금) (학년별 시간 상이)","일정"
"5. 신청방법: 학교종이 앱으로 신청 (학교종이 앱 접속 설문하기)","제출"
"신청기간: 2022. 12. 14.(수) ~ 12. 20.(화) 11:00 까지","일정"
"신청 전 각 지역 홈페이지에서 학교 및 농가 현황 확인 필수","기타"
"일시: 2022. 12. 13.(화) 오후 업로드 예정","일정"
"갈수록 심각해지는 기후 위기 비상 시대에 탄소중립의 필요성과 실천 문화 확산을 위해 한 달 동안 학교에서 이루어지는 다양한 교육활동과 더불어 가정에서도 지구 사랑을 위한 5가지 에너지 절약 수칙을 실천해보시기 바랍니다.","기타"
"온 가족 함께 '서울 e 반하다!' 에너지 절약 실천 인증에 적극 참여해 주십시오.","기타"
"참가를 희망하는 학생은 12월 19일(월)까지 '학교종이'앱에 신청하여 주시기 바랍니다.","제출"
"주말 등 여가시간에 자전거를 이용하는 학생의 경우 잠금장치 사용을 생활화할 수 있도록 지도하여 주시기 바랍니다.","건강·안전"
"어린이보호구역(스쿨존)에서 차량(자전거, 전동 킥보드 등 포함)을 운행할 시 운전자의 주의의무(어린이의 안전에 유의하면서 운전하여야 할 의무)를 적극 준수하여'어린이보호구역(스쿨존)내 교통사고'근절에 협조하여 주시기 바랍니다.","건강·안전"
"학교 교문 앞 횡단보도에서 자전거, 전동 킥보드 운행 금지","건강·안전"
"횡단보도에서는 학생들의 안전을 위해 자전거, 전동 킥보드에서 내려서 걸어가야 합니다.","건강·안전"
"학생이 도보로 등교하는 것을 권해드리며 부득이 자전거로 학생을 등교 시킬 때는 안전장비를 꼭 착용해야 하며 복잡한 학교 교문 앞이 아닌 교문에서 일정한 거리를 두고 내려서 등교할 수 있도록 부탁드립니다.","건강·안전"
"자가용 등교시 학교 교문 근처에서 내려주시면 안됩니다.","건강·안전"
"전 후방을 주시하며 서행해 주세요.","건강·안전"
"횡단보도 앞에서는 보행자가 없더라도 우선 일시 정지하고 급정거, 급출발을 자제해 주세요.","건강·안전"
"학생들은 집단괴롭힘 등 일체의 학교폭력(신체 및 정신적 폭력)에 끼어 들거나 행하지 아니 하며, 서로의 갈등이나 문제를 대화로 해결하도록 노력해야 한다.","건강·안전"
"교내에서 폭력이나 집단따돌림 등이 발생할 징조를 미리 알아차렸을 경우나 폭력 또는 집단괴롭힘이 발생하였을 때, 다음 각 호의 방법으로 즉시 알려야 하며, 이 경우 자신의 이름이나 신분을 밝히지 않고 할 수도 있다.","건강·안전"
"자기소개 방송부에 지원한 이유를 작성하세요.","제출"
"프로그램 제목, 방송 내용 및 시나리오를 구상하세요.","제출"
"지원기간: 2023.1.2.(월)~1.5.(목)","일정"
"지원 방법: 학교종이앱으로 지원서 제출","제출"
"검사결과 확인 시까지 등교중지를 권고하며, 미등교 시 증빙자료 첨부하여 출석인정 처리 가능하다.","건강·안전"
"6~7일차 신속항원검사를 권고하며, 지정의료기관, 선별진료소, 가정 내 신속항원검사 실시 가능하다.","건강·안전"
"증상이 있는 경우 지정의료기관 방문 및 등교중지를 권고한다.","건강·안전"
"내가 또는 동거인이 역학적 연관성 등이 있어 PCR 검사한 경우, 검사 결과 나올 때까지 등교중지를 권고한다.","건강·안전"
"내가 증상이 있는 경우 지정의료기관 선별진료소 가정 내 신속항원검사를 실시한다.","건강·안전"
"검사결과 음성이라도 증상이 있는 동안은 집에서 충분히 휴식을 취하면서 경과 관찰 및 등교중지를 권고한다.","건강·안전"
"시험 등 불가피한 사유 시 검사결과 확인(24시간 유효) 후 등교가능하다.","건강·안전"
"내가 가정 내 신속항원검사 등 검사 양성인 경우 PCR검사(또는 전문가용 신속항원검사) 실시 및 결과 확인 시까지 등교중지한다.","건강·안전"
"신속항원 검사 양성인 경우 PCR검사(전문가용 신속항원검사)를 실시한다.","건강·안전"
"출근 등교를 포함하여 외출가능하나, KF94(또는 이와 동급) 마스크 상시 착용해야 한다.","건강·안전"
"감염위험도 높은 시설(다중이용시설, 감염취약시설 등) 이용(방문)을 제한한다.","건강·안전"
"사적모임을 자제한다.","건강·안전"
"동거인은 확진자와 철저히 공간을 분리하여 생활한다.","건강·안전"
"수동감시기간 10일 동안 매일 아침 저녁으로 자신의 건강상태를 확인한다.","건강·안전"
"발열, 기침 등 증상이 관찰되면 가까운 의료기관을 방문한다.","건강·안전"
"등교 출근 또는 불가피한 외출을 해야 하는 경우 KF-94 마스크 상시 착용을 한다.","건강·안전"
"방역수칙을 철저히 준수한다.","건강·안전"
"감염위험도 높은 시설 방문 및 사적 모임을 제한한다.","건강·안전"
"신청기간 1차: 1월 2일(월) 오후 12시 30분~해당 프로그램 시작 전까지(1월 3일~31일 프로그램 신청)","일정"
"신청기간 2차: 1월 27일(금) 오후 12시 30분~해당 프로그램 시작 전까지(2월 2일~27일 프로그램 신청)","일정"
"교육신청: 네이버 카페를 통해 사전 댓글로 신청한다.","제출"
"네이버 마음방역(https://cafe.naver.com/sensec1) 우리집 가족놀이 겨울방학 신청 - 마음방역 카페 접속","제출"
"마음방역(우리집 가족놀이) 신청서 카테고리 매주 신청 게시글을 확인한다.","제출"
"마음방역(우리집 가족놀이) 겨울방학 1차 신청 댓글로 날짜, 시간, 프로그램을 작성하여 신청 완료한다.","제출"
"신청 공지 게시글에 안내된 프로그램 별 줌 코드번호와 비밀번호로 해당 프로그램 시작 5분 전에 참여한다.","일정"
"모든 교육은 ZOOM으로 하는 비대면 수업이며 교육 준비물은 가정에서 개인별 준비한다.","준비물"
"모든 활동은 반드시 보호자가 함께 참여한다.","기타"
"카페 게시글을 통해 상세 참여방법 및 일정을 반드시 숙지한다.","기타"
"2023 서울신월초등학교 방송부 지원자 자기소개서 5학년 ( )반 ( )번 이름( ) 제 출 : 1월 9일(월)까지 교무실로 제출 자기소개서는 바른 글씨로 정성껏 작성하여 제출합니다.","제출"
"운영 기간: 2023.1.13.(금) ~ 2.10.(금)","일정"
"1. 매일 아침 등교 전 자가진단을 기록한 후 강사에게 제출합니다.","건강·안전"
"2. 겨울방학 중에도 통학로를 지켜 등하교합니다.","기타"
"4. 교실, 복도, 계단, 화장실 등 실내에서 뛰어다니거나 위험한 장난을 하지 않습니다.","건강·안전"
"5. 손을 자주 씻고, 수업 중 항시 마스크 착용 및 거리두기를 지킵니다.","건강·안전"
"6. 방과후학교 수업 시간에 간식을 먹지 않습니다.","건강·안전"
"방학 기간이지만 가정에서도 학생들이 손 씻기와 마스크 쓰기를 지금처럼 철저히 실천할 수 있도록 지도 부탁드립니다.","건강·안전"
"또한 일찍 자고 일찍 일어나는 규칙적인 생활이 될 수 있도록 살펴봐 주시고 스스로 자기 관리를 할 수 있는 힘을 기르도록 지도해 주시기 바랍니다.","건강·안전"
"방학동안 건강상태 자가진단 참여를 일시 중지하며, 등교하지 않더라도 코로나19 확진을 받은 경우 자가진단앱의 ""방역기관통보내역등록""을 입력합니다.","건강·안전"
"의심증상 등 발생 시 신속한 진료 및 검사 실시하며, 방과후 및 돌봄교실을 이용하는 경우에는 담당선생님께 연락합니다.","건강·안전"
"다중이용시설은 혼잡한 시간대를 피해서 방문하며, 3밀(밀폐,밀집,밀접)환경에서 머무르는 시간 최소화합니다.","건강·안전"
"기 간: 2022. 4. 4.(월) ~ 4. 15.(금) 사전 사후경기 별도","일정"
"장 소: 서울특별시교육청학생체육관 및 종목별 경기장","일정"
"2. 참가 신청 안내 신청기간: 2022. 3. 18.(금) 12:00까지","제출"
"신청서류: 참가신청서, 개인정보활용 동의서, 학교폭력 처분이력 부존재 서약서","제출"
"참가 신청 문의: 02-2699-4785 (내선번호 105)","기타"
"2. 일 시: 2023년 2월 24일(금) 오전 10시~11시40분","일정"
"3. 장 소: 꿈자람터(본교 체육관 강당)","일정"
"5. 신청방법: 2월 23일(목) 12:00까지 학교종이앱으로 제출","제출"
"집중신청기간: 2023. 2. 20.(월) ~ 2023. 2. 23.(수)","일정"
"추가신청기간: 2023. 3. 9.(목) ~ 2023. 3. 14.(화) - 집중 신청기간 중 신청하지 못한 입학생 및 전입생","일정"
"상담 방법 1. 학교종이앱 설문을 통해 원하는 시간 선택 (선착순으로 선택)","제출"
"상담 방법 2. 학급별로 안내되는 번호를 통해 전화상담","제출"
"5. 상담 일시 및 소요 시간: 선택한 일시에 10분 내외 상담 (시간을 꼭 지켜주세요.)","일정"
"1. 상담 기간 : 2022. 3. 22.(화) ~ 4. 1.(목) 중 학급별 안내 날짜에 실시","일정"
"1. 학교종이앱 설문을 통해 원하는 시간 선택 (선착순으로 선택)- 학급별로 시간 선택은 별도 안내 예정2. 학급별로 안내되는 번호를 통해 전화상담 상담구분 상담 시간 상담 방법 전화상담 학급 안내 시간(수업 종료 후 실시)","제출"
"1. 학교종이앱 설문을 통해 원하는 시간 선택 (선착순으로 선택)- 학급별로 시간 선택은 별도 안내 예정2. 학급별로 안내되는 번호를 통해 전화상담","제출"
"상추, 고추 등의 식물을 기르고 관찰하며 보고서 작성하기","준비물"
"선제검사 주 1회 자가진단검사 실시 권고","건강·안전"
"검사 횟수: 5일 이내 2회 검사 권고 (선제검사 1회 포함)","건강·안전"
"유증상자: 5일 내 신속항원검사 2회","건강·안전"
"고위험 기저질환자: 5일 내 PCR 검사 1회 (전문가용 신속항원검사 대체 가능), 신속항원검사 1회","건강·안전"
"코로나19 의심증상이 있는 경우 증상 호전될 때까지 등교중지 및 의료기관 등에서 진료 검사 받도록 권고","건강·안전"
"안내드리는 내용을 잘 살펴보시고 설문을 통해 온라인 학부모 총회 투표에 참여해 주시기 바랍니다.","제출"
"일시: 2022. 03. 21. (월) 오전 9시 ~ 오후 5시","일정"
"학부모회 임원 임명에 대한 동의여부를 선택해 주시기 바랍니다.","제출"
"녹색교통회 임원 임명에 대한 동의여부를 선택해 주시기 바랍니다.","제출"
"코로나 19 대응을 위한 학부모 의견 수렴, 학부모회 사업 안내 등에 대해 학부모회에 제공을 위하여 학부모의 개인정보를 수집하오니 협조하여 주시기 바랍니다.","제출"
"개인정보 이용에 대한 동의여부를 선택해 주시기 바랍니다.","제출"
"학부모 및 교직원 의견을 반영하여 담배연기 없는 학생 통학로 조성 및 금연정책에 참고하고자 하오니, 3월 28일(월) 까지 학부모님의 많은 설문 참여 부탁드립니다.","제출"
"부패행위, 공익침해, 부정청탁, 행동강령 위반은 이메일 cleanedu@sen.go.kr, 전화 1588-0260로 신고해주시기 바랍니다.","기타"
"(단, 코로나 확진 후 치료 완료한 학생에 한해서는 방과후 수업 참여 가능합니다.) 이후 등교 여부는 원격수업 마지막 날에 지표를 조사하여 결정할 예정이니 원격수업 기간에도 자가진단 앱에 참여해야 합니다.","건강·안전"
"2. 원격수업 전환 기간: 2022.3.31.(목) ~ 2022.4.4.(월)","일정"
"참가를 희망하는 학생은 학교종이 '2022학년도 1학기 특수학급 방과후학교 수강 신청' 설문에 4월 7일 목요일까지 회신하여 주시기 바랍니다.","제출"
"1. 운영 기간: 2022. 4. 13.(수) ~ 2022. 7. 13.(수)","일정"
"다. 운영기간: 2022. 4. 23.(토)~10. 22.(토) 중 토요일(총 6일, 12회)","일정"
"라. 운영시간: 10:30 ~ 12:30 / 14:00 ~ 16:00 (1일 2회, 회당 2시간)","일정"
"마. 운영장소: 과학전시관 본관(낙성대 소재)","일정"
"바. 코로나19 예방: 활동 전 발열체크, 의심증상 확인, 마스크 착용, 거리두기 실천","건강·안전"
"4.23.(토): 1회 10:30~12:30, 2회 14:00~16:00, 신청 기간 4.12.(화)~4.18.(월), 대상자 발표일 4.19.(화)","일정"
"4.30.(토): 3회 10:30~12:30, 4회 14:00~16:00, 신청 기간 4.19.(화)~4.25.(월), 대상자 발표일 4.26.(화)","일정"
"5.07.(토): 5회 10:30~12:30, 6회 14:00~16:00, 신청 기간 4.26.(화)~5.02.(월), 대상자 발표일 5.03.(화)","일정"
"10.01.(토): 7회 10:30~12:30, 8회 14:00~16:00, 신청 기간 9.20.(화)~9.26.(월), 대상자 발표일 9.27.(화)","일정"
"10.08.(토): 9회 10:30~12:30, 10회 14:00~16:00, 신청 기간 9.27.(화)~10.03.(월), 대상자 발표일 10.04.(화)","일정"
"10.22.(토): 11회 10:30~12:30, 12회 14:00~16:00, 신청 기간 10.11.(화)~10.17.(월), 대상자 발표일 10.18.(화)","일정"
"회차 별 신청 기간이 상이하며, 해당 기간 중 첫날은 09:00부터 신청 가능함","일정"
"가. 신청방법: 서울특별시과학전시관 홈페이지(http://ssp.sen.go.kr)에서 온라인 신청(예약 및 신청 - 본관 토요가족생태환경교실 예약신청하기)","제출"
"3) 홈페이지에서 신청 시 개인정보 사용에 대한 승인 인지 후 신청","제출"
"내 아이를 학교폭력으로부터 안전하게 보호하고 행복한 학교문화가 조성될 수 있도록 귀 댁의 자녀가 조사에 참여할 수 있게 지도를 부탁드리며, 솔직한 응답 및 비밀보장을 위해 가정에서 개별적으로 조사 참여가 이루어질 수 있도록 협조해 주시기 바랍니다.","제출"
"조사 기간 : 2022. 4. 11.(월) 09:00 ~ 4. 15.(금) 18:00 (기간 중 24시간 참여 가능)","일정"
"참여 방법: 학교폭력 실태조사 홈페이지(survey.eduro.go.kr) 컴퓨터 및 모바일 기기(스마트폰, 태블릿)로 참여 가능 하며 인터넷 브라우저에서 홈페이지 주소를 입력하여 실태조사에 참여 가능","제출"
"2. 언어 선택 - 학교폭력 실태조사 참여 사이트 (http://survey.eduro.go.kr)에 접속하여 해당 시 도교육청을 선택합니다.","제출"
"2. 기간 : 2022. 4. 18.(월) ~ 2022. 11. 25.(금) 예정","일정"
"3. 장소 : 본관 1층 빅토리실","일정"
"5. 동의서 회신 : 봉투에 넣어 담임선생님께 4월 13일(수)까지 회신","제출"
"학습능력 다지기 빅토리 프로그램 에 자녀의 참여를 동의합니다.","제출"
"사회복지공동모금회 연합모금 연계사업인 ""2022년 조식지원 찾아가는 사랑 올밥""을 안내해드리니, 조식 지원이 필요한 학생 가정에서는 신청해주시기 바랍니다.","제출"
"신청기간: 2022. 4. 19.(화) ~ 4. 25.(월)","일정"
"신청방법 - 학교종이 어플 확인 후 전화, 문자(070-4314-6455, 010-5771-6726) 문의","제출"
"신청방법 - 학교 방문하여 신청서 및 개인정보동의서 작성","제출"
"만14세 미만 아동의 개인정보 처리를 위하여 법정대리인의 동의를 받아야 합니다.","제출"
"대상: 우리 학교 6학년 희망 학생 중 2명 이내 학생을 선발하여 교육청으로 추천","제출"
"신청 기간: 4. 22.(금) 16:00까지","일정"
"신청 방법: 학교종이 앱 설문","제출"
"장소: 서울개화초등학교 후관 2층 과학교육센터","일정"
"동의함 동의하지 않음 정보주체가 만 14세 미만의 아동인 경우 개인정보보호법 제22조제5항에 따라 만14세 미만 아동의 개인정보 처리를 위하여 법정대리인의 동의를 받아야 함.","제출"
"법정대리인의 성명법정대리인의 연락처정보주체와의 관계(인)상기 본인은 위와 같이 ""개인정보보호법""등 관련 법규에 의거하여 개인정보 수집 및 활용에 동의합니다.","제출"
"기간 중 3일 수업에 모두 참여할 수 있는 학생만 신청하기 바람나.","기타"
"보호자의 책임 하에 교육센터 등하교를 하도록 하며, 교육센터 내 대기 및 주차 불가 라.","기타"
"학년: 6학년, 반, 이름, 희망 기수, 보호자 동행 여부, 등하교 가능 여부(교내 주차 불가), 보호자 연락처(휴대폰), 개인정보 활용동의","제출"
"1순위 기 O / X","제출"
"기간: (1기) 5. 10.(화), 11.(수), 13.(금) / (2기) 5. 17.(화), 18.(수), 20.(금) / (3기) 5. 24.(화), 25.(수), 27.(금)","일정"
"원하는 기수를 1, 2, 3희망으로 신청함 (기수별 내용은 동일)","제출"
"기간: 7월~11월(1기당 11박 12일 프로그램 총 10회 실시)","일정"
"비용: 참여 및 프로그램 비용 무료, 식비 등 일부 비용 자부담(1인당 10만원, 사회적돌봄 대상은 무료)","비용"
"비용: 참여 및 프로그램 비용 무료, 식비 등 일부 비용 자부담(1인당 15만원, 사회적돌봄 대상은 무료)","비용"
"참가비용: 무료 단, 식비 등 1인당 5~15만원(1주 5만원, 2주 10만원, 3주 15만원), 사회적돌봄 대상은 무료","비용"
"참가비용: 무료 단, 식비 등 1인당 10만원, 기준중위소득 50% 이하는 무료","비용"
"신청방법: 드림마을(063-323-2285), 대구디딤센터(053-665-6900) 또는 청소년 전화(국번없이 1388)","기타"
"우리 학교에서도 진단조사를 실시하여 원활한 치유서비스 제공을 위해 보호자의 '개인정보 제공 동의'와'상담 치료 동의'를 요청 드리오니, 아래 내용을 참조하시어 동의서 내용을 보시고 동의여부를 확인하여 제출하시기 바랍니다.","제출"
"인터넷 스마트폰 이용습관 진단조사 결과 ""주의사용자군"" 또는 ""위험사용자군""으로 나타난 귀 댁의 자녀에 대해 청소년 상담전문기관으로 상담 치료서비스를 의뢰하고, ""위험사용자군""은 추가심리검사를 진행하는 데 동의하시고 참여하시겠습니까?","제출"
"자녀 성명, 보호자(법정대리인) 성명, 서명 (인)","제출"
"보호자(법정대리인)연락처: 자택 / 휴대전화","제출"
"교육 관련문의: 강서양천교육지원청 과학교육센터 ( 02-2662-0492, 내선824) 2022 진로 연계 AI-메이커 교실 신청서 학년 반 이름 희망 기수 보호자 동행 등하교 가능 여부(교내 주차 불가) 보호자 연락처(휴대폰) 개인정보 활용동의 6학년 ( )반 1순위 기 O / X O / X 2순위 기 3순위 기","제출"
"상담 치료 지원문의: 거주지역 청소년상담복지센터(대표번호 지역번호 1388)","기타"
"서울: 서울시립청소년미디어센터(070-7165-1031/1038)","기타"
"신청기간 1차: 4월 26일(화) 오후 12시 30분~해당 프로그램 시작 전까지(5월 2일~7일 프로그램 신청)","일정"
"신청기간 2차: 5월 3일(화) 오후 12시 30분~해당 프로그램 시작 전까지(5월 9일~14일 프로그램 신청)","일정"
"신청기간 3차: 5월 10일(화) 오후 12시 30분~해당 프로그램 시작 전까지(5월 16일~21일 프로그램 신청)","일정"
"신청기간 4차: 5월 17일(화) 오후 12시 30분~해당 프로그램 시작 전까지(5월 23일~30일 프로그램 신청)","일정"
"교육신청: 네이버 마음방역(https://cafe.naver.com/sensec1)을 통해 사전 신청","제출"
"신규 가입: https://reading.ssem.or.kr 홈페이지에 접속하여 회원가입 선택","제출"
"약관과 개인정보보호정책에 동의하고 학생회원 가입 선택","제출"
"우리학교에서 별도로 받은 DLS 아이디와 이름 입력","제출"
"학생 계정 생성 클릭","기타"
"이용약관 및 개인정보수집 및 이용 동의 후 휴대폰 인증","제출"
"학교검색 후 필수정보(학교명, 학년, 반, 번호, 성명, 아이디, 비밀번호) 입력","기타"
"www.office.com 접속 후 기존의 가입된 ID(이메일 형식) 및 비밀번호로 로그인","기타"
"등교 전 대응: 등교 전 가정에서 자가진단앱(유증상/확진/밀접접촉 등) 참여하기","건강·안전"
"코로나19 의심 증상이 있는 경우 등교하지 않고 선별진료소, 지정의료기관에서 진료 검사 받기","건강·안전"
"가정내 신속항원검사 키트를 활용하여 검사 실시","건강·안전"
"증상 호전 시까지 등교중지","건강·안전"
"시험 등 불가피한 사유로 등교를 희망하는 경우 지정의료기관 또는 자체 신속항원검사결과(음성) 확인 후 학생 등교 가능","건강·안전"
"신속항원검사 결과 양성인 경우 PCR검사를 추가로 받기","건강·안전"
"PCR검사 결과 나오기 전까지 등교중지 및 검사결과를 신속하게 담임교사에게 알리기","건강·안전"
"본인이나 가족이 PCR검사를 받은 경우 음성 결과를 확인하고 등교하기","건강·안전"
"단 증상이 있는 경우 증상이 호전될 때까지 집에서 휴식 및 경과 관찰하도록 권장합니다.","건강·안전"
"등교 시 보건용 마스크 착용(KF80 이상)하며 여유분 3개씩 가방에 항상 준비합니다.2. 상황별 격리기간 및 등교 기준 (방역당국 기준 반영.","준비물"
"동거인 중 확진자인 경우(재택치료자) - 미완료자: 7일 격리, 등교 중지","건강·안전"
"밀접접촉자인 경우(동거인 제외) - 접종완료자, 미완료자: 격리기간 없음, 격리 지정일 및 6-7일차 신속항원검사, 등교 가능","건강·안전"
"추가확진자는 검체채취일로부터 7일 격리, 그 외 공동격리자는 추가 격리 없이 최초 격리해제시 동시 해제","건강·안전"
"본인 및 동거인 PCR검사 - 접종완료자, 미완료자: 유증상 또는 역학적 연관성이 있어 검사한 경우, 결과 나올 때까지 등교 중지","건강·안전"
"방역당국 통보 없는 유증상자 - 접종완료자, 미완료자: 유증상자는 증상호전 될 때까지 등교중지","건강·안전"
"신속항원검사(자가진단키트)에서 등교중지, 시험 등 불가피한 사유 시 조건부 등교가능","건강·안전"
"코로나19 임상증상이 있으나 시험 등 불가피한 사유로 등교를 희망하는 경우 지정의료기관 또는 자체 신속항원검사결과(음성) 확인 후 학생 등교 가능 (결과통보 후 24시간이 되는 날의 자정까지 유효)","건강·안전"
"선제검사 실시: 3월 첫째주 3.2.(수) 1회 검사, 3월 둘째주 3.9.(수)과 3.13.(일) 2회 검사","일정"
"각각 검사결과 음성이고 증상이 없는 경우 그 다음 날 등교가능","건강·안전"
"검사결과 '양성'일 경우: 담임교사에게 알리며, 키트를 밀봉하여 보건소나 선별진료소에서 PCR검사 실시 후 등교하지 않고 자가격리","건강·안전"
"PCR검사결과에 대한 문자 메시지 화면캡쳐하여 제출 (출석인정)","제출"
"선별진료소 또는 가정 내 자가진단키트 사용하여 검사 실시","건강·안전"
"고위험 기저질환자는 학교에서 발행하는 PCR 검사대상 학교장 확인서를 첨부하여 선별진료소를 통한 PCR 검사 실시","건강·안전"
"'음성'인 경우 2-3일 간격으로 신속항원검사 2회 실시(선제검사 키트 활용)","건강·안전"
"고위험 기저질환자 이외는 7일간 3회(2-3일 간격) 이상 신속항원검사를 실시","건강·안전"
"'양성'인 경우 PCR 검사 실시(선제검사 횟수 포함)","건강·안전"
"검사결과 및 증상유무는 자가진단앱 1-3번 해당사항에 입력","제출"
"음성이더라도 계속적인 건강상태 관찰, 올바른 마스크 착용, 개인위생 방역 수칙 준수 철저","건강·안전"
"연락처, 자원봉사자 상해보험가입을 위한 정보제공 동의 클릭과, 정보제공 동의에 따른 주민번호 입력은 필수","제출"
"봉사 활동 전 '1365' 자원봉사포털 사이트에 반드시 회원가입이 이루어져야만 전산입력이 가능","제출"
"중복 회원 가입 시 봉사활동 실적이 누락 될 수 있으므로 최초 가입된 아이디 사용","기타"
"돌봄반이름, 참여 안함, 여름방학 중 돌봄교실 참여함, 등교시간, 하교시간, 하교방법, 개인 도시락, 매식, 개인체험학습일","제출"
"운영기간: 2022.6.17. ~ 2022.9.8. (매주 오전 09:30~12:30)","일정"
"신청기간: 2022.5.26.(목) 09:00~ 5.31.(화) 18:00","일정"
"1인 1강좌 신청 가능","기타"
"참여가능한 강좌(주제) 선택","제출"
"지원동기, 경력사항 입력","제출"
"금연구역 환경조성 협조: 공중이용시설 전면 금연구역, 학교주변 자율금연거리 조성 등 협조","기타"
"아래 내용 참고하셔서 사이트 가입 후에 담당교사에게 전화로 신청해주시기 바랍니다.","제출"
"(통화 가능시간: 15시~16시, 전화번호: 070-4314-6429)1. 1365 자원봉사 포털 시스템(http://www.1365.go.kr) 접속2. 회원가입가.","제출"
"매뉴얼을 따라 회원가입- 이미 가입되어 있는 분은 개인정보 수정(전화번호, 주소 등) 뒷면으로 이어집니다.","제출"
"여름방학 중 돌봄교실 참여를 희망하는 학생들은 학교종이 앱을 통해 5. 30.(월) 12시까지 신청해 주시기 바랍니다.아울러 여름방학 중 돌봄교실 참여를 희망하는 학생들은 중식 선택 설문에도 참여하여 주시기 바랍니다.","제출"
"본교 우유급식을 실시함에 있어 ""학교급식 기본방향""에 의거 2023학년도 학교 우유급식 실시 여부에 대해 학부모님의 의견을 반영하고자 하오니 다음 ""2023학년도 학교 우유급식 실시 희망여부""에 대해서 12월 22일(목)까지 ""학교종이"" 앱으로 응답하여 주시기 바랍니다.","제출"
"2023학년 우리 학교 우유급식 실시여부 희망 해당란에 표 하시기 바합니다.","제출"
"특정 식품에 알레르기가 있는 학생의 학부모님께서는 학생 자신이 스스로 알레르기 원인식품을 알고 유발 식품이 포함된 급식은 먹지 않도록 미리 지도하여 주시기 바랍니다.","건강·안전"
"참여를 희망하시는 분께서는 서울학부모지원센터 홈페이지에서 신청해 주시기 바랍니다.","제출"
"모집기간: 10. 30.(월) ~ 11. 7.(화)","일정"
"신청방법: 서울학부모지원센터 홈페이지(https://parents.sen.go.kr/)에서 신청","제출"
"올해도 작년과 마찬가지로 전교생의 모든 학부모님께서 1년에 1~2번씩 봉사하시게 됩니다.","기타"
"6. 마스크는 개인이 지참하며 깃발, 터치식 호루라기 및 위생 장갑은 보안관실 뒤 식당입구쪽 녹색실에 비치되어 있으니 활용하시면 됩니다.","준비물"
"녹색어머니연합회 가입을 원하시는 학부모님께서는 학교종이 설문에 참여해주시고, 가입 신청하신 경우 개인정보 이용에 동의하시는 것으로 하겠습니다.","제출"
"별도로 '1365' 자원봉사포털사이트를 통해 자원봉사 확인서를 발급받기 원하시는 학부모님은 사이트 가입 후 담당자 신청을 통하여 신청해주시기 바랍니다.","제출"
"본인은 녹색어머니 연합회 가입에 희망 및 개인정보 수집 이용에 동의하여 신청서를 제출합니다.","제출"
"김 헌 ZOOM 2 2023. 11. 22.(수)10:00 ~ 12:00 자녀와 소통하려면부모도 성장해야 한다.","일정"
"청소년 인터넷 스마트폰 이용 습관 진단조사 방법: 가정에서 학부모님이 PC/모바일 등으로 실시","기타"
"2022학년도 1학기 농촌유학 참가 신청서 양식 제공","제출"
"농촌유학 신청 동기란 및 유의사항 동의서 양식 제공","제출"
"2022학년도 1학기 농촌유학 최종 신청서 양식 제공","제출"
"신청 기한: 2021년 12월 13일(월) 9:00 ~ 12월 17일(금) 16:00","일정"
"설명회: 2021년 12월 15일(수) 15:00~16:30 비대면 온라인 설명회","일정"
"허위 서류 제출 또는 기간 내 서류 미제출 시 신청이 취소됨","제출"
"신청 또는 면담 시 제공한 정보와 사실이 다른 경우 지원금은 중단될 수 있음","기타"
"참가 도중 학교 및 농가 변경은 불가하며, 임의 변경 시 지원금은 중단됨","기타"
"예비 중학생(초등학생)의 경우 서울 소재 학교에 입학 후 전학 처리 필수","기타"
"서울 소재 중학교 일반배정을 희망하는 6학년 학생은 2학기 신청 불가","기타"
"지역센터형 및 홈스테이형의 경우 장기 통원 치료 또는 약물 복용이 필요한 학생은 참가 불가","건강·안전"
"지역센터형 및 홈스테이형의 경우 보호자는 자녀와 월 2회 이상 만나야 함","기타"
"수집항목: 본인 및 보호자의 성명, 성별, 주소, 전화번호, 소속(학교명), 학년","제출"
"사전 방문 일정: 2021년 12월 24일(금)~2022년 1월 3일(월), 12월 31일/1월 1~2일 제외","일정"
"사전 방문은 학생과 학부모 모두 필수, 소요 경비는 자부담","일정"
"유학 최종 신청: 2021년 12월 27일(월)~2022년 1월 5일(수)","일정"
"주소이전 및 전학신청: 2022년 2월 20일(월)~2월 28일(월)","일정"
"형제자매가 함께 농촌유학을 신청하는 경우 참가 가능(서울 소재 공립초등학교 1학기 이상 재학 필수)","기타"
"선출 시기: 학부모 및 교원위원은 2026. 3. 19일까지, 지역위원는 2026. 3. 30일까지 선출 방법 학부모위원: 전자투표로 선출합니다.","일정"
"3. 농촌 유학학교 및 농가 사전 방문은 최종신청 전 필수 절차입니다.","기타"
"유학학교 및 농가 변경 불가, 임의 변경 시 지원금 중단","기타"
"학교 제출: K-에듀파인 자료집계시스템에 서식 사본 파일 및 엑셀 파일 업로드","제출"
"타 영재원 수료자는 수료증 사본 및 수료예정 증명서를 2021.11.29까지 제출","제출"
"사회통합대상자 증빙서류를 2021.11.29까지 미래산업과학고등학교로 직송","제출"
"GED 홈페이지에서 지원서 및 자기체크리스트 작성","제출"
"지원 기간: 2021.11.15(월)~11.19(금) 18:00까지","일정"
"지원서 출력 후 담임교사에게 제출","제출"
"선발 전형료 40,000원 가상계좌로 납부","비용"
"영재행동특성 및 창의적인성검사 체크리스트 작성","제출"
"수험표 출력 기간: 2021.12.7(화)~12.10(금)","일정"
"응시 장소 입실: 08:30까지","일정"
"면접 시 교복 등 신분을 나타내는 복장 착용 금지","준비물"
"대학부설 영재교육원 지원자는 합격여부 확인 후 지원","기타"
"전형료 환불: 2021.11.19(금) 18:00까지 취소자는 전액 환불","비용"
"지원 기관 변경 시 변경 기관에 전형료 추가 납부","비용"
"GED에 교육청 배부 ID로 로그인","제출"
"A그룹: 서울시교육청 영재교육원, GED 시스템에서 지원","제출"
"B그룹: 대학부설 영재교육원, 대학별 요강에 따라 지원","제출"
"지원서 사진: 최근 6개월 이내 사진 스캔하여 첨부","제출"
"사진 미첨부 시 지원서 제출 불가","제출"
"개인정보활용동의: 지원부터 합격자 발표까지, 합격 시 수료시점까지","제출"
"지원 시 유의 사항 1) 중복지원 불가: 모든 지원자는 서울시교육청 산하의 영재교육원 한 곳에만 응시할 수 있음.","제출"
"사회통합대상자 지원 제출 서류 : 학교에서는 서류 원본을 미래산업과학고등학교 영재교육원(체육관 1층)으로 2021.11.29.(월)까지 직송","제출"
"사회통합대상자 확인(증빙)서류 전체(사본은 학교 보관)","제출"
"방법: GED 지원서에 기재된 가상계좌로 무통장 납부","비용"
"기간: 11.15.(월)~11.19.(금) 18:00까지(기간 내 미납 시 학교추천위원회 추천 불가)","비용"
"전형료: 40,000원","비용"
"11.19.(금) 18:00까지 GED에서 지원을 취소하는 경우 납부한 전형료는 전액 반환됨 (11.19.(금) 18:00 이후 취소자는 전형료 반환되지 않음)","비용"
"수험생은 창의적 문제 해결력 및 면접 평가 시작 30분전에 입실을 완료해야 함.","일정"
"평가 당일에 필요한 준비물(수험표, 검정색 볼펜, 연필, 지우개)을 반드시 지참하여야 함.","준비물"
"GED에서 영재교육기관 선택을 포함한 지원 여부는 학생의 책임이므로 지원 오류(지원기간 초과, 영재교육기관 오선택, 지원자격 오류 등)가 없도록 유의할 것","기타"
"지원 자격 여부를 확인하여 지원하고, 지원서를 인쇄하여 담임에게 제출함","제출"
"지원서 제출 후 가상계좌로 전형료 납부해야 지원이 완료됨(전형료를 납부한 후 지원기관을 변경하는 경우 변경된 기관으로 전형료를 추가로 전형료를 납부해야 함, 변경 전에 납부한 전형료는 12월중에 환불됨)","비용"
"전형단계 날짜/기간 배점 세 부 내 용지원단계 학생지원11.15.(월) ~ 11.19.(금)18:00까지","일정"
"동의함 (미동의하는 경우 지원서 접수가 불가함) 전형료납부가상계좌 농협 123-456- (납부기간: 2021.11.15.~11.19. 18:00까지) 전형료 미납시 추천 불가 본인은 교육지원청 영재교육원 영재교육대상자선발에 위와 같이 지원합니다.","제출"
"사회통합전형 대상자로 지원함에 있어 지원 자격및 증빙 서류에 허위가 없음을 확인합니다.","제출"
"연세든든내과 예약 방법 NAVER 로그인 ( 학부모님 로그인 후 예약 가능) ""연세든든내과의원"" 검색 ""예약""클릭 ""신월초등학교 학생검진 예약하기"" 클릭 후 날짜와 시간 선택 및 예약하기 - 다음단계 요청사항에 학년반, 번호, 학생이름 기입 학생검진 예약관련 문의 : 연세든든내과 02-6347-80 2023. 7.","일정"
"안내드리는 내용을 참고하시어, 보호자와 함께 병원 1곳을 방문하여 건강검사를 받습니다.","기타"
"검사 후 아래 학생건강검사 확인서를 담임선생님께 제출해주시기 바랍니다.1. 검사기간 : 2023. 7. 17. (월) ~ 8. 25. (금)2. 검사대상 : 1학년3. 검진비용 : 무료 (학교회계 지출)4. 검진항목 : 건강조사, 신체계측(키, 몸무게, 시력, 청력, 혈압), 소변검사, 의사문진, 구강검사5. 검사기관 : 아래 검사기관 중 1곳을 방문하여 검사 실시검사기관 검사기간시간소재지연세든든내과 연세이음치과7.17.~ 8.11 연세든든내과예약필수(뒷면참조) 평일 14:00~17:00강서구 화곡로 152 CUBE152 2층(화곡역 6번 출구 100m) 치과는 3층에 위치 내과: 02-6347-80치과: 02-2608-7528메디힐병원 메디힐치과8.14 ~ 8.25 평일 13:30~15:30양천구 남부순환로 331(서울금융고 맞은편) 치과는 건물 내 위치 내과: 02-2604-7551치과: 02-2605-1275 학생건강검사 확인서 (학교제출용) 1학년 반 번 이름 : 건강검사구강검사검사기관명 검사기관명검사일자2023. .","제출"
"위와 같이 학생의 개인정보수집 이용에 동의함","제출"
"안내드리는 내용을 참고하시어, 병원 1곳을 방문하여 구강검사를 받습니다.","건강·안전"
"검사 후 아래 학생구강검사 확인서를 담임선생님께 제출해주시기 바랍니다.","제출"
"유의사항: 비만이 예상되는 경우 혈액검사를 위하여 검사 전 8시간 금식합니다.","건강·안전"
"기간: 2023년 9월 ~ 11월말","일정"
"참여방법: PC 및 모바일 기기를 활용한 온라인 참여","기타"
"참여를 희망하는 학생들은 아래 안내 사항을 참조하여 기한 내에 개별 신청해 주시기 바랍니다.","제출"
"장소: 강서양천 과학교육센터 메이커 스페이스, 과학실험실(서울개화초 후관 2층)","일정"
"시간: 15:30~17:10(100분 운영)","일정"
"개별 준비물: 필기도구 및 보조가방","준비물"
"신청 기간: 2023. 10. 25.(수) 10:00 ~ 10. 30.(월) 16:00","일정"
"신청 방법: 학생/학부모가 직접 아래 QR코드 또는 URL에 접속하여 신청서(구글 설문) 제출","제출"
"등하교는 부모님과 함께 학생 개별적으로 합니다.","기타"
"부모님의 지도 하에 안전하게 등하교","기타"
"자가용 이용 시 개화초 교문에서 내려 보안관실 확인 후 센터로 이동(교내에 자가용을 가지고 들어올 수 없음)","기타"
"관련 문의: 강서양천 과학교육센터 02-2662-0492(내선 824) 교육장소(강서양천교육지원청 과학교육센터) 찾아오시는 길 서울개화초 위치(후관 2층): 서울특별시 강서구 양천로 11 지하철: 5호선 개화산역 2번 출구 도보 5분(대한항공전산센터 옆)버스: 개화산역 하차 (간선) 605, 672 (지선) 6631, 6641, 6647 부모님의 지도 하에 안전하게 등하교- 자가용 이용 시 개화초 교문에서 내려 보안관실 확인 후 센터로 이동(교내에 자가용을 가지고 들어올 수 없음)- 학부모의 교내 대기 및 주차 불가 대상 - 관내 초등학교 4~5학년 학생 중 희망자 52명(각 반 13명, 학년별 2반 운영)- 해당 수업일(2회)에 모두 참여가 가능한 학생 장소 강서양천 과학교육센터 메이커 스페이스, 과학실험실(서울개화초 후관 2층) 일시 대상구분날짜시간4학년1기(월요반)11.13.(월), 11.20(월)15:30~17:10(100분 운영)2기(화요반)11.14(화), 11.21(화)5학년1기(월요반)11.13.(월), 11.20(월)15:30~17:10(100분 운영)2기(화요반)11.14(화), 11.21(화) 대상 구분 날짜 시간 4학년 1기(월요반) 11.13.(월), 11.20(월) 15:30~17:10(100분 운영) 2기(화요반) 11.14(화), 11.21(화) 5학년 1기(월요반) 11.13.(월), 11.20(월) 15:30~17:10(100분 운영) 2기(화요반) 11.14(화), 11.21(화) 대상 구분 날짜 시간 4학년 1기(월요반) 11.13.(월), 11.20(월) 15:30~17:10(100분 운영) 2기(화요반) 11.14(화), 11.21(화) 5학년 1기(월요반) 11.13.(월), 11.20(월) 15:30~17:10(100분 운영) 2기(화요반) 11.14(화), 11.21(화) 4학년 5학년 1일차 2일차 1일차 2일차 전도성펜을 활용한 나만의 디자인 작품 꾸미기 유압원리를 활용한 이관절 로봇팔 센서로 움직이는 플라잉 드론 메이키 메이키로 다양한 악기 구성하기 신청 기간 2023. 10. 25.(수) 10:00 ~ 10. 30.(월) 16:00 신청 방법 학생/학부모가 직접 아래 QR코드 또는 URL에 접속하여 신청서(구글 설문) 제출접속 URLQR코드https://forms.gle/MK55K4uHA4v5EtmK8(Chrome 브라우저 권장) 접속 URL QR코드 https://forms.gle/MK55K4uHA4v5EtmK8(Chrome 브라우저 권장) 접속 URL QR코드 https://forms.gle/MK55K4uHA4v5EtmK8(Chrome 브라우저 권장) 유의사항 신청 기한 내에 들어온 신청만 유효(이전/이후 신청은 제외) 프로그램 기간 동안 결석하지 않고 성실하게 참여할 학생만 신청 선정방법 학교별 신청 인원 제한 없음 신청자가 모집인원을 초과할 경우 추첨 프로그램을 이용하여 무작위 추첨 1학교에 1명 선정을 기준으로 하되, 미달 시 2명 이상 선정 가능 결과안내 2023. 11. 1. (수) 예정 (신청한 학생의 보호자에게 선정여부 문자 발송, 학생의 소속교에 공문 발송) 기타 신청 후 변경이 불가하오니 수업 일정을 숙지하고 신청하여 주시기 바랍니다. 신청 후 갑작스러운 취소나 수업에 불참할 경우 추후 과학교육센터 프로그램 참여가 제한될 수 있습니다.","기타"
"관련 문의: 강서양천 과학교육센터 02-2662-0492(내선 824) 교육장소(강서양천교육지원청 과학교육센터) 찾아오시는 길 서울개화초 위치(후관 2층): 서울특별시 강서구 양천로 11 지하철: 5호선 개화산역 2번 출구 도보 5분(대한항공전산센터 옆)버스: 개화산역 하차 (간선) 605, 672 (지선) 6631, 6641, 6647 부모님의 지도 하에 안전하게 등하교- 자가용 이용 시 개화초 교문에서 내려 보안관실 확인 후 센터로 이동(교내에 자가용을 가지고 들어올 수 없음)- 학부모의 교내 대기 및 주차 불가 대상 - 관내 초등학교 4~5학년 학생 중 희망자 52명(각 반 13명, 학년별 2반 운영)- 해당 수업일(2회)에 모두 참여가 가능한 학생 장소 강서양천 과학교육센터 메이커 스페이스, 과학실험실(서울개화초 후관 2층) 일시 대상구분날짜시간4학년1기(월요반)11.13.(월), 11.20(월)15:30~17:10(100분 운영)2기(화요반)11.14(화), 11.21(화)5학년1기(월요반)11.13.(월), 11.20(월)15:30~17:10(100분 운영)2기(화요반)11.14(화), 11.21(화) 대상 구분 날짜 시간 4학년 1기(월요반) 11.13.(월), 11.20(월) 15:30~17:10(100분 운영) 2기(화요반) 11.14(화), 11.21(화) 5학년 1기(월요반) 11.13.(월), 11.20(월) 15:30~17:10(100분 운영) 2기(화요반) 11.14(화), 11.21(화) 대상 구분 날짜 시간 4학년 1기(월요반) 11.13.(월), 11.20(월) 15:30~17:10(100분 운영) 2기(화요반) 11.14(화), 11.21(화) 5학년 1기(월요반) 11.13.(월), 11.20(월) 15:30~17:10(100분 운영) 2기(화요반) 11.14(화), 11.21(화) 대상 구분 날짜 시간 4학년 1기(월요반) 11.13.(월), 11.20(월) 15:30~17:10(100분 운영) 2기(화요반) 11.14(화), 11.21(화) 5학년 1기(월요반) 11.13.(월), 11.20(월) 15:30~17:10(100분 운영) 2기(화요반) 11.14(화), 11.21(화) 4학년 5학년 1일차 2일차 1일차 2일차 전도성펜을 활용한 나만의 디자인 작품 꾸미기 유압원리를 활용한 이관절 로봇팔 센서로 움직이는 플라잉 드론 메이키 메이키로 다양한 악기 구성하기 신청 기간 2023. 10. 25.(수) 10:00 ~ 10. 30.(월) 16:00 신청 방법 학생/학부모가 직접 아래 QR코드 또는 URL에 접속하여 신청서(구글 설문) 제출접속 URLQR코드https://forms.gle/MK55K4uHA4v5EtmK8(Chrome 브라우저 권장) 접속 URL QR코드 https://forms.gle/MK55K4uHA4v5EtmK8(Chrome 브라우저 권장) 접속 URL QR코드 https://forms.gle/MK55K4uHA4v5EtmK8(Chrome 브라우저 권장) 유의사항 신청 기한 내에 들어온 신청만 유효(이전/이후 신청은 제외) 프로그램 기간 동안 결석하지 않고 성실하게 참여할 학생만 신청 접속 URL QR코드 https://forms.gle/MK55K4uHA4v5EtmK8(Chrome 브라우저 권장) 선정방법 학교별 신청 인원 제한 없음 신청자가 모집인원을 초과할 경우 추첨 프로그램을 이용하여 무작위 추첨 1학교에 1명 선정을 기준으로 하되, 미달 시 2명 이상 선정 가능 결과안내 2023. 11. 1. (수) 예정 (신청한 학생의 보호자에게 선정여부 문자 발송, 학생의 소속교에 공문 발송) 기타 신청 후 변경이 불가하오니 수업 일정을 숙지하고 신청하여 주시기 바랍니다. 신청 후 갑작스러운 취소나 수업에 불참할 경우 추후 과학교육센터 프로그램 참여가 제한될 수 있습니다.","기타"
"부모님의 관심과 적극적인 신고가 아동학대를 예방할 수 있습니다 자녀 훈육과 관련된 상황과 고민을 담임 선생님과 적극적으로 의논합니다.","건강·안전"
"일시 : 2023. 10. 26.(목) 1부 - 09:00 ~ 11:20 (1,3,5학년)2부 - 12:00 ~ 14:20 (2,4,6학년) 장소 : 서울신월초등학교 운동장(우천시 순연) 운동회 운영 시간 이외 다른 시간은 정상 수업으로 진행합니다.","일정"
"2023. 10. 20.서 울 신 월 초 등 학 교 장 오전 프로그램(1, 3, 5학년)2023. 10. 26 (목) 09:00 ~ 11:20 구 분 차 례 학 년 경기 종목 오전 1 전체 개회식, 준비체조 2 전체 파도타기 3 전체 슈퍼볼 릴레이 4 5학년 우사인 볼트를 꿈꾸며(100M) 5 3학년 토끼와 거북이 6 1학년 하늘높이 달려라(60M) 7 학부모 딱지 뒤집기 8 3학년 다리야, 날 살려라(60M) 9 1학년 바구니 공넣기 10 5학년 장애물 탈출 11 학부모 만장기 휘날리며 12 1-3-5학년 줄다리기 13 대표 1,3,5학년 이어달리기 14 전체 폐회식, 정리운동 등교: 08:40 ~ 08:50 하교: 1학년-13:20 3,5학년-14:30 오후 프로그램(2, 4, 6학년)2023. 10. 26 (목) 12:00 ~ 14:20 구 분 차 례 학 년 경기 종목 오후 1 전체 개회식, 준비체조 2 전체 파도타기 3 전체 슈퍼볼 릴레이 4 6학년 무빙볼 달리기 5 2학년 뛰어요 달려요 무지개꿈 찾아서(60M) 6 4학년 사다리 릴레이 7 6학년 힘차게 달려요(100M) 8 학부모 달려라 팡팡 9 2학년 산넘고 물건너 10 4학년 번개처럼 쏜살같이!(100M) 11 학부모 꼬리 밟기 12 2-4-6학년 줄다리기 13 대표 2,4,6학년 이어달리기 14 전체 폐회식, 정리운동 등교: 08:40 ~ 08:50 하교: 2,4,6학년 14:30","일정"
"자세한 내용은 서울학부모지원센터 홈페이지 공지사항을 통해 확인가능하며, 참여를 희망하는 학부모님께서는 센터 홈페이지에서 개별 신청하여 주시기 바랍니다. 운영기간: 2023. 4. 10.(월) ~ 2023. 7. 29.(토) 운영방법: 온라인(ZOOM) 실시간 집단상담 상담대상: 서울 소재 초 중 고 특수학교 양육자 240명 (40집단 x 집단별 6명) 상담일정: 40개의 집단 중 택1 1집단 주1회(2시간)x3주간 운영, 집단별 3회 일정 전체 참여 가능자만 신청 상반기 학교급별 집단 상담이 시범 운영되며, 별도의 표시가 없는 경우 초 중 고 특수 양육자 혼합 구성함오전 집단상담 일정 (10:00~12:00)월요일화요일수요일목요일금요일토요일(1집단) 4/10, 4/17, 4/24(2집단) 4/11, 4/18, 4/25(3, 4집단) 4/12, 4/19, 4/26(5집단) 4/13, 4/20, 4/27(6집단) 4/14, 4/21, 4/28(7집단) 4/15, 4/22, 4/29(8집단) 5/1, 5/8, 5/15(9집단) 5/2, 5/9, 5/16(10, 11집단) 5/3, 5/10, 5/17(12집단) 5/4, 5/11, 5/18(13집단) 5/12, 5/19, 5/26(14집단) 5/6, 5/13, 5/20(15집단) 5/22, 5/29, 6/5(16집단) 6/13, 6/20, 6/27(17, 18집단) 5/24, 5/31, 6/7(19집단) 5/25, 6/1, 6/8고등 (20집단) 6/2, 6/9, 6/16(21집단) 6/3, 6/10, 6/17특수 (22집단)6/12, 6/19, 6/26초등 (23집단)7/4, 7/11, 7/18(24, 25집단)6/14, 6/21, 6/28(26집단)6/15, 6/22, 6/29고등 (27집단)6/23, 6/30, 7/7중등 (28집단)6/24, 7/1, 7/8특수 (29집단)7/3, 7/10, 7/17(30, 31집단)7/5, 7/12, 7/19초등 (32집단)7/6, 7/13, 7/20중등 (33집단)7/15, 7/22, 7/29저녁 집단상담 일정 (19:00~21:00)월요일화요일수요일목요일금요일토요일(1집단)5/1, 5/8, 5/15(2집단)5/2, 5/9, 5/16(3집단)5/3, 5/10, 5/17(4집단) 5/4, 5/11, 5/18(5집단)5/12, 5/19, 5/26(6집단)6/13, 6/20, 6/27(7집단)6/2, 6/9, 6/16 신청기간: 2023. 4. 5.(수) 10:00 ~ 마감시 선착순 모집, 1인당 1집단 신청가능 신청방법: 학부모지원센터 홈페이지 가입(http://parents.sen.go.kr) 교육/행사알림 교육/행사신청 상담대상자 안내: 선정자에 한해 개별 문자 통보 문의처: 서울시교육청 서울학부모지원센터 ( 02-6973-9837)2023. 4. 5.서울신월초등학교장 오전 집단상담 일정 (10:00~12:00) 월요일 화요일 수요일 목요일 금요일 토요일 (1집단) 4/10, 4/17, 4/24 (2집단) 4/11, 4/18, 4/25 (3, 4집단) 4/12, 4/19, 4/26 (5집단) 4/13, 4/20, 4/27 (6집단) 4/14, 4/21, 4/28 (7집단) 4/15, 4/22, 4/29 (8집단) 5/1, 5/8, 5/15 (9집단) 5/2, 5/9, 5/16 (10, 11집단) 5/3, 5/10, 5/17 (12집단) 5/4, 5/11, 5/18 (13집단) 5/12, 5/19, 5/26 (14집단) 5/6, 5/13, 5/20 (15집단) 5/22, 5/29, 6/5 (16집단) 6/13, 6/20, 6/27 (17, 18집단) 5/24, 5/31, 6/7 (19집단) 5/25, 6/1, 6/8 고등 (20집단) 6/2, 6/9, 6/16 (21집단) 6/3, 6/10, 6/17 특수 (22집단)6/12, 6/19, 6/26 초등 (23집단)7/4, 7/11, 7/18 (24, 25집단)6/14, 6/21, 6/28 (26집단)6/15, 6/22, 6/29 고등 (27집단)6/23, 6/30, 7/7 중등 (28집단)6/24, 7/1, 7/8 특수 (29집단)7/3, 7/10, 7/17 (30, 31집단)7/5, 7/12, 7/19 초등 (32집단)7/6, 7/13, 7/20 중등 (33집단)7/15, 7/22, 7/29 저녁 집단상담 일정 (19:00~21:00) 월요일 화요일 수요일 목요일 금요일 토요일 (1집단)5/1, 5/8, 5/15 (2집단)5/2, 5/9, 5/16 (3집단)5/3, 5/10, 5/17 (4집단) 5/4, 5/11, 5/18 (5집단)5/12, 5/19, 5/26 (6집단)6/13, 6/20, 6/27 (7집단)6/2, 6/9, 6/16 오전 집단상담 일정 (10:00~12:00) 월요일 화요일 수요일 목요일 금요일 토요일 (1집단) 4/10, 4/17, 4/24 (2집단) 4/11, 4/18, 4/25 (3, 4집단) 4/12, 4/19, 4/26 (5집단) 4/13, 4/20, 4/27 (6집단) 4/14, 4/21, 4/28 (7집단) 4/15, 4/22, 4/29 (8집단) 5/1, 5/8, 5/15 (9집단) 5/2, 5/9, 5/16 (10, 11집단) 5/3, 5/10, 5/17 (12집단) 5/4, 5/11, 5/18 (13집단) 5/12, 5/19, 5/26 (14집단) 5/6, 5/13, 5/20 (15집단) 5/22, 5/29, 6/5 (16집단) 6/13, 6/20, 6/27 (17, 18집단) 5/24, 5/31, 6/7 (19집단) 5/25, 6/1, 6/8 고등 (20집단) 6/2, 6/9, 6/16 (21집단) 6/3, 6/10, 6/17 특수 (22집단)6/12, 6/19, 6/26 초등 (23집단)7/4, 7/11, 7/18 (24, 25집단)6/14, 6/21, 6/28 (26집단)6/15, 6/22, 6/29 고등 (27집단)6/23, 6/30, 7/7 중등 (28집단)6/24, 7/1, 7/8 특수 (29집단)7/3, 7/10, 7/17 (30, 31집단)7/5, 7/12, 7/19 초등 (32집단)7/6, 7/13, 7/20 중등 (33집단)7/15, 7/22, 7/29 저녁 집단상담 일정 (19:00~21:00) 월요일 화요일 수요일 목요일 금요일 토요일 (1집단)5/1, 5/8, 5/15 (2집단)5/2, 5/9, 5/16 (3집단)5/3, 5/10, 5/17 (4집단) 5/4, 5/11, 5/18 (5집단)5/12, 5/19, 5/26 (6집단)6/13, 6/20, 6/27 (7집단)6/2, 6/9, 6/16 오전 집단상담 일정 (10:00~12:00) 월요일 화요일 수요일 목요일 금요일 토요일 (1집단) 4/10, 4/17, 4/24 (2집단) 4/11, 4/18, 4/25 (3, 4집단) 4/12, 4/19, 4/26 (5집단) 4/13, 4/20, 4/27 (6집단) 4/14, 4/21, 4/28 (7집단) 4/15, 4/22, 4/29 (8집단) 5/1, 5/8, 5/15 (9집단) 5/2, 5/9, 5/16 (10, 11집단) 5/3, 5/10, 5/17 (12집단) 5/4, 5/11, 5/18 (13집단) 5/12, 5/19, 5/26 (14집단) 5/6, 5/13, 5/20 (15집단) 5/22, 5/29, 6/5 (16집단) 6/13, 6/20, 6/27 (17, 18집단) 5/24, 5/31, 6/7 (19집단) 5/25, 6/1, 6/8 고등 (20집단) 6/2, 6/9, 6/16 (21집단) 6/3, 6/10, 6/17 특수 (22집단)6/12, 6/19, 6/26 초등 (23집단)7/4, 7/11, 7/18 (24, 25집단)6/14, 6/21, 6/28 (26집단)6/15, 6/22, 6/29 고등 (27집단)6/23, 6/30, 7/7 중등 (28집단)6/24, 7/1, 7/8 특수 (29집단)7/3, 7/10, 7/17 (30, 31집단)7/5, 7/12, 7/19 초등 (32집단)7/6, 7/13, 7/20 중등 (33집단)7/15, 7/22, 7/29 저녁 집단상담 일정 (19:00~21:00) 월요일 화요일 수요일 목요일 금요일 토요일 (1집단)5/1, 5/8, 5/15 (2집단)5/2, 5/9, 5/16 (3집단)5/3, 5/10, 5/17 (4집단) 5/4, 5/11, 5/18 (5집단)5/12, 5/19, 5/26 (6집단)6/13, 6/20, 6/27 (7집단)6/2, 6/9, 6/16","일정"
"지원 대상으로 선정된 가정에서는 아래의 내용을 읽어보시고 반드시 교육부 교육청 협약요금제에 가입하시어 지원받으시기를 바랍니다.2023. 6. 16.서울신월초등학교장 지원 기간 : 2023년 6월 ~ 2024년 5월 (1년) 2023년 6월 ~ 2024년 5월 사용분(2023년 7월 ~ 2024년 6월 청구분) 단, 2024년 고등학교 졸업 예정자는 2024년 2월 사용분까지 지원 지원 내용 : 인터넷통신비 월 17,600원 교육부 교육청 협약요금제1)교육부와 협약을 맺은 통신사(KT, LGU , SKB, SKT) 및 서울특별시교육청과 협약을 맺은 통신사(딜라이브, SKB(구 T브로드), LG헬로비전, 현대HCN, CMB)에서 초 중 고 저소득층 학생(인터넷통신비 지원 대상자)에게 제공하는 요금제 가입자에 한하여 지원(가입 월부터 지원) 붙임1 교육부와 협약을 맺은 통신사(KT, LGU , SKB, SKT) 및 서울특별시교육청과 협약을 맺은 통신사(딜라이브, SKB(구 T브로드), LG헬로비전, 현대HCN, CMB)에서 초 중 고 저소득층 학생(인터넷통신비 지원 대상자)에게 제공하는 요금제 붙임1 지원 통신사 : KT, LGU , SKB, SKT, 딜라이브, SKB(구 T브로드), LG헬로비전, 현대HCN, CMB 지원 방법 : 매월 교육청에서 통신사로 직접 지급 지원 대상 : 서울 소재 학교에 재학하는 저소득층 가구 학생 선정 기준 : 가구 내 최연소 학생 1명 (1가구당 1회선 지원) 지원 절차 인터넷 사용요금은 가입 월부터 지원되며, 가입 익월에 청구되어 통신사에 납부됨 학부모 처리사항 (1) - 2023학년도 심사결과 관련 심사 결과 필수 학부모 처리사항 2023학년도 선정자 선정된 경우 별도안내(SMS 또는 전화) 통신사에 직접 연락하여 협약요금제 가입 붙임1 협약요금제 가입자에 한하여 인터넷통신비 지원(가입 월부터 지원) 현재 서울시교육청 협약요금제 가입 중이면 다시 가입할 필요 없음 유해정보차단 소프트웨어 '그린아이넷' 설치(무료) 붙임2 미선정자(지원 중지) 인터넷서비스 직접 해지( 자비부담 자동 전환) 2022학년도 교육정보화 지원 대상으로 인터넷통신비를 지원받았으나 2023학년도에 미선정된 경우, 2023년 6월 사용료(7월 청구분)부터는 자비부담으로 자동 전환되므로 해당 통신사에 인터넷 해지 여부, 계속 이용 시 청구요금 등을 반드시 확인 학부모 처리사항 (2) - 변동사항 발생 시 (2023. 6월~) 변동사항구분 필수 학부모 처리사항 저소득 자격 취득 교육비 신청(상시) 동의서 추가 제출추가 선정 학교에 '교육정보화 지원 대상 추가선정 요청' 후 통신사에 협약요금제 직접 가입( 가입 월부터 지원) 학적 변동(타시 도 전출, 자퇴, 퇴학, 제적, 휴학, 유예, 면제, 졸업)지원 중지 인터넷서비스 직접 해지( 자비부담 자동 전환) 학적 변동 월까지만 지원되고 자비부담으로 자동 전환되므로, 통신비 납부를 원하지 않는 경우 통신사에 직접 서비스 해지 타시 도로 전출 이후 지원에 관하여는 전입 학교/교육청에 문의 지원 통신사 변경계속 지원 학부모가 직접 기존 통신사의 인터넷서비스를 해지하고, 신규 통신사의 인터넷서비스 개통 및 협약요금제 가입 유의사항: 1개 통신사에 월할 지급되는 사항으로, 통신사 변경 월에도 1개 통신사로만 지원되므로 나머지 1개 통신사 이용 요금은 가정으로 청구됨 안내 및 상담 기타 인터넷통신비 지원에 관련된 사항은 학교 교육정보화 지원 담당교사에게 안내 상담 받으시기 바랍니다.","비용"
"5. 기준) 현재 서울시교육청 협약요금제 가입 중인 지원 대상자의 경우 다시 가입할 필요 없음 통신사 정책 및 상품의 종류에 따라 가입이 어려울 수 있으므로 가입 상담 시 확인필요 설치장소의 인터넷 환경이나 사용자의 PC 환경에 따라 속도는 달라질 수 있음 2023학년도 초 중 고 학생 교육비 중교육정보화(인터넷통신비) 지원 안내 2023학년도 교무복지부 푸르름이 한창인 6월을 맞이하여 가정에 건강과 행운이 함께 하시길 기원합니다.","비용"
"지원 대상으로 선정된 가정에서는 아래의 내용을 읽어보시고 반드시 교육부 교육청 협약요금제에 가입하시어 지원받으시기를 바랍니다.2023. 6. 16.서울신월초등학교장 학교 국 공 사립 초등학교 중학교 고등학교 특수학교(전공과 포함) 각종학교 방송통신학교 학력인정 평생교육시설 자격 국민기초생활수급자(생계 의료 주거 교육급여), 한부모가족보호대상자,법정차상위대상자, 중위소득 60% 이하, 난민인정자 및 특별기여자 연령 만 22세 미만 기타 교육정보화 지원 동의서 제출 학부모 학부모 교육비신청 교육청 학교 협약요금제가입 신청 교육청 교육청 지원 대상선정 통보(5월 일괄, 상시) 협약요금제가입 승인(가입신청 1~2주 후 반영) 인터넷통신비지원(가입신청 1~2개월 후 반영) or 동 주민센터 or온라인(원클릭,복지로) 통신사 콜센터(붙임1 참조) 심사 결과 필수 학부모 처리사항 2023학년도 선정자 선정된 경우 별도안내(SMS 또는 전화) 통신사에 직접 연락하여 협약요금제 가입 붙임1 협약요금제 가입자에 한하여 인터넷통신비 지원(가입 월부터 지원) 현재 서울시교육청 협약요금제 가입 중이면 다시 가입할 필요 없음 유해정보차단 소프트웨어 '그린아이넷' 설치(무료) 붙임2 미선정자(지원 중지) 인터넷서비스 직접 해지( 자비부담 자동 전환) 2022학년도 교육정보화 지원 대상으로 인터넷통신비를 지원받았으나 2023학년도에 미선정된 경우, 2023년 6월 사용료(7월 청구분)부터는 자비부담으로 자동 전환되므로 해당 통신사에 인터넷 해지 여부, 계속 이용 시 청구요금 등을 반드시 확인 변동사항 구분 필수 학부모 처리사항 저소득 자격 취득 교육비 신청(상시) 동의서 추가 제출 추가 선정 학교에 '교육정보화 지원 대상 추가선정 요청' 후 통신사에 협약요금제 직접 가입( 가입 월부터 지원) 학적 변동(타시 도 전출, 자퇴, 퇴학, 제적, 휴학, 유예, 면제, 졸업) 지원 중지 인터넷서비스 직접 해지( 자비부담 자동 전환) 학적 변동 월까지만 지원되고 자비부담으로 자동 전환되므로, 통신비 납부를 원하지 않는 경우 통신사에 직접 서비스 해지 타시 도로 전출 이후 지원에 관하여는 전입 학교/교육청에 문의 지원 통신사 변경 계속 지원 학부모가 직접 기존 통신사의 인터넷서비스를 해지하고, 신규 통신사의 인터넷서비스 개통 및 협약요금제 가입 유의사항: 1개 통신사에 월할 지급되는 사항으로, 통신사 변경 월에도 1개 통신사로만 지원되므로 나머지 1개 통신사 이용 요금은 가정으로 청구됨 구분 담당자 연락처 교육정보화지원 담당 김은경 2699-4785(708) 붙임 1 교육청 협약요금제 가입 콜센터 및 지원상품 안내 통신사 서비스명 속도 비고 가입 콜센터 KT 인터넷 최대 100M 100Mbps 080-7979-001 기가인터넷 최대 500M 500Mbps 기가인터넷 최대 1G 1Gbps 월 5,500원 차액 부담 WiFi home 단말장치 KT서비스상품 신규신청 또는 30개월 이상 이용한 경우에 한함 LGU 광랜인터넷 최대100M 100Mbps LGU 기존 이용고객:1661-0567(교육청지원 신청) LGU 미가입자: , 순서로 모두 연락 02-101 (인터넷회선 설치 개통) 1661-0567 (교육청지원 신청) 기가인터넷 최대 500M 500Mbps 월 11,0원 차액 부담 기가인터넷 최대 1G 1Gbps 월 16,500원 차액 부담 WiFi 단말장치 'Wi-Fi기본형' 상품으로 신규가입한 경우에 한함 SKB,SKT 스마트다이렉트광랜 100Mbps 02-6375-8599 기가인터넷라이트 500Mbps 월 0~18,700원 차액 부담 기가인터넷 1Gbps 월 0~20,900원 차액 부담 WiFi 단말장치 신규신청자에 한함(별도 확인필요) 딜라이브 스마트광랜 100Mbps 1644-1100 Wi-Fi 단말장치 인터넷 신규 설치 가입자에 한함 SKB(구 T브로드) 스마트 스페셜 100Mbps 1877-70 기가 세이브 320Mbps Wi-Fi 단말장치 신규 설치 가입자에 한함 LG헬로비전 광랜 160Mbps 1855-10(양천구, 은평구) 광랜익스트림 200Mbps 시설 제공이 가능한 지역에 한함 기가라이트 500Mbps 시설 제공이 가능한 지역에 한함 플래티넘기가 1Gbps 시설 제공이 가능한 지역에 한함월 5,500원 차액 부담 AP일반(WiFi) 단말장치 인터넷 신규 고객만 가능 현대HCN 프리미엄 100Mbps 1877-80 Hy-WiFi 단말장치 신규 가입자에 한함 CMB i-스피드짱 100Mbps 1544-3434 WiFi 단말장치 신규 신청 시 고객 선택사항 붙임 2 유해정보차단 프로그램 설치 방법 그린i-Net(그린아이넷) 이란?- 다양한 매체를 통해 유통되는 온갖 유해정보로부터 청소년을 보호하고, 우리의 자녀들이 건전하고 올바르게 방송통신 정보를 이용할 수 있는 환경조성을 위해 구축한 사이버상의 '청소년정보이용안전망'- 구성: 청소년유해정보 등급표시, 유해정보 필터링, 인터넷 정보이용 시간관리, 사이버권리 침해예방 교육홍보 등 그린아이넷(http://www.greeninet.or.kr)에 접속하여 'S/W 다운로드'를 클릭합니다.","비용"
"기간 및 운영 횟수: 2023. 4. - 7. 토요일","일정"
"신청방법: 홈페이지를 통한 온라인 접수","제출"
"홈페이지(https://ssp.sen.go.kr) 예약 및 신청","제출"
"중앙방역대책본부의 ""코로나19 확산방지를 위한 방역지침"" 준수하여 운영","건강·안전"
"천문대 사용 시에는 서울특별시교육청과학전시관 천문대 운영 규정과 담당자의 지시 준수","건강·안전"
"교육활동을 하는 동안에는 반드시 해당 학부모(보호자)가 교육활동이 끝날 때까지 함께 참여","기타"
"모든 시설물에 대한 고의적인 분실이나 훼손에 대하여 시설물 사용자 책임","기타"
"폐휴대폰 수거 기간: 9. 4.(월) ~ 9. 8.(금) 중 희망 기간","일정"
"내 아이를 학교폭력으로부터 안전하게 보호하고 행복한 학교문화가 조성될 수 있도록 귀 댁의 자녀가 조사에 참여할 수 있게 지도를 부탁드리며, 솔직한 응답 및 비밀보장을 위해 가정에서 개별적으로 조사 참여가 이루어질 수 있도록 협조해 주시기 바랍니다. 조사 기간 : 2023. 4. 10.(월) 09:00 ~ 5. 10.(수) 18:00 (기간 중 24시간 참여 가능) 참여 대상 : 4~6학년 학생 전체 참여 방법: 학교폭력 실태조사 홈페이지(survey.eduro.go.kr) 컴퓨터 및 모바일 기기(스마트폰, 태블릿)로 참여 가능 하며 인터넷 브라우저에서 홈페이지 주소를 입력하여 실태조사에 참여 가능 조사관련 문의 및 상담: 학교폭력 실태조사 시도별 홈페이지에 안내(09:00~18:00, 주말 및 공휴일 미운영)2023. 4. 10.서울신월초등학교장 컴퓨터 및 모바일 기기(스마트폰, 태블릿)로 참여 가능 하며 인터넷 브라우저에서 홈페이지 주소를 입력하여 실태조사에 참여 가능 조사관련 문의 및 상담: 학교폭력 실태조사 시도별 홈페이지에 안내(09:00~18:00, 주말 및 공휴일 미운영) 컴퓨터 및 모바일 기기(스마트폰, 태블릿)로 참여 가능 하며 인터넷 브라우저에서 홈페이지 주소를 입력하여 실태조사에 참여 가능 조사관련 문의 및 상담: 학교폭력 실태조사 시도별 홈페이지에 안내(09:00~18:00, 주말 및 공휴일 미운영) 컴퓨터 및 모바일 기기(스마트폰, 태블릿)로 참여 가능 하며 인터넷 브라우저에서 홈페이지 주소를 입력하여 실태조사에 참여 가능 조사관련 문의 및 상담: 학교폭력 실태조사 시도별 홈페이지에 안내(09:00~18:00, 주말 및 공휴일 미운영)","제출"
"학부모ON누리 접속: http://www.parents.go.kr/","기타"
"학부모ON누리 우측 상단의 학습마당을 클릭, 부모자녀관계을 클릭","기타"
"자녀관계 개선을 위한 어울림 프로그램(22-3기) 시청하기","기타"
"학부모ON누리 우측 상단의 학습마당을 클릭, 인성 생활지도을 클릭","기타"
"다양한 인터넷 환경 속 중독을 피하는 방법(22-3기) 시청하기","기타"
"온라인 참여기간: 4. 10 (월) ~ 4. 23 (일) (13일간)","일정"
"검사방법: 온라인 검사 (http://mom.eduro.go.kr/)","기타"
"2023학년도 1학기 농촌유학 유학 기간: 6개월 또는 1년 (2023. 3. 1. ~ )","일정"
"2022. 12. 14.(수)~ 12. 20.(화) 유학 신청(1차)","일정"
"2022. 12. 26.(월)~ 2023. 1. 4.(수) 사전 방문","일정"
"학생과 학부모 모두 유학학교 방문 및 면담 필수","제출"
"2023. 1. 5.(목)~ 1. 9.(월) 유학 최종 신청","일정"
"2023. 1. 16.(월)~ 2023. 1. 20.(금) 유학 신청(추가 모집)","일정"
"2023. 1. 27.(금)~ 2023. 2. 3.(금) 추가 모집사전 방문","일정"
"2023. 2. 6.(월)~ 2. 8.(수) 유학 최종 신청","일정"
"2023. 2월 중(별도 안내) 참가자 설명회","일정"
"2023. 2. 20.(월)~ 2023. 2. 28.(화) 주소이전 및 전학신청","일정"
"허위 서류 제출 또는 기간 내 서류 미제출시 신청이 취소됨","건강·안전"
"서울 소재 중학교 일반배정이 불가하며, 추후 서울 중학교 입학을 원하는 경우 재배정 접수를 거쳐야 함에 동의해야 유학 신청이 가능함","제출"
"---------------------절-------------취-------------선--------------------- 학생정서 행동특성검사 검사방법 선택 의견서(4.7(금)까지 선택 의견 입력 부탁드립니다.) 온라인 검사를 실시하겠습니다. 서면 검사를 원합니다.","제출"
"(사유: )학년 반 번 학생이름 개인정보 수집 이용 동의서 수집되는 개인정보는 ""개인정보보호법""에 따라 보호되며, 동 법률에 따라 수집 이용 동의가 필요합니다.1. 수집이용목적 : 학생정서 행동특성검사 참여2. 수집항목 : 학생(학년, 반, 이름)","제출"
"4. 동의를 거부할 수 있으며, 정보 미제공시 학생정서 행동특성검사 참여에 어려움을 초래할 수 있습니다.개인정보 수집 이용 동의 예 아니요 2023 학생정서행동특성검사 참여방법 2023 학생 정서 행동특성검사 실시 안내 학부모님, 안녕하십니까?","제출"
"5. 주의사항 : 본인확인번호는 4. 7 (금)에 개별적으로 안내될 예정입니다.","기타"
"문항 체크시 일반적인 주변의 또래 아 동들과 비교하여 응답하도록 합니다.2023. 3. 31.서울신월초등학교장 학생정서 행동특성검사 검사방법 선택 의견서(4.7(금)까지 선택 의견 입력 부탁드립니다.) 온라인 검사를 실시하겠습니다. 서면 검사를 원합니다.","제출"
"아래의 내용 확인 하신 후, 상담을 원하는 학생의 학부모님께서는 4월 12일(수)까지 학교종이로 신청하여 주시기 바랍니다.","제출"
"1. 신청서 재출기간: 2023. 4. 5 (수) ~ 4. 12 (수) (선착순 모집/ 신청 인원이 많은 경우 상담의 긴급성에 따라 상담순서가 조정될 수 있습니다.)","제출"
"집안의 위험한 물건(칼, 약물 등)을 없애거나 감춰두세요.","건강·안전"
"위험한 행동을 사전에 차단하세요.","건강·안전"
"정신건강 전문가의 도움을 받으세요.","건강·안전"
"만일 어느 시점에서 자살을 감행하려는 전조나 불안한 기운이 느껴지거나 아이를 이해할 수 없을 때는 주저하지 말고 전문가의 도움을 요청합니다.","건강·안전"
"특히 이전에 자살을 시도한 적이 있는 아이가 다시 자살 생각을 하는 경우, 혹은 자살에 대한 구체적인 계획이 있거나 시도한 경우에는 반드시 전문가에게 도움을 요청하세요.","건강·안전"
"주소지 이전 및 학적 처리","기타"
"세대원 변동으로 인한 각종 자격 사항 변동은 관련 기관에 문의","기타"
"학부모 부담액: 가족체류형 30만원, 홈스테이형 30만원, 유학센터형 30만원","비용"
"중도 종료 시 유학학교와 사전면담 필수","기타"
"초기정착금은 1개월 이상 유학 시 전액 지원, 1개월 미만일 경우 미지원","비용"
"학부모는 서울 재학 학교로 직접 제출(서식1, 2, 3)","제출"
"홈스테이형 및 유학센터형의 경우 보호자는 자녀와 월 2회 이상 만나야 함","건강·안전"
"(가족체류형의 경우 지원금은 가구 기준입니다)2. 농촌 유학학교 및 농가 사전 방문은 최종신청 전 필수 절차입니다.","일정"
"9. 홈스테이형 및 유학센터형의 경우, 보호자는 자녀와 월 2회 이상 만나야 합니다.","건강·안전"
"지역별 홈페이지에서 학교 및 농가 현황을 확인하여 참여를 원하시는 경우, 기간 내에 신청서를 학교로 제출하여 주시기 바랍니다.","제출"
"신청기간: 2023. 7. 17. (화) 14:00 까지","일정"
"신청방법: 신청서 서식(1,2,3) 작성 재학 중인 서울 학교로 제출","제출"
"세부 내용 및 시간 선택 안내는 9월 12일(화) ~ 9월 13일(수) 기간에 반별로 안내해드릴 예정이오니 상담을 희망하시는 학부모님께서는 별도 안내에 따라 상담에 참여해 주시기 바랍니다.","일정"
"상담 일시 및 소요 시간 : 선택한 일시에 10~15분 내외 상담 (시간을 꼭 지켜주세요.)","일정"
"주간 상담이 어려운 학부모님의 경우 9월 21일(목) 17:30 ~ 19:30까지 야간 상담을 운영할 예정이오니 야간 상담을 신청하시기 바랍니다.","일정"
"안내 일시에 상담이 어려우신 경우에는 수시 상담을 실시하오니 담임선생님과 연락하시어 상담일을 정하신 후에 상담을 하시면 됩니다.","기타"
"'학교종이앱' 설문을 통해 원하는 상담 방법 및 시간 선택(시간은 선착순으로 선택)","제출"
"비상시 대비 물품 꾸러미 가방 싸기(리스트 목록 만들기)","준비물"
"제출 기간 및 장소 : 2023년 3월 20일 (월요일), 4-1교실","제출"
"제출물 : 작품요약서 출력물(뒷면 또는 학교종이앱에 파일 첨부 참고)만 제출함.","제출"
"작품요약서는 A4 용지 1~2쪽으로 작성, 1부 제출 제출된 작품 요약서 중 최우수 작품만 추후 실물로 제작하여 지역 교육청 대회에 제출","제출"
"실내화, 과제물 가져오기","준비물"
"방학 중 학교에 올 경우에도 실내화를 신고 출입합니다.","준비물"
"방학 중 방과후교실, 스포츠교실, 상담교실, 영어캠프에 참가하는 학생은 일정을 확인하고 참석합니다.","일정"
"실내화, 물통(수저), 알림장, 필기도구 가져오기","준비물"
"방학 중 방과후교실, 스포츠교실, 상담교실, 영어 캠프에 참가하는 학생은 일정을 확인하고 참석합니다.","일정"
"일시 : 2023. 9. 4(월) 1일간","일정"
"등교 학생 준비물 : 프로그램 운영 시 이용할 수 있도록 개인 물병을 준비해주시기 바랍니다.","준비물"
"모든 교육급여 수급 가정에서는 한국장학재단의 사업누리집(e-voucher.kosaf.go.kr)을 통해 교육급여 바우처를 별도로 추가 신청하셔야 합니다.","기타"
"교육급여 지원이 필요하신 가정의 경우 주민센터 또는 복지로 누리집(www.bokjiro.go.kr)을 통해 교육급여 신규 신청을 진행하시기 바랍니다.","기타"
"신청방법: https://e-voucher.kosaf.go.kr URL 접속하여 온라인으로 신청(간편인증, 공동 금융인증서를 통한 본인확인 필수)","제출"
"신청기간: 2023. 3. 29. (수) ~ 2024. 6. 28.(금)","일정"
"사전신청기간(기 수급권자 대상): 2023. 3. 2. (목) ~ 2023. 3. 20. (월)","일정"
"사용기간: 바우처 배정일(신청 이후 2~10일 이내) ~ 2024. 8. 31. (토)","일정"
"운영시간: 오전 9시 ~ 오후 16시","일정"
"학생의 어려움이나 교육 치료 등 지원이 필요하신 학부모님께서는 가정방문(전화문의)을 요청하셔서 관련 안내를 받으실 수 있습니다.","기타"
"초등집중신청기간: 23.2.20.(월) ~ 2.23.(목)","일정"
"중고등집중신청기간: 23.2.2.(목) ~ 2.7.(화)","일정"
"신청페이지 접속 및 신청하기","제출"
"신청정보를 빠짐없이 입력","제출"
"개인정보 수집 이용 동의","제출"
"학생이 실제 입학하는 학교이름을 정확하게 입력","제출"
"신청 학교, 학생 생년월일 등 작성","제출"
"입학준비금 지급 신입생 학교 검색","제출"
"가입수단 선택하여 회원가입 진행(휴대폰/카카오톡/공동인증서)","제출"
"제로페이 마이데이터 서비스 이용약관 및 정보동의 제공","제출"
"휴대폰 본인인증 진행","제출"
"입학준비금 신청하기","제출"
"개인정보수집이용및제3자정보제공동의","제출"
"물이 잠긴 도로, 지하차도, 교량 등은 이용하지 않도록 합니다.","건강·안전"
"공사장, 가로등, 신호등, 전신주, 간판이 많은 곳, 지하 공간 등 위험 지역에는 접근하지 않도록 합니다.","건강·안전"
"호우특보가 발령중일 때는 가급적 외출을 자제하고, 주변에 정보를 알려줍니다.","건강·안전"
"TV, 라디오, 인터넷 등을 통해 기상 정보를 청취하여 내가 있는 지역의 상황을 지속적으로 파악합니다.","건강·안전"
"정전이 발생한 경우 양초를 사용하지 말고 휴대용 랜턴, 휴대폰 등을 사용합니다.","건강·안전"
"아파트의 지하주차장에 가급적 주차하지 마시고, 지하주차장에 물이 찼을 때는 들어가지 않습니다.","건강·안전"
"차량은 속도를 줄여 운행하고, 하천변, 해안가 등 급류에 휩쓸릴 수 있는 지역이나 침수 위험 지역에는 접근하지 않습니다.","건강·안전"
"홍수 우려 때 피난 가능한 장소와 길을 사전에 숙지합니다.","건강·안전"
"갑작스러운 홍수가 발생하였으면 높은 곳으로 빨리 대피합니다.","건강·안전"
"비탈면이나 산사태가 일어날 수 있는 지역에 가까이 가지 않습니다.","건강·안전"
"바위나 자갈 등이 흘러내리기 쉬운 비탈면 지역의 도로 통행을 삼가고, 만약 도로를 지날 때 주위를 잘 살핀 후 이동합니다.","건강·안전"
"홍수 예상 시 전기차단기를 내리고 가스 밸브를 잠급니다.","건강·안전"
"침수주택은 가스 전기차단기가 off에 있는지 확인하고, 기술자의 안전조사가 끝난 후 사용합니다.","건강·안전"
"수돗물이나 저장식수도 오염 여부를 반드시 조사 후에 사용합니다.","건강·안전"
"14:30~15:00 개회사 국민의례 학교운영위원회 학부모위원(보궐) 선출 학부모회 임원 선출 학교장 인사 및 학교 운영 안내 학부모 대상 연수 실시","일정"
"15:00~15:40 담임소개, 학급운영 방침 안내 학급대표 선출 및 급식 모니터링 선출","일정"
"학부모회 회장 1명, 부회장 1명, 감사 1명 선출","제출"
"학급학부모회: 학부모회 임원 선출, 학급당 1명(학급대표1)","제출"
"학년학부모회: 학년대표 선출(학급대표 중 1명), 학년당 1명(학년대표1)","제출"
"기능별 학부모: 급식 모니터링 급식운영 전반 모니터링 활동, 학급당 2명, 연1회 참여","제출"
"가정학습 확인서 제출이 필요할 수 있습니다.","제출"
"폐기의 경우 소유물 포기의사를 명확하게 하기 위하여 보호자의 동의를 얻습니다.","제출"
"일 시: 2023. 03. 23. (목) 14:30~16:00나.","일정"
"참관방법 1) 해당 수업공개일에 학급별로 자녀 교실로 방문하여 수업 참관 2) 수업 참관 후 수업 참관록을 작성 제출","제출"
"나. 협조사항 1) 코로나 유사증상 및 건강이 좋지 않은 분은 참관 자제 협조 2) 원활한 수업 진행 및 학생들의 수업 집중을 위한 환경 조성","건강·안전"
"1) 담임교사 수업공개 대상 학년교과시간참관 장소교사참관대상1학년창체2교시(9:50~10:30)해당 교실담임대상학급학부모2학년창체3학년창체6교시(13:40~14:20)4학년창체5학년창체6학년국어","일정"
"2) 교과전담교사 수업공개대상 학급교과시간참관장소교사참관대상3-3도덕2교시(9:50~10:30)수석교사실(서관2층)우 대상학년 학부모5-3과학해누리터(본관2층)송 5-1실과실과실(본관4층)오 ㅇ3-4과학별누리터(본관2층)오 ㅈ5-5영어영어교실(본관2층)조 6-5영어교과2실(서관3층)손","일정"
"앞면 건강조사서와 뒷면 동의서를 작성하신 후 3월 10일(금)까지 담임선생님께 제출해 주시기 바랍니다.","제출"
"1. 응급상황 시 연락처 학년반번호학생 성명보호자 성명응급상황 시 연락처(서명) 1.(관계: ) 2.(관계: )","제출"
"2. 현재 치료 중인 질병이 있습니까?","제출"
"선천성 질병, 만성질환, 희귀질환 등으로 현재 관리가 필요하거나 정기검사 또는 치료중인 경우 (예: 암, 뇌전증, 가와사키병, 심장질환, 고혈압, 당뇨, 신장질환 등) 해당하는 곳에 표시하고, 해당내용이 있는 경우 적어주세요.","제출"
"없다 ( ) 있다 과거 치료완료 ( ) 완치 후 정기검진 ( ) 치료중 ( ) 질병명 : 진단년도 : 수술명 및 수술년도 : 정기적 복용 약물명 : 정기적 치료 및 검진 내용 : 현재상태 및 학교생활에서 주의사항 :","제출"
"3. 미세먼지 민감 기저질환자에 해당합니까?","제출"
"(예, 알레르기성 결막염, 아토피 피부염, 알레르기성 비염, 기관지 천식, 알레르기성 장염, 아나필락시스, 심혈관질환 등) 예 아니오 ( 표시) 질병명 : 알레르기 반응 물질, 증상, 현재상태, 학교생활에서 주의사항 : 약물치료 여부 : 예 아니오 ( 표시) 약품명 :","제출"
"4. 현재 신체장애(시력, 청력, 언어장애 등 포함)나 정신 장애 및 기타의 장애를 가지고 있습니까?","제출"
"기타 수업에 지장이 있어 배려가 필요한 경우가 있습니까? 예 아니오 ( 표시) 질병명 : 현재 상태 및 학교생활에서 주의사항 :","제출"
"5. 흡연 또는 음주 및 기타 약물을 경험 한 적이 있습니까? 지난 한달 동안 흡연, 음주, 약물 경험유무: 전혀 없음 매일 일주일에 2~3일 ( 표시) 학년 반 번호 학생 성명 보호자 성명 응급상황 시 연락처 (서명) 1.(관계: ) 2.(관계: )","제출"
"개인정보 활용 동의 개인정보항목 : 학년 반, 번호, 이름, 생년월일, 보호자명, 연락처, 기저질환 등 건강정보 보유 및 이용 목적 : 응급환자 관리, 학교치과주치의 사업 포함 학생건강검사 보유 및 이용 기간 : 1년","제출"
"위 사항의 개인정보 제공 및 활용에 동의합니다. 동의 시 표시해주세요. 동의 비동의","제출"
"응급처치 동의 학생이 학습활동 중 위급하거나 위독할 때를 제외하고는 보호자(학부모)께 연락하여 보호자가 병원에 데리고 가는 것을 원칙으로 합니다. 단, 응급상황이거나 연락이 안 될 경우 인근 병원이나 119를 이용하여 이송함에 동의합니다.","제출"
"투약 동의 학교에서의 학생에게 신속한 응급처치가 이루어질 수 있도록 투약(해열 진통제, 소화제, 감기약 등 일반의약품) 및 응급처치 절차에 대한 권한을 학교에 위임할 것에 동의합니다. 동의 시 표시해주세요.","제출"
"동의하지 않는 약물이 있는 경우 약품명 기재 : 학부모 성함 : 서명 또는 (인)","제출"
"2. 제출 기간 : 2023년 3월 22일 수요일 ~ 2023년 3월 24일 금요일(3일간)","일정"
"1. 이용사무별 공동이용 행정정보(구비서류) 이용 사무(이용목적) 공동이용 행정정보 동의여부(동의 시 서명 또는 날인) 학교생활기록부 작성 정정 주민등록표 등 초본","제출"
"4. 정보주체(본인)동의사항 등 본인이 동의한 위 사무에 대한 행정정보를 학교장이 ""전자정부법""제36조에 따른 행정정보 공동이용을 통해 주민등록표 등 초본 관련 행정정보를 처리하는데 동의합니다. 만일 위 행정정보를 학교장이 처리하는 것에 대해 본인이 동의를 하지 아니할 경우에도불이익은 없습니다.","제출"
"다만, 동의하지 아니한 경우에는 그 해당 부분에 대해서는 직접 서류(주민등록표 등 초본)를 제출하여야 합니다.","제출"
"2023년 3월 일대상자 본인 학 생 : (서명 또는 인) 학부모 : (서명 또는 인)","제출"
"2023년 3월 일대상자 본인 학 생 : (서명 또는 인)학부모 : (서명 또는 인)","제출"
"이용 사무(이용목적) 공동이용 행정정보 동의여부(동의 시 서명 또는 날인) 학교생활기록부 작성 정정 주민등록표 등 초본","제출"
"저소득층 가구 초 중 고 학생을 위한 교육비 및 교육급여를 지원하오니, 지원을 희망하는 가정에서는 아래 내용을 참고하여 신청하시기 바랍니다.","기타"
"집중신청기간: 2022년 3월 2일(목) ~ 3월 17일(금)","일정"
"신청일이 속한 월부터 지원받으므로 집중신청기간에 신청 권장","기타"
"기초생활수급자, 한부모가족보호대상자, 법정차상위 대상자에 해당할지라도 반드시 교육비 교육급여를 신청하셔야만 지원 가능","기타"
"학부모 주민등록주소지읍면동 주민센터 방문","기타"
"신청서, 소득재산신고서, 금융정보등 제공 동의서, 각종 증빙자료","제출"
"법정저소득 자격대상자 교육비 납부유예: 납부유예를 원하시는 경우 아래 번호로 문의","기타"
"기간 : 2024. 7. 5.(금) ~ 7. 12.(금)","일정"
"학교에서 발송한 문자 메시지에 안내한 URL이나 아래의 QR코드로 접속하여 응답","제출"
"접속 후 기초자료 입력하여 설문에 답변","제출"
"학생과 보호자는 교원의 동의 없이 휴대전화나 카메라, 녹음기 등을 이용하여 교육활동 중인 교원의 영상 화상 음성(교원ㆍ학생 간 대화 등) 등을 실시간으로 청취하거나 촬영 녹화 녹음 합성하여 무단으로 배포하는 행위를 하여서는 안 된다.","건강·안전"
"2. 학생은 등하교시 승용차를 이용할 경우에는 주정차가 불가능한 어린이 보호 구역을 지나 지정된 일시 승하차 구간에서만 내리도록 한다.","건강·안전"
"9. 등하교시 자전거 및 개인이동수단은 사용하지 않는다.","건강·안전"
"학생 또는 보호자가 재심의를 요청할 때에는 학교 재심의 요청서를 작성하여 관련 자료와 함께 학교에 제출하여야 한다.","제출"
"가정학습 확인서 제출","제출"
"이수증 또는 확인서 제출 시 출석인정으로 처리","제출"
"일시: 2024.7.22.(월) ~ 8.2.(금) 10:00 ~ 13:00 총 10일 중 희망일에 하루 참여","일정"
"A반(10시~12시), B반(11시~13시) 중 희망반(시간) 선택","제출"
"장소: 서울시교육청보건안전진흥원 바른식생활학습장 및 강당(서울특별시 종로구 송월길48)","일정"
"신청기간: 2024.6.25.(화) 10시 ~ 2024.6.28.(금) 13시","일정"
"서울시교육청보건안전진흥원에서는 체험 중심의 식생활 교육을 통해 건강한 식품에 대한 인식을 확장하고 바른식생활을 실천할 수 있도록 여름방학 기간을 이용하여 다음과 같이 학생-학부모가 함께하는 ""바른 식생활 체험 여름방학 캠프""를 운영하오니, 희망하시는 학부모님께서는 아래와 같이 신청하여 주시기 바랍니다.","제출"
"유의사항: 요리실습에 사용되는 재료에는 계란, 새우, 게, 우유, 밀, 토마토 등이 있으므로 식품에 대한 알레르기가 있는 학생은 유의하여 주시기 바랍니다.","건강·안전"
"신청 URL: https://naver.me/5QuSmNgI","제출"
"개인정보 수집 이용 및 제3자 제공 동의","제출"
"방문 7일전에 유선전화로 방문예약을 신청하고 학교 관리자 승인 후 예약확인 연락을 받은 날짜와 시간에 학교 방문","일정"
"방문예약 신청 시 필수 전달사항: 방문대상, 방문 희망일 및 시간, 방문 사유, 방문인 성명 및 연락처","제출"
"일반업무(행정실): 방문 희망일 1일전까지 신청, 10:00 ~ 16:00","일정"
"학생상담(교무실): 방문 희망일 7일전까지 신청, 수업종료후 ~ 16:00","일정"
"평가 방법: 학교교육활동평가와 통합하여 11월 중에 평가 주체별로 학교종이앱을 통한 온라인 설문 조사 실시","일정"
"클라우드서비스 통합로그인 지원시스템 회원가입 및 로그인","제출"
"교수학습에 필요한 교육용 클라우드서비스 가입(계정 생성)","제출"
"5. 만 14세 미만 학생의 경우 가입 위임 시 보호자(법정 대리인)의 동의가 필요합니다.","제출"
"2. 이용약관 확인 및 동의 여부 확인","제출"
"3. 가입 유형 선택 (만 14세 미만 학생의 경우 법정대리인 동의 필요)","제출"
"4. 교육디지털원패스 본인 확인 및 회원정보 등록","제출"
"참여방법 : 온라인 설문조사 참여","제출"
"5.21 / 5.28 / 6.4 13:30(1차) : A (1~2학년군), 13:35(2차) : B (3~4학년군), 13:40(3차) : C (5~6학년군)","일정"
"6.11 / 6.18 / 6.25 13:30(1차) : B (3~4학년군), 13:35(2차) : C (5~6학년군), 13:40(3차) : A (1~2학년군)","일정"
"7.2 / 7.9 / 7.16 13:30(1차) : C (5~6학년군), 13:35(2차) : A (1~2학년군), 13:40(3차) : B (3~4학년군)","일정"
"초등학교 6학년 무료 예방접종 Tdap/Td 예방접종 : 5차 DTaP 접종 이후, 5년 경과된 만 11세 이상(11~13년생) 아동","건강·안전"
"일본뇌염(사백신) 5차 예방접종 : 일본뇌염(사백신) 4차 접종 이후, 5년 경과된 만 12세 이상(11~12년생) 아동","건강·안전"
"자궁경부암(HPV, 사람유두종바이러스) 예방접종 : 11~12년생 여자 아동","건강·안전"
"2024년 중 1차 접종, 6개월 이후 2차 접종으로 완료","건강·안전"
"미성년자의 경우 안전한 예방접종을 위해 보호자와 동반해야 함.","건강·안전"
"방문 전 가정에서 자녀의 체온을 측정하여 열이 없는 것과 건강상태를 확인합니다.","건강·안전"
"미성년자의 경우 안전한 예방접종을 위해 보호자와 동반하며, 접종자 주민등록번호 확인 후 방문합니다.","건강·안전"
"예방접종 수첩 지참","건강·안전"
"학 생 명 : (인)법정 대리인 : (인)법 적 관 계 : 광주초등학교 학년 ( )반 ( )번 이 름 : 개인정보의 수집 및 이용 및 위 사항에 동의하십니까?","제출"
"3월 21일(금)부터 3월 27일(목)까지 '아침 건강 달리기'신청자를 모집하오니 희망하는 학생의 학부모님께서는 신청해주시면 감사드리겠습니다.","제출"
"2. 일시: 2025년 4월 1일(화)~7월 18일(금) (16주)","일정"
"4. 시간: 아침 8시 30분~8시 50분 (20분)","일정"
"5. 신청기간: 3.21.(금) ~ 3.27.(목)까지 학교종이앱에서 신청","제출"
"학생들은 달리기 편한 복장으로 학교에 와서 참여합니다.","준비물"
"이와 더불어 학생들이 유사시에 집 근처의 비상 대피소를 미리 파악하여 행동할 수 있도록 '내 주변 대피소 찾기'과제를 부여하고자 하니, 학부모님들께서 아래 방법에 따라 학생들이 직접 집 주위의 대피소를 찾을 수 있도록 안내 부탁드립니다.","기타"
"일시: 2025. 8. 20.(수) 14:00 ~ 14:20(20분)","일정"
"학생과 함께 네이버지도, 카카오맵, 티맵, 안전디딤돌 스마트폰 앱 설치를 통한 집 학교 주변 대피소 확인","기타"
"지도앱 및 포털을 이용하여 주변 대피소를 찾아보고 내가 찾은 대피소를 적어봅시다.","기타"
"8. 25.(월)까지 담임 선생님께 제출합니다.","제출"
"활동장소 : 2면 참조 (학급 별로 배정되어 안내 됨)","일정"
"녹색봉사활동에 참여하시는 학부모님의 안전을 위하여 가입비 없이 나눔포털 1365 (https://www.1365.go.kr) 에 가입하시면 회원가입 동시에 상해보험 가입되며, 봉사실적을 쌓으실 수 있습니다.","기타"
"늘봄교실, 디딤돌캠프, 상담교실, 영어캠프, 드론캠프, 교육복지 프로그램에 참가하는 학생은 일정을 학인하고 참석합니다.","일정"
"학교에 올 때에는 실내화를 꼭 가지고 옵니다.","준비물"
"독감 예방수칙 손 씻기 등 개인위생수칙 잘 지키기","건강·안전"
"온라인에서 만난 사람에게 개인정보 주지 않기 (이름, 전화번호, 아이디, 본인 사진 등)","건강·안전"
"안전을 위해 공사 기간 중 공사장 주변에 절대 출입하지 않습니다.","건강·안전"
"늘봄학교, 위클래스, 방학 캠프 등에 참가하는 학생은 각자 일정을 확인해 주세요.","일정"
"코로나19 예방수칙 손 씻기 등 개인위생수칙 잘 지키기","건강·안전"
"사람이 많은 곳에서는 안전거리 유지하기","건강·안전"
"단체 카톡방, 오픈 카톡방에서 다른 사람에 대한 이야기 하지 않기","건강·안전"
"설문조사 중 자신의 응답 내용을 다른 학생 선수에게 알려주거나 이야기하지 않도록 주의 합니다.","건강·안전"
"이에 따라 1학기 동안 매주 수요일만 학년군별로 하교 시간 을 달리하는 '순환 하교제'를 운영하고자 하오니, 가정에서도 참고하시어 협조 부탁드립 니다.","일정"
"접종부위에 발적, 통증, 부종이 생기면 찬 물수건을 대 줍니다.","건강·안전"
"접종 후 3일간은 특별한 관심을 가지고 관찰하며, 고열 및 구토, 두드러기, 경련 등이 있을 때에는 곧 의사의 진찰을 받도록 합니다.","건강·안전"
"서울특별시교육청에서 Microsoft Office 365 클라우드 서비스(온라인 버전의 MS오피스 사용 및 공동작업 서비스) 무료 이용을 위한 클라우드 연계 시스템 구축을 완료하여 안내하오니, 본교 학생 중 Microsoft Office 365 서비스 이용을 원하는 가정에서는 아래의 방법에 따라 계정을 생성하시어 서비스를 이용하시길 바랍니다.","기타"
"휴대전화 사용 제한 - 학교에서 긴급한 상황이나 교육목적이 아닌 경우 휴대전화 사용금지","건강·안전"
"등교하면 휴대폰의 전원을 꺼두어야 한다.","건강·안전"
"정상적인 교육 활동을 위해 학교에서 전자 장치(핸드폰, 녹음기, 시계 등)를 통한 불법 녹음, 녹취, 감청 등을 금지하오니 협조해 주시기를 바랍니다.","건강·안전"
"나의 정보관리 에서 보호자승인관리 정보 열람 동의","제출"
"학부모서비스 신규 회원가입 후 이전회원 자녀등록 클릭","기타"
"자녀의 현재 소속정보 확인 후 등록","기타"
"장소 : 제1창의예술센터 (서울 은평구 응암동)","일정"
"준비물 : 점심도시락, 물, 간편복 등","준비물"
"안전교육 : 사전 담임교사 지도 (가정에서도 실시해 주시기 바랍니다)","건강·안전"
"2021 자유학년제 이해를 위한 학부모 연수 기간: 2021. 11. 15.(월) ~ 12. 31.(금)","일정"
"참여방법: 학교 홈페이지 첫화면 팝업(배너) 클릭","기타"
"병원 방문 시 개인방역수칙(보건용 마스크 착용, 손 소독, 거리두기 등)을 준수합니다.","건강·안전"
"(뒷면 계속) 연세든든내과 예약 방법 NAVER 로그인 ( 학부모님 로그인 후 예약 가능) NAVER에서 ""연세든든내과"" 검색 지도 바로 아래 ""예약"" 클릭 학생검진 ""예약하기"" 클릭 후 날짜와 시간 선택 및 예약하기 - 다음단계 요청사항에 학교이름, 학년반, 학생이름 남기기","기타"
"검진 시간: 평일 14:00~17:00 (연세든든내과 예약필수)","일정"
"검진 시간: 평일 13:30~15:30","일정"
"건강검사 확인서 (보호자 작성, 학교에 제출)","제출"
"검사 후 구강검사 확인서를 담임선생님께 제출해주시기 바랍니다.","제출"
"4학년 검사기간: 2022. 7. 1. (금) ~ 8. 23. (화)","일정"
"연세든든내과: 7.1. ~ 8.23, 예약필수, 평일 14:00~17:00","일정"
"메디힐병원: 8.8 ~ 8.19, 평일 13:30~15:30","일정"
"4학년 학생 중 비만이 예상되는 경우 혈액검사를 위하여 검사 전 8시간 금식합니다.","건강·안전"
"덴티아이 앱다운로드: 안드로이드 (플레이스토어), 아이폰(앱스토어)에서 덴티아이 검색 / QR코드 스캔","기타"
"구강검진신청: 학교지역선택 검진유형 대상자 검사/확인 문진표 작성 문진표 제출","제출"
"회원가입: 아이디/비밀번호/비밀번호 찾기 질의응답입력 서비스동의 구강검진신청완료( 회원가입완료)","제출"
"검진예약: 덴티아이 치과주치의 지정병원 찾기 서비스 를 통해 치과방문 전, 전화 예약","기타"
"전화예약 필수.","기타"
"덴티아이 앱다운로드 : 안드로이드 (플레이스토어), 아이폰(앱스토어)에서 덴티아이 검색 / QR코드 스캔","기타"
"구강검진신청 : 학교지역선택 검진유형 대상자 검사/확인 문진표 작성 문진표 제출","제출"
"회원가입 : 아이디/비밀번호/비밀번호 찾기 질의응답입력 서비스동의","제출"
"검진예약 : 덴티아이 치과주치의 지정병원 찾기 서비스 를 통해 치과방문 전, 전화 예약","기타"
"2. 일시: 2022. 7. 7. (목) 09:00부터","일정"
"4. 비용: 무료 (학교회계 지출)","비용"
"6. 주의사항 - 검사 전일 지나치게 많은 야채나 과일, 비타민 C를 먹지 않도록 합니다.","건강·안전"
"- 검사 전날 지나치게 심한 운동이나 과로를 하지 않도록 합니다.","건강·안전"
"- 검사결과에 영향을 미칠 요인이 있는 경우(생리 등) 검사하는 선생님께 미리 알립니다.","건강·안전"
"마스크 착용과 손 씻기, 환기 등 생활방역 수칙을 철저히 지키는 가운데 증상이 있다면 코로나 진단검사 및 진료를 받을 것을 당부드립니다.","건강·안전"
"1. 우리 가족을 보호하는 추석 '일상방역 수칙' 안내 (출발 전) 발열 기침 인후염 등 코로나19 의심증상이 있으면 진료를 받고 고향 방문을 미루도록 하며, 어르신과 50대, 기저질환자에 대해서는 코로나19 백신 접종을 받아줄 것과 다중이용시설 출입은 되도록 자제해 줄 것을 요청드립니다.","건강·안전"
"(이동 중) 기차 버스 안에서 마스크를 항상 착용하고, 실내 대화나 음식 섭취는 가급적 자제하도록 하며, 불가피하게 음식을 먹을 경우 간단한 식 음료 위주로 짧게 드시기를 당부드립니다.","건강·안전"
"(만남) 가족, 특히 어르신들과 만날 때는 실내에서도 보건용 마스크를 착용하고 주기적으로 실내를 환기하도록 하며, 손을 자주 씻고 음식은 개인별로 덜어먹기를 권고드립니다.","건강·안전"
"(일상복귀) 등교(출근) 전 코로나19 의심증상이 있으면 미리 검사와 진료를 받고, 음성인 경우에도 증상이 있으면 다른 사람과의 접촉을 최소화하며, 개인위생에 철저히 신경 써 주시기를 당부드립니다.","건강·안전"
"(코로나19 확진 시) 자가진단앱에 ""방역기관 통보 내역"" 등록하며, 방역당국 지침에 따라 7일간 자가격리 및 방역수칙을 준수합니다.","건강·안전"
"원스톱 진료기관에서 코로나19 대면진료를 받을 때에는 접촉 최소화와 감염 예방을 위해 전화로 진료 예약을 하고 방문하도록 합니다.","건강·안전"
"(응급 특수) 의식저하 호흡곤란 등 응급 상황과 소아 분만 투석 환자의 응급 진료가 필요한 때에는 관내 119로 신속히 연락하시기를 당부 드립니다.","건강·안전"
"실외 마스크 착용 의무가 해제('22.9.26) 되었으니 실외 마스크 착용 권고사항을 참고하여 자율적으로 마스크 착용을 실천하고, 실내에서는 마스크 의무 착용을 하도록 자녀를 지도해 주시기 바랍니다.","건강·안전"
"실외 마스크 착용 의무 해제 및 권고사항을 참고하여 자율적으로 마스크 착용 실천","건강·안전"
"'호흡기질환 등 마스크 착용 시 호흡이 어렵다는 의학적 소견을 가진 사람'의 경우 진단서(건강상태 목적의 소견서 등 포함)에 '마스크 착용 시 호흡이 어렵다'는 의학적 소견이 명시된 경우 학교장 판단에 따라 마스크 착용 제외 가능","건강·안전"
"인플루엔자 감염증으로부터 학생들의 겨울철 건강 보호를 위해 22-23절기 어린이 인플루엔자 국가예방접종 지원사업을 다음과 같이 안내하오니 참고해주시기 바랍니다.","건강·안전"
"학생 개인정보 수집 및 제공 동의 여부는 5월 30일(월)까지 설문 참여를 통해 제출하여주시기 바랍니다.","제출"
"우울감이 2주 이상 지속되거나 식욕, 수면 변화가 함께 나타난다면 전문가와의 상담이 꼭 필요합니다.","건강·안전"
"따라서 해당 사이트에서 가입된 o365sen.net 계정으로 office 365 서비스 사용은 불가능하며, 백업 가능 기간을 2023년 6월 30일까지 운영할 예정이오니, 자료 백업을 하여 주시기 바랍니다.","제출"
"계속 office 365 서비스 사용을 원하시는 학생은 https://o365.sen.go.kr에서 신규 계정을 생성하여 사용하시기 바랍니다.","제출"
"자료 백업 기한 : 2023. 6. 30.(금) 까지","제출"
"자료 백업 방법: office 365(www.office.com)에 로그인하여 자료 백업","제출"
"신규 계정 생성: 가입센터 https://o365.sen.go.kr 접속 상단 Office 365 가입","제출"
"학교별 가입인증코드는 학교별로 안내된 가정통신문을 확인하시거나, 학교 또는 글루온아이앤에스로 문의하여 주시기 바랍니다.","기타"
"기간: 2025. 6. 24.(화) 9시 ~ 6. 30.(월) 18시까지","일정"
"방법: 설문 URL 또는 QR 코드 중 하나를 선택하여 참여(모바일 가능)","제출"
"문의: 경기도광주하남교육지원청 장학사 이서은( 031-280-7219)","기타"
"교육 신청 마감일: 2025년 5월 15일(목)","일정"
"교육 신청 방법: 스마트폰 카메라로 QR코드 스캔 후 구글 폼 작성","제출"
"교육 참가 신청 시, 개인정보 수집 및 이용 동의서를 반드시 작성하여 제출해 주시기 바랍니다.","제출"
"평소 반복되는 증상(두통, 어지럼증 등)이나 통증 등 건강상의 문제로 보건실을 자주 방문했었던 학생은 병원을 방문하여 정확한 진단 및 치료 받기.","건강·안전"
"시력저하 여부 안과검사 및 안경 교체 등 시력 관리 및 구강건강 관리","건강·안전"
"4학년 치과주치의사업 미참여자는 참여하기","건강·안전"
"건강 체중 유지 및 관리","건강·안전"
"학습이나 인성발달에 지장을 줄 수 있는 문제가 있다면 관심을 가지고 조치","기타"
"매일 규칙적인 생활 규칙적으로 일어나고 아침밥 먹기, 주기적 우리집 환기, 1주일에 3회 이상 즐겁게 운동","건강·안전"
"여름방학 동안 여행을 한다면 방역 수칙 준수하여 안전하고 즐겁게","건강·안전"
"햇빛이 강한 오전 10시에서 오후 3시 사이에는 직사광선 노출을 피합니다.","건강·안전"
"식사는 균형 있게 하고, 물은 많이 섭취합니다.","건강·안전"
"일사병 증상이 있는 경우 시원한 곳으로 옮겨 다리를 높게 해 뇌로 가는 혈액순환이 원활하게 하고, 열사병이 있는 경우 체온이 내려갈 수 있게 찬찜질을 해주면서 가급적 빨리 119에 전화하여 응급진료를 받게 합니다.","건강·안전"
"폭염대비 3대 건강수칙: 물 자주마시기, 시원하게 지내기, 더운 시간대 휴식하기","건강·안전"
"벌쏘임 후 즉각 활동은 삼가, 1시간 정도 안정을 취하며 당일 이상증상 유무에 대한 모니터링","건강·안전"
"응급처치: 가려움증, 통증 등 증상은 대부분 얼음찜질을 하면 가라 앉으며, 벌침이 눈으로 보일 때는 제거 필요","건강·안전"
"발진이나 어지럼증, 호흡곤란 등의 이상증세가 나타날시에는 즉시 119 신고 및 응급진료","건강·안전"
"응급처치: 쏘인 부위를 바닷물로 10분 정도 헹굼","건강·안전"
"알코올, 식초 등 사용하지 않기(독 분비를 촉진 위험)","건강·안전"
"피부에 박힌 촉수는 제거 필요","건강·안전"
"죽은 해파리에도 독이 남아 있을 수 있으므로 만지지 않으며 쏘인 부위에 이상 증상이 지속되면 즉시 병원","건강·안전"
"모르고 한 행동이라도 잘못했으면 반드시 사과하기","기타"
"친구들이 한다고 해서 따라 하지 않기","기타"
"불쾌한 느낌이 들면 즉시 그만두라고 말하기","기타"
"피해 상황을 목격하면 즉시 알리기","기타"
"증거물을 잘 보관하고, 부모님이나 선생님께 알리기","기타"
"설문기간: 2025.6.10.(화)까지","일정"
"2023. 9. 19.서울신월초등학교장 내 용 지도 방안 휴대전화 사용 제한 학교에서 긴급한 상황이나 교육목적이 아닌 경우 휴대전화 사용금지- 본교 생활 규정에 따름 : 제22조(휴대전화 등 전자기기 사용) 등교하면 휴대폰의 전원을 꺼두어야 한다.","건강·안전"
"5. 교육활동 중인 교원의 영상 화상 음성 등을 촬영 녹화 녹음 합성하여 무단으로 배포하는행위2024. 3. 21.서울신월초등학교장","건강·안전"
"동물보호법 제9조(적정한 사육 관리) 동물에게 적합한 사료와 물을 공급하고, 운동 휴식 및 수면을 보장","기타"
"동물이 질병 또는 부상당한 경우, 신속하게 치료 및 필요한 조치","기타"
"동물을 관리하거나 다른 장소로 옮길 경우, 새로운 환경에 적응하는 데에 필요한 조치","기타"
"아침 등굣길 안전을 위해 안전요원의 길 안내를 준수하여 통행해 주시기 바랍니다.","건강·안전"
"등하교 안심 알리미 서비스 신청 안내 (신청한 등하교 단말기는 집으로 택배 발송됩니다)","기타"
"초등학교 6학년 필수 예방접종 Tdap/Td: 5차 DTaP 접종 이후, 5년 경과된 만 11세 이상 아동","건강·안전"
"초등학교 6학년 필수 예방접종 일본뇌염(사백신) 5차: 4차 접종 이후, 5년 경과된 만 12세 이상 아동","건강·안전"
"초등학교 6학년 필수 예방접종 자궁경부암(HPV): 10~11년생 여자 아동","건강·안전"
"방문 전 준비사항: 가정에서 자녀의 체온을 측정하여 열이 없는 것과 건강상태를 확인합니다.","건강·안전"
"미성년자의 경우 예진표 작성 및 안전한 예방접종을 위해 보호자와 동반하며, 접종자주민등록번호 확인 후 방문합니다.","건강·안전"
"예방접종 수첩을 지참하고, 백신 수급상황 등 변경될 수 있으므로 접종기관 유선 확인 후 방문합니다.","건강·안전"
"학교 알림장 수신을 위해 반드시 APP 설치 바람 아래 링크를 클릭하면 앱을 바로 설치하고 신청할 수 있습니다.","기타"
"서비스는 희망자 선택이며, 신청 시 단말기는 댁으로 택배 발송됩니다.","기타"
"단말기 수령 시 동봉된 사용설명서와 같이 단말기 번호를 직접 등록 후 가방에 착용해 주시기 바랍니다.","기타"
"신청기간 : 2024년 3월 4일 ~ 상시가능","일정"
"주보호자 외 부보호자 앱 설치 시 서비스 추가 제공 (ex: 아빠 추가)","기타"
"1년 상품 이용료: 33,000원 (12개월 / 일시납)","비용"
"1년 상품 배송료: 3,000원","비용"
"1년 상품 단말기 구매비: 11,000원 (무상지원)","비용"
"1년 상품 총 결제금액: 36,000원 (부가세 포함)","비용"
"월 상품 월 이용료: 3,300원 / 매월 25일 소액결제","비용"
"월 상품 배송료: 3,000원","비용"
"월 상품 단말기 구매비: 11,000원 (1회성 납부)","비용"
"월 상품 첫 결제금액: 14,000원~ (부가세 포함)","비용"
"3월 15일까지 신청 시: 새학기 특별 할인적용 (APP 신청 시 참고)","일정"
"사회적 배려대상자는 증빙서류 제출 시 무료","제출"
"증빙서류 발급신청서 다운로드 주소: www.webhard.co.kr","제출"
"사회적 배려대상자 신청서 작성 및 증빙서류 이메일 제출 (이메일: hck1@nate.com)","제출"
"택배 수령 후 단말기는 직접 등록후 학생 가방에 착용합니다.","기타"
"말라리아 위험지역에 거주하거나 방문한 적이 있는 사람은 최근에 모기에 물린 후 발열, 오한 등 증상이 나타나거나 감기 몸살 시 말라리아도 반드시 의심하여 신속한 검사 및 치료를 받아야 합니다.","건강·안전"
"말라리아는 신속진단검사로 15분 만에 감염 여부 확인이 가능하므로 의심증상이 나타나면 즉시 가까운 의료기관 및 보건소를 방문하여 진료받으세요.","건강·안전"
"자녀가 SNS 계정 등 개인정보를 타인에게 제공한 경우에는 아이디 변경, 정지, 탈퇴 등의 조치를 취하도록 하고 경찰서 등 수사기관에 도움을 요청합니다.","건강·안전"
"사이버폭력 대처 방법 1: 사이버폭력 가해자에게 싫다는 의사표현을 분명하게 한다.","건강·안전"
"사이버폭력 대처 방법 2: 상대방의 사이버폭력에 바로 보복하려 시도하지 말고 그 공간을 벗어난다.","건강·안전"
"사이버폭력 대처 방법 3: 사소한 사이버폭력의 경우에는 무시하고 반복되면 차단한다.","건강·안전"
"평소에 바른 언어 습관을 기르도록 하고 자녀의 온라인 활동에 관심을 가지고 살펴봅니다.","기타"
"컴퓨터와 스마트기기 사용법을 익히고, 자녀들의 무분별한 사용을 제한합니다.","기타"
"사이버상의 상대방을 현실세계처럼 존중하도록 알려줍니다.","기타"
"음란물과 폭력물 등 유해정보를 차단하는 소프트웨어를 설치합니다.","기타"
"자녀와 사이버폭력에 대해 주기적으로 이야기 나누고 사이버폭력 발생 시 대처방법과 피해 도움기관에 대해 알려줍니다.","기타"
"자녀가 사이버 상에서 부모의 주민등록번호 등 개인정보를 사용하지 않도록 관리합니다.","기타"
"자녀가 사이버폭력을 입었을 때 혼자 해결하지 않고 어른과 먼저 상의할 것을 강조합니다.","기타"
"사이버폭력으로 고통 받는 친구가 있다면 자녀가 방관하지 않고 적극적으로 도와주거나 신고하도록 가르칩니다.","기타"
"학생의 보호자는 학생(자녀)의 외출 및 귀가시간에 관심을 가져야 한다.","기타"
"학생의 보호자는 학생(자녀)의 교외생활 중 교우관계에 관심을 가져야 한다.","기타"
"학생의 보호자는 평소와 다른 학생(자녀)의 이상행동에 관심을 가져야 한다.","기타"
"교내에서 휴대전화기의 소지는 원칙적으로 금지하며 꼭 소지해야할 경우에는 요청서 사유심사(학부모동의서)를 거친다.","제출"
"학부모는 휴대폰소지사유를 정확하게 기재하고 담임교사에게 제출해야 한다.","제출"
"문제행동이 개선되지 않고 반복적으로 행할 때 해당 교사는 자기행동이행 계획서를 작성하게 하고 학부모의 확인 및 답글을 받도록 한다.","제출"
"자기행동이행 계획서를 작성했으나 이행되지 않고 계속적인 문제행동을 일으킬 경우 해당 교사는 교감과 협의 후 학부모 면담요청서를 발송하고 학부모의 출석을 요구할 수 있으며 생활지도의 문제를 공동으로 협의한다.","제출"
"학교장은 보호자의 요구가 있을 시 수업일수의 10% 이내에서 보호자의 동행 교외(개인) 체험학습을 허락할 수 있으며, 연속 10일 이내 범위(토, 일, 공휴일 제외)에서 학교장의 사전 허가를 받은 후 실시하되, 허가 기간을 초과하여 출석하지 않은 기간에 대하여는 미인정결석으로 처리하고 체험학습 후 보고서를 제출해야 한다.","제출"
"체험학습 실시 전 신청서를 제출하여 사전 승인을 받도록 하며, 체험학습 실시 후 7일 이내 보고서를 제출하여 사후 확인한다.","제출"
"학생의 보호자가 부득이한 사유로 인하여 지정된 학교 외의 초등학교에 그 학생을 입학시키고자 할 때에는 학교장의 승낙을 받은 학생에 한해 본교에 형이 재학하는 경우에 한해 본교 취학을 허가하고, 학부모는 학생의 안전한 등교 책임에 관한 각서를 제출한다.","제출"
"재외국민이나 외국인의 자녀로서 국내의 학교에 최초로 입학 또는 전학하는 자는 출입국 관리사무소의 장이 발행한 '출입국에 관한 사실증명서' 또는 '거주신고증', '학구내 거주 사실을 증명할 수 있는 서류'(임대차 계약서, 거주사실에 대한 인우보증서)를 학교장에게 제출하면 입학 또는 전학에 관한 절차가 이행된 것으로 본다.","제출"
"(대상자 신청) 조기진급 또는 조기졸업을 원하는 학생ㆍ학부모는 학교에 신청(3~4월)한다.","제출"
"2. 위원회의 평가 결과에 이의가 있는 평가 대상의 학생이나 학부모는 평가 결과를 안 날부터 10일 이내에 해당 학교장을 통하여 재평가를 요청할 수 있다.","기타"
"(이의신청 및 재평가) 위원회의 평가 결과에 대하여 이의가 있는 평가 대상 학생이나 학부모는 평가 결과를 안 날로부터 10일 이내에 해당 학교의 장을 통하여 재평가를 요청할 수 있다.","기타"
"2. 개별 교과목의 조기이수 인정 평가 및 상급학교 조기입학 자격 부여 평가 대상 학생이나 그 학부모는 위원에게 공정한 평가를 기대하기 어려운 사정이 있는 경우에는 위원회에 기피신청을 할 수 있고, 위원회는 의결로 이를 결정한다.","기타"
"2. 심의 절차는 심의 신청(해당 학생 학부모, 학부모가 불가할 경우 담임교사)하고, 위원회 개최 및 심의한 후 명예졸업 인정 시 교육정보시스템에 명예졸업 대상자로 등록하면 당해 학년도 졸업일을 기준으로 명예졸업 처리된다.","제출"
"분리보관 물품 중 타인과 자신의 안전에 해가 되거나 학생에게 금지된 물건 등은 보호자가 직접 물품을 회수하는 것이 원칙입니다.","기타"
"다만, 보호자가 원할 경우, 해당 물건을 반환하지 않고 폐기할 수 있습니다.","기타"
"아래의 '보호자 확인서'를 제출하여 주시기 바랍니다.","제출"
"제출방법(예시): '보호자 확인서'를 담임교사에게 사진으로 전송, 메일, 출력물 지참 등 편리한 방법으로 제출","제출"
"가정학습 시 특이사항 발생시 즉시 담임교사에게 연락(SMS, 문자메세지 등)하여 주시기 바랍니다.","기타"
"가정학습 보호자 확인서 아래와 같이 가정학습을 실시하였음을 확인합니다.","제출"
"""교원의 학생 생활지도에 관한 고시"" 제15조, 학생생활규정 제14조에 따라, 수업 중 학생의 휴대전화 사용을 허용받고자 함","제출"
"전문가 상담이 필요한 경우 및 자료 공유에 적극 협조해야 함","기타"
"신청 기간 2023. 7. 10.(월) 10:00 ~ 7. 13.(목) 16:00","일정"
"신청 방법 학생/학부모가 직접 아래 QR코드 또는 URL에 접속하여 신청서(구글 설문) 제출","제출"
"코로나19가 잦아 들었지만 건강을 위해 학생들이 손 자주 씻기 등 개인 위생 관리를 계속해서 실천할 수 있도록 지도 부탁드립니다.","건강·안전"
"신청기간: 3월 10일부터(3월 상담주간 외에도 수시로 신청 가능)","일정"
"상담내용은 비밀이 철저히 보장되며 사전동의서를 학교종이 앱(설문 참여)으로 6월 9일(금)까지 제출해 주시면 학생들이 상담실 이용 시 동의서 문제로 상담이 지체되지 않을 수 있습니다.","제출"
"학생들이 즐거운 학교생활을 할 수 있도록 위클래스(학교상담실) 이용을 위한 보호자 사전동의서를 제출해 주시기 바랍니다.","제출"
"인플루엔자로 진단받은 경우는 해열 후 24시간이 경과하여 감염력이 소실될 때까지 등교, 등원, 출근 등을 하지 않고 가급적 집에서 휴식을 취하도록 권장 합니다.","건강·안전"
"해열제를 투약한 경우에는 마지막 투약 시점부터 2일(48시간) 까지 경과 관찰이 필요 합니다.","건강·안전"
"집에서 휴식을 취하는 동안 가정 내의 65세 이상 고령자 등 고위험군과의 접촉은 되도록 피해야 하며, 병원 방문 등의 꼭 필요한 경우 외에는 외출을 삼가야 합니다.","건강·안전"
"선출 시기: 학부모 및 교원위원은 2024. 3. 21일까지, 지역위원는 2024. 3. 30일까지","일정"
"이에 이미 안내해 드린 선거일(2026. 3. 19.)에 투표(전자 투표)를 실시하지 않을 예정이오니, 학부모님께서는 착오 없으시길 바랍니다.","일정"
"일시: 2023. 9. 23.(토) 11:30~16:00","일정"
"장소: 방화근린공원(예정)","일정"
"참가비: 전액 무료(사전 신청 필수)","비용"
"신청기간: 2023. 9. 7.(목)~9. 12.(화)까지, 선착순 마감","일정"
"신청링크 https://forms.gle/mqhjbvtWjhkvd1RZ6","제출"
"당일 대중교통 이용 필수","준비물"
"당일 11시50분까지 입장 완료, 그 이후는 입장이 제한될 수 있음.","일정"
"혹시 우리 아이가 이런 경우에 해당되는지 살펴보시고 의심스러울 땐 언제든지 담임교사와 상담해 주시기 바랍니다.","기타"
"일본뇌염(사백신) 5차 예방접종 - 일본뇌염(사백신) 4차 접종 이후, 5년 경과된 만 12세 이상(10~11년생) 아동","건강·안전"
"자궁경부암(HPV, 사람유두종바이러스) 예방접종 - 10~11년생 여자 아동","건강·안전"
"2023년 중 1차 접종, 6개월 이후 2차 접종으로 완료","건강·안전"
"코로나19 확진자는 바이러스 전파 차단 및 방지를 위해 격리 권고 기간 동안 자택에 머무르며 가급적 외출을 자제합니다.","건강·안전"
"불가피하게 외출해야 하는 경우에는 KF94(또는 이와 등급) 마스크를 착용하고, 되도록 도보나 개인차량 등을 이용하여 이동합니다.","건강·안전"
"타인과의 대면접촉을 최소화하고, 사적 모임 및 고위험시설 방문을 자제합니다.","건강·안전"
"빠른 회복과 전파 방지를 위하여 의료기관이 안내하는 사항을 잘 준수합니다.","건강·안전"
"마스크 착용 및 손소독 등 개인방역수칙을 철저히 준수합니다.","건강·안전"
"코로나19 확진자는 독방을 사용하고, 방에서 나올 때는 KF94(또는 이와 동급) 마스크를 착용합니다.","건강·안전"
"격리 권고 기간 동안 식사는 혼자 합니다.","건강·안전"
"방문고리, 전등 스위치 등을 매일 한 번 이상 소독 티슈로 닦습니다.","건강·안전"
"밥그릇 등 식기, 수건, 침대, 컴퓨터는 가족과 따로 씁니다.","건강·안전"
"가족 모두 알코올 소독제나 물과 비누로 손을 자주 소독합니다.","건강·안전"
"외출하는 동안에는 KF94(또는 이와 동급) 마스크를 씁니다.","건강·안전"
"사람이 많이 모인 장소, 특히 밀폐되고 환기가 잘되지 않는 곳의 방문은 자제합니다.","건강·안전"
"다른 사람과 최소 1m 이상 건강 거리 두기를 합니다.","건강·안전"
"만나는 사람과 마스크를 벗고 대화하거나 식사하는 등의 밀접한 접촉을 자제합니다.","건강·안전"
"건강하고 균형 잡힌 식사 및 충분한 수면을 취하세요.","건강·안전"
"심호흡, 스트레칭 등 가벼운 운동을 꾸준히 하세요.","건강·안전"
"불안이나 우울 등 심리적 어려움이 있는 경우에는 전문가의 도움(정신건강복지센터 1577-0199)을 받을 수 있습니다.","건강·안전"
"백신 접종 여부와 관계없이 만성병이 있거나 나이가 많으신 확진자가 발열, 기침, 온몸에 근육통이 생겼을 때에는 진료를 받으세요.","건강·안전"
"건강상태가 점점 나빠지는 것을 느끼다면 의료기관(호흡기환자진료센터 이용 권장)에서 진료를 받으세요.","건강·안전"
"격리 권고 기간 동안 일반쓰레기, 재활용품, 음식물쓰레기로 분리하여 소독한 후 보관하며, 격리 권고 기간 종료 후 배출합니다.","건강·안전"
"등교 전 의심증상이 있어 의료기관을 방문하여 진료 검사를 실시한 경우도 그 결과(검사결과서, 소견서, 진료확인서 등 증빙자료)를 학교에 제출하면 출석인정","제출"
"확진자는 권고격리기간 동안 증상이 발현 또는 악화되는지 스스로 건강상태 모니터링","건강·안전"
"증상발현 시 의료기관 방문 등을 통해 진료를 받고, 필요 시에는 치료제를 처방받아 관리","건강·안전"
"바이러스 전파 차단 및 방지를 위해 격리 권고기간 동안 자택에 머무르며 가급적 외출을 자제","건강·안전"
"다른 사람과 접촉을 최소화(특히, 감염취약시설 방문 및 이용 자제)","건강·안전"
"마스크 상시 착용","건강·안전"
"비말 생성이 많은 행동(운동, 노래, 함성 등) 자제","건강·안전"
"30초 이상 비누로 손 씻기, 기침예절 등 개인 방역 수칙 준수","건강·안전"
"집에서는 다른 가족을 위해 가급적 필수공간(화장실, 독방 등) 분리 사용 및 혼자 식사하기","건강·안전"
"다빈도 접촉부위(문고리, 전등 스위치 등)는 주기적으로 소독","건강·안전"
"가정에서 등교하지 않고 신속하게 검사 또는 진료","건강·안전"
"자가검사(양성이면 의료기관 방문 검사 실시), 의료기관 등 방문","건강·안전"
"확진자 5일 격리권고기간 등교중지 권고(출석인정)","건강·안전"
"감염병 발생 차단을 위한 개인위생 수칙 준수(손 씻기, 기침예절 등)","건강·안전"
"전파방지를 위한 (의심)환자 관리(관찰, 격리, 의료기관 진료요청, 등교중지 등) 적극 협조","건강·안전"
"확진자가 불가피하게 외출할 시 KF94(또는 이와 동급)마스크 상시 착용 권고","건강·안전"
"확진자이거나 확진자와 접촉(접촉일로부터 2주간 착용)했던 경우","건강·안전"
"의심증상 있거나 의심증상이 있는 사람과 접촉한 경우","건강·안전"
"환기가 어렵고, 1M거리 유지가 어려운 다수 밀집 공간(밀폐, 밀집, 밀접)에 있는 경우","건강·안전"
"합창수업, 응원, 함성, 대화 등 비말 생성행위가 많은 경우","건강·안전"
"의료기관에서 검사 음성 시: 검사 당일에 한하여 출석인정.","건강·안전"
"의료기관의 전문가용 신속항원검사 음성 확인서(소견서) 등 제출","제출"
"확진 시: 방역당국 확진 문자메시지, 의료기관의 전문가용 신속항원검사 양성 확인서(소견서) 등 증빙자료 제출","제출"
"독감 격리(등교중지)기간은 원칙적으로 의사의 소견에 따르며(의사소견서 등 제출)","제출"
"외출을 해야 하는 경우에는 다음 사항을 실천합니다.","건강·안전"
"ㅇ 외출하는 동안에는 KF94(또는 이와 동급) 마스크를 씁니다.ㅇ 사람이 많이 모인 장소, 특히 밀폐되고 환기가 잘되지 않는 곳의 방문은 자제합니다.ㅇ 다른 사람과 최소 1m 이상 건강 거리 두기를 합니다.","건강·안전"
"ㅇ 만나는 사람과 마스크를 벗고 대화하거나 식사하는 등의 밀접한 접촉을 자제합니다.","건강·안전"
"ㅇ 건강하고 규칙적인 생활을 합니다.- 건강하고 균형 잡힌 식사 및 충분한 수면을 취하세요.- 심호흡, 스트레칭 등 가벼운 운동을 꾸준히 하세요.ㅇ 가족이나 친구와 자주 연락합니다.ㅇ 불안이나 우울 등 심리적 어려움이 있는 경우에는 전문가의 도움(정신건강복지센터 1577-0199)을 받을 수 있습니다.","건강·안전"
"아플 때는 의료기관에 방문하여 진료받으세요.","건강·안전"
"ㅇ 백신 접종 여부와 관계없이 만성병이 있거나 나이가 많으신 확진자가 발열, 기침, 온몸에 근육통이 생겼을 때에는 진료를 받으세요.ㅇ 건강상태가 점점 나빠지는 것을 느끼다면 의료기관(호흡기환자진료센터 이용 권장)에서 진료를 받으세요.","건강·안전"
"ㅇ 격리 권고 기간 동안 일반쓰레기, 재활용품, 음식물쓰레기로 분리하여 소독한 후 보관하며, 격리 권고 기간 종료 후 배출합니다. 확진자의 폐기물 처리 방법은 ""코로나바이러스감염증-19 관련 폐기물 안전관리 특별대책"" 최신판을 참고하세요.","건강·안전"
"코로나19 유증상 발생 시 등교하지 않고 신속하게 검사 또는 진료를 받으세요.","건강·안전"
"자가검사에서 양성이면 의료기관 방문 검사를 실시하세요.","건강·안전"
"등교 후 유증상이 나타나면 보건용 마스크를 착용하고 보호자에게 연락하세요.","건강·안전"
"불가피하게 외출할 때는 KF94 마스크를 상시 착용하세요.","건강·안전"
"확진자와 접촉했다면 2주간 마스크를 착용하세요.","건강·안전"
"의심증상이 있거나 의심증상자와 접촉한 경우 마스크를 착용하세요.","건강·안전"
"밀폐되고 환기가 어려운 다수 밀집 공간에서는 마스크 착용을 권고합니다.","건강·안전"
"합창수업, 응원, 함성 등 비말 생성행위가 많은 경우 마스크를 착용하세요.","건강·안전"
"고위험군이거나 위험군과 접촉하는 경우 마스크를 착용하세요.","건강·안전"
"손 씻기와 기침예절 등 개인위생 수칙을 준수하세요.","건강·안전"
"확진자를 관찰, 격리하고 의료기관 진료를 요청하세요.","건강·안전"
"격리 권고 기간 동안 자택에 머물며 가급적 외출을 자제하세요.","건강·안전"
"다른 사람과의 접촉을 최소화하고 사적 모임을 자제하세요.","건강·안전"
"감염취약시설 방문 및 이용을 자제하세요.","건강·안전"
"비말 생성이 많은 행동(운동, 노래, 함성 등)을 자제하세요.","건강·안전"
"30초 이상 비누로 손을 씻으세요.","건강·안전"
"확진자는 독방을 사용하고 방에서 나올 때 KF94 마스크를 착용하세요.","건강·안전"
"격리 기간 동안 식사는 혼자 하세요.","건강·안전"
"방문고리, 전등 스위치 등을 매일 한 번 이상 소독하세요.","건강·안전"
"밥그릇 등 식기, 수건, 침대, 컴퓨터는 가족과 따로 사용하세요.","건강·안전"
"가족 모두 알코올 소독제나 물과 비누로 손을 자주 소독하세요.","건강·안전"
"다른 사람과 최소 1m 이상 거리를 유지하세요.","건강·안전"
"마스크를 벗고 대화하거나 식사하는 등의 밀접한 접촉을 자제하세요.","건강·안전"
"건강하고 규칙적인 생활을 하세요.","건강·안전"
"심리적 어려움이 있으면 정신건강복지센터(1577-0199)에 전화하세요.","건강·안전"
"발열, 기침, 근육통이 생기면 진료를 받으세요.","건강·안전"
"건강상태가 나빠지면 의료기관(호흡기환자진료센터)에서 진료를 받으세요.","건강·안전"
"격리 기간 동안 쓰레기를 분리하여 소독한 후 보관하세요.","건강·안전"
"격리 기간 종료 후 쓰레기를 배출하세요.","건강·안전"
"확진자는 스스로 건강상태를 모니터링하세요.","건강·안전"
"증상이 발현되면 신속하게 의료기관을 방문하세요.","건강·안전"
"필요 시 치료제를 처방받아 관리하세요.","건강·안전"
"2023년 5월 31일까지 확진자는 7일 등교중지 의무입니다.","건강·안전"
"토요가족생태환경교실 신청 기간은 4월 11일부터 13일까지입니다.","일정"
"토요가족생태환경교실 신청 기간은 5월 23일부터 25일까지입니다.","일정"
"토요가족생태환경교실 신청 기간은 8월 29일부터 31일까지입니다.","일정"
"토요가족생태환경교실 신청 기간은 10월 4일부터 6일까지입니다.","일정"
"토요가족생태환경교실 신청 기간은 10월 24일부터 26일까지입니다.","일정"
"공모전 신청서와 개인정보제공동의서를 제출해야 합니다.","제출"
"공모 접수는 7월 10일부터 9월 12일까지입니다.","일정"
"운영기간: 2023. 4. 22.(토)~11. 11.(토) 중 토요일(총 10일, 20회)라.","일정"
"신청 방법: 서울특별시교육청과학전시관 홈페이지(http://ssp.sen.go.kr)에서 온라인 신청( 예약 및 신청 - 본관 토요가족생태환경교실 예약신청하기) 매달 4회차 중 1회차만 신청 가능(당해년도 미선정자 우선 기회 부여)나.","제출"
"2025년 월 일응모자(대표자) : 최행복 한국여성정책연구원장 귀하 학교 디지털 성폭력 예방 콘텐츠 공모전 개인정보 제공 동의서 ㅇ 하단의 안내사항을 확인 후 동의하는 경우, 칸에 반드시 체크( )해주시기 바랍니다.","제출"
"위 개인정보 제공에 동의함","제출"
"응모자는 출품작이 제3자의 저작권, 초상권 등을 침해하지 않도록 주의 의무를 다하였음에 동의함","제출"
"수상작은 비영리 목적으로 온오프라인에서 가공 활용될 수 있음에 동의함","제출"
"수상작은 주최 및 주관 측에 저작권이 양도되며, 수상작의 저작재산권에 대한 이용료는 입상에 따른 시상금으로 대체하는 것에 동의함","제출"
"수상작은 순수창작물로서 수상 후 활용 시 공개적으로 활용하는 데 법적인 문제가 없어야 함","제출"
"생성형 AI로 제작한 작품 제출 금지","건강·안전"
"본 공모전의 공모전 요강, 포스터, 제한 및 유의사항을 모두 확인하였음","제출"
"2025년 학교 디지털 성폭력 예방 콘텐츠 공모전 참가를 신청합니다.","제출"
"공모신청서: 한글 파일로 제출","제출"
"개인정보 동의서: 직접 서명 후 PDF 파일로 제출","제출"
"포스터 수상작: 추후 원본 파일 제출 필수(형식: ai, psd)","제출"
"카드뉴스 수상작: 추후 원본 파일 제출 필수(형식: ai, psd)","제출"
"웹툰 수상작: 추후 원본 파일 제출 필수(형식: ai, psd)","제출"
"공모 기간: 2025년 7월 10일(목)~2025년 9월 12일(금)","일정"
"제출 자료: 공모전 신청서(붙임 1), 개인정보 제공 동의서(붙임 2), 작품 파일","제출"
"입후보 접수 기간: 2023년 3월 8일부터 3월 14일까지","일정"
"투표: 2023년 3월 22일 10:00~15:00","일정"
"후보자 등록(2023년 3월 8일~3월 14일): 후보자 등록서류를 선출관리위원회(행정실)에 제출","제출"
"투표 및 개표(2023년 3월 22일): 투표용지를 수령한 후 직접투표, 학부모 참관인이 임석한 가운데 개표","일정"
"평가 방법: 학교교육활동평가와 통합하여 12월 중에 평가 주체별로 학교종이앱 온라인 설문 조사 실시","일정"
"학부모On누리 학교폭력 예방 교육 수강","기타"
"자녀관계 개선을 위한 어울림 프로그램 학습","기타"
"실적연계사이트 미이용 시 봉사활동 계획서 제출 절차","제출"
"봉사활동 계획서 담임교사 지도 및 상담","기타"
"봉사활동 실행 후 확인서 제출 및 평가","제출"
"실적연계사이트 이용 시 온라인 신청 절차","기타"
"온라인 신청 복지로 사이트 이용","제출"
"교육급여 신청서 및 소득재산신고서 제출","제출"
"금융정보제공 동의서 제출","제출"
"통장사본, 신분증 등 증빙자료 제출","제출"
"3월 2일부터 3월 18일까지 집중신청기간","일정"
"신청 기간 6월 29일부터 9월 30일","일정"
"사용 기한 12월 31일까지","일정"
"1. 일시 : 2025. 6. 25.(수) 10:00 ~ 12:00","일정"
"2. 장소 : 본교 1층 행복실","일정"
"5. 대상 : 광주초등학교 학부모 학생 안전과 수업을 위해 주차장을 개방하지 않습니다.","기타"
"대중교통이나 인근 주차장을 이용해 주시기 바랍니다.","기타"
"학부모서비스의 회원가입 및 활용 방법을 안내드 리니 가정에서 활용하시기 바랍니다.","기타"
"1. 회원가입 및 로그인 학부모서비스(https://parents.neis.go.kr)에 접속하여 디지털원패스, 학부모서비스 회원가입(본인인증)을 합니다.","기타"
"행안부 디지털원패스, 간편인증에 이미 가입된 경우 인증 후 학부모서비스에 가입하면 됩니다.","기타"
"2. 모바일 앱 다운받기 (안드로이드) Play스토어, 원스토어, (아이폰) 앱스토어에서 '학부모서비스'를 검색합니다.","기타"
"3. 학부모서비스의 자녀등록 간소화 학부모서비스의 자녀등록 시 자녀가 직접 학부모 정보를 확인하고 등록합니다.","기타"
"- (학부모) 학부모서비스 로그인 자녀 학적 정보 입력 후 학부모 확인 요청 - (자녀) 나이스플러스 로그인 '내정보 관리'의 '보호자 승인관리'에서 학부모 확인","기타"
"이런 경우, 학생의 마음이 크게 다치기 전에 전문가를 찾아주세요.","기타"
"담배와 약물 사용이 자신의 건강은 물론 친구, 가족에게 피해를 주고 자신의 장래도 망치게 된다는 사실을 자녀에게 설명하고 절대 담배와 약물을 사용해선 안 된다고 말해주세요.","기타"
"무엇이 안전하고, 위험한지 스스로 배울 수 있도록 명확한 규칙을 정해서 지키도록 해주세요.","기타"
"자녀는 주변의 권유에 못 이겨, 마지못해 마약류나 유해한 약물을 사용하기도 합니다. 누군가 담배나 유해약물을 권할 때 단호하게 거절하도록 연습시켜 주세요.","기타"
"집안에 처방 약물(흡연자가 있을 시 담배) 등을 철저하게 보관, 관리, 감독해주세요.","건강·안전"
"희망 학생만 4월 22일(금)까지 담임선생님께 제출","제출"
"본인은 상기 내용을 숙지하였으며 개인정보 수집 및 이용에 동의합니다.","제출"
"6. 희망하시는 분은 뒷면의 참가신청서 및 동의서를 담임선생님께 제출바랍니다.","제출"
"2. 체험 장소 : 경기도 광주시 나도체험학습장","일정"
"3. 일정 4. 1인당 참가비 : 36,540원","비용"
"5. 준비물 : 가볍고 편한 복장, 운동화, 도시락, 물 등분실의 위험이 있는 고액의 물건(휴대폰, 기타 소지품)은 가져오지 않으며, 분실 시 본인 책임.","준비물"
"6. 참가비 납부 안내 : 9월 19일(월) ~ 9월 22일(목) 스쿨뱅킹 통장 이체(잔액 꼭 확인) 2022년 9월 16일 검 단 초 등 학 교 장 2022년 1학년 주제별체험학습 참가비 납부 안내 홈페이지 https://gomdan-e.goesn.kr 담당자 : 창 753-4762(101) 시 간 활 동 내 용 비 고등교~08:40 교실 집결 도시락 개별 지참, 돗자리 준비 08:40~09:00 인원 점검 및 안전 주의사항 전달, 차량 탑승 09:00~09:40 나도체험학습장 이동 및 도착 09:40~11:40 풍경채 만들기 및 재벌 목걸이 만들기 11:40~12:30 점심식사 12:30~13:30 보물찾기 및 레크레이션 13:30~13:50 인원 점검 및 차량 탑승 13:50~14:30 학교 이동 및 도착 구분 차량비 예상 금액 프로그램 체험비 여행자보험 예상금액 계경비 (410,0원 3대) 79명 15,560원 20,500원 480원 36,540원","비용"
"2022년 4학년 주제별체험학습을 아래와 같이 실시하고자 하오니 9월 2일(금)까지 참가 희망서를 담임선생님께 제출하여 주시길 바랍니다.","제출"
"1. 일 시 : 2022년 9월 29일 목요일 09:00 ~ 14:30","일정"
"2. 장 소 : 한국잡월드 어린이체험관","일정"
"4. 일정 5. 1인당 예상 소요경비 : 32,140원(아래 내역 참고) 차량비는 참가 희망하는 학생수가 집계된 후에 확정되며, 참여 인원수가 적어지면 차량비는 증가됩니다.","비용"
"6. 경비 납부기간 및 방법 : 스쿨뱅킹 통장 입금 2022년 8월 30일 검단초등학교장 ----------------------------절------취-------선---------------------------- 2022학년도 4학년 주제별 체험학습 참가 희망서 -참여 희망하지 않는 경우에도 '희망하지 않습니다'에 표시, 사인하셔서 학교로 보내주세요.- 개인정보의 제공 및 활용 동의서 2022년 4학년 주제별체험학습 참가신청 안내 홈페이지 https://gomdan-e.goesn.kr 담당자 : 구 오 753-4762(402) 시 간 활 동 내 용 비 고식사 시간 변경 가능하며, 도시락 개별 지참.","비용"
"학부모 확인 4학년 ( )반 (인) 검단초등학교장 귀중본인은 검단초등학교 주제별 체험학습의 신청과 현장체험학습 여행자 보험 가입을 위해 자녀의 개인정보(학년, 반, 번호, 이름 등)를 제공하고 활용하는 것에 (동의 , 동의하지 않음 ) 합니다.신청자: 학부모 (서명) 동의하지 않을 시 본 체험학습에 참여할 수 없습니다.","제출"
"가. 봉사활동 실적 연계사이트(1365자원봉사포털, VMS, DOVOL)를 이용하지 않는 경우 사전 봉사활동 계획서를 제출하여 학교장이 승인(허가)한 경우에만 봉사활동 실적으로 인정","제출"
"나. 봉사활동 실적 연계사이트(1365자원봉사포털, VMS, DOVOL)를 이용하는 경우 학생은 봉사활동 계획서 및 확인서를 학교에 제출할 필요 없으나, 사전에 반드시 담임교사와 상담을 실시하여 인정 가능 기관과 활동내용을 확인","제출"
"가. 봉사활동 실적 연계사이트(1365자원봉사포털, VMS, DOVOL)에 등록되어 있는 봉사기관의 활동이라도 ""2022 학생 봉사활동 운영 계획""에 벗어날 경우 실적으로 인정하지 않으므로 사전에 반드시 담임 선생님과 상담 후 실시해야 합니다.","기타"
"자녀가 아이디와 비밀번호 관리를 잘 할 수 있도록 지도해 주십시오(14세 미만의 법정 대리인에게는 안내 가능)","기타"
"고령화 사회에 대비한 노인대상 봉사활동, 가정과 연계한 가족 단위 봉사활동에 참여하여 나눔과 배려의 정신을 함양할 수 있도록 지도해 주시기 바랍니다.","기타"
"코로나-19 상황을 고려하여 봉사활동 계획 시 학생의 건강과 안전을 최우선으로 하여 주시기 바랍니다.","건강·안전"
"'22학년도에 교육급여를 지급 받은 가정(기존 수급권자)에서는 한국장학재단의 누리집(e-voucher.kosaf.go.kr)에서 교육급여 포인트를 지급 받을 신용 체크카드를 등록(바우처 신청)하시기 바랍니다.","제출"
"'23학년도에 행정복지센터 또는 복지로 누리집(www.bokjiro.go.kr)에서 신규로 교육급여를 신청하는 가정에서는 교육급여 수급이 결정된 후, 한국장학재단 누리집(e-voucher.kosaf.go.kr)에서 교육급여 포인트를 지급 받을 신용 체크카드를 등록(바우처 신청)해 주시기 바랍니다.","제출"
"아래 기간 동안 스쿨뱅킹을 통하여 참가비가 납부될 수 있도록 학부모님의 협조 부탁드 립니다.","비용"
"6. 참가비 납부 안내 : 9월 4일(월) ~ 9월 8일(금) 스쿨뱅킹 통장 이체(잔액 꼭 확인) 2023년 8월 25일 검 단 초 등 학 교 장 표 2023년 4학년 주제별체험학습 참가비 납부 안내 홈페이지 https://gomdan-e.goesn.kr 담당자 : 구 오 753-4762(402) 시 간 활 동 내 용 비 고등교~08:40 교실 집결 당일 현지 사정에 따라 변경 가능 도시락 준비 08:40~08:50 인원 점검 및 안전 주의사항 전달, 차량 탑승 및 출발 08:50~09:30 한국잡월드 이동 및 도착(체험 준비) 09:30~13:30 어린이 직업체험(뚜껑 있는 물, 음료만 취식 가능) 13:30~14:00 점심 식사 14:00~14:30 학교 이동 및 도착 예정 학생 차량비 체험료 여행자 보험 1인당 참가비 학생 1인 경비 산출 21,420원 18,0원 480원 39,900원","비용"
"학부모님께서는 7월 4(목)일까지 첨부해 드린 수요조사 신청서(뒷면)에 희망 여부를 표시하여 담임선생님께 제출하여 주시기 바랍니다.","제출"
"(이미 하고 있어도 다시 제출해 주셔야 합니다.","제출"
") 초1 맞춤형 프로그램 내용 목적: 초등학교 1학년 학생들의 성장 발달 지원 대상: 2024학년도 초 1학년 (돌봄교실 입급학생 제외) 운영 기간: 2024. 08. 26.(월) ~ 2025. 01. 08.(금) 운영 내용: 신체놀이활동, 조작활동, 창의활동 등(시간표는 차후 안내) 운영 장소: 본관 4층 늘봄교실 수강료: 무료 강사: 방과후학교 강사 등 신청 방법: 참여 신청서를 7월 4일까지 담임선생님께 제출 운영 시간 월요일, 수요일 : 12:30 ~ 14:30 화요일, 목요일, 금요일 : 13:30 ~ 15:10 2024년 7월 1일검 단 초 등 학 교 장 초1 맞춤형 프로그램 수요조사 신청서: 굵은색 네모칸 안에 해당 내용을 적어주세요.학년/반/번호성명연락처(보호자)비고학생학부모2024년 여름방학 초1 맞춤형 프로그램 참여 희망여부 조사2024학년도 여릅방학 초1 맞춤형 프로그램 참여 희망 여부에 표 해주시기 바랍니다. 참여 희망 ( ) 희망하지 않음 ( ) 개인정보 수집 이용 동의(개인정보보호법 제22조 제6항)항 목수집목적보유기간학생(학년, 반, 번호, 성명) 보호자(성명, 연락처)'초1 맞춤형 프로그램' 참여 및 운영2024. 7. 4.(목)~사업종료시 개인정보 수집 이용에 대한 동의를 거부할 권리가 있습니다.","제출"
"그러나 동의를 거부할 경우 '초1 맞춤형 프로그램' 참여에 제한을 받을 수 있습니다.개인정보 수집 이용 동의 예 아니요 귀가 방법에 체크헤 주세요.부모님 인솔( ) 학원 차량( ) 혼자 걸어서 귀가 ( ) 만 14세 미만 학생의 경우 보호자(법정대리인)의 동의가 필요합니다.2024년 _______월 _______일보 호 자 : (서명)학생과의 관계 : 검단 초등학교장 귀하 학년/반/번호 성명 연락처(보호자) 비고 학생 학부모 2024년 여름방학 초1 맞춤형 프로그램 참여 희망여부 조사2024학년도 여릅방학 초1 맞춤형 프로그램 참여 희망 여부에 표 해주시기 바랍니다. 참여 희망 ( ) 희망하지 않음 ( ) 항 목 수집목적 보유기간 학생(학년, 반, 번호, 성명) 보호자(성명, 연락처) '초1 맞춤형 프로그램' 참여 및 운영 2024. 7. 4.(목)~사업종료시 개인정보 수집 이용 동의 예 아니요 부모님 인솔( ) 학원 차량( ) 혼자 걸어서 귀가 ( ) 2024년 _______월 _______일보 호 자 : (서명)학생과의 관계 : 학년/반/번호 성명 연락처(보호자) 비고 학생 학부모 2024년 여름방학 초1 맞춤형 프로그램 참여 희망여부 조사2024학년도 여릅방학 초1 맞춤형 프로그램 참여 희망 여부에 표 해주시기 바랍니다. 참여 희망 ( ) 희망하지 않음 ( ) 항 목 수집목적 보유기간 학생(학년, 반, 번호, 성명) 보호자(성명, 연락처) '초1 맞춤형 프로그램' 참여 및 운영 2024. 7. 4.(목)~사업종료시 개인정보 수집 이용 동의 예 아니요 부모님 인솔( ) 학원 차량( ) 혼자 걸어서 귀가 ( ) 2024년 _______월 _______일보 호 자 : (서명)학생과의 관계 : 학년/반/번호 성명 연락처(보호자) 비고 학생 학부모 2024년 여름방학 초1 맞춤형 프로그램 참여 희망여부 조사2024학년도 여릅방학 초1 맞춤형 프로그램 참여 희망 여부에 표 해주시기 바랍니다. 참여 희망 ( ) 희망하지 않음 ( ) 항 목 수집목적 보유기간 학생(학년, 반, 번호, 성명) 보호자(성명, 연락처) '초1 맞춤형 프로그램' 참여 및 운영 2024. 7. 4.(목)~사업종료시 개인정보 수집 이용 동의 예 아니요 부모님 인솔( ) 학원 차량( ) 혼자 걸어서 귀가 ( ) 2024년 _______월 _______일보 호 자 : (서명)학생과의 관계 :","제출"
"기간: 2024. 3월 3주 이내(필수), 수요가 있는 경우 1년간 운영","일정"
"수강료 납부: 12월 19일(목) ~12월 24일(화) 스쿨뱅킹 통장에서 인출","비용"
"수강료 납부 기간을 꼭 확인, 수강취소 불가, 환불은 안되고 보강수업으로 대체합니다.","기타"
"A반: 12:50~1:30, 1-2학년, 수강료 40,560원, 교재비 200,000원, 교실 본관 4층 방과후1실","일정"
"B반: 1:40~2:20, 2-4학년, 수강료 40,560원, 교실 본관 4층 방과후1실","일정"
"C반: 2:30~3:10, 4-5학년, 수강료 40,560원, 교실 본관 4층 방과후1실","일정"
"D반: 3:20~4:00, 5-6학년, 수강료 40,560원, 교실 본관 4층 방과후1실","일정"
"기간: 2025. 6. 10.(수) ~ 6. 18.(수) (9일간)","일정"
"방법: 설문참여 URL이나 QR코드 중 한 가지 방법을 선택하여 참여","제출"
"수업 및 귀가 일정에 참고하여 주시고 안전한 귀가를 위해 안전 귀가 동의서나 자율 귀가 요청서를 작성하여 보내주시기 바랍니다.","제출"
"1. 초 1 맞춤형 프로그램 참여 희망시 다음 사항에 응답해 주세요.귀가2시 30분까지 참여 가능하므로 다음 시간 중에서 귀가 시간을 체크해 주시기 바랍니다12:40~13:3013:40~14:30위 내용에 대한 개인정보 수집 동의 여부 동의 동의하지 않음 개인정보 수집 이용에 대한 동의를 거부할 권리가 있습니다.","제출"
"귀가 시간 선택: 12:40~13:30 또는 13:40~14:30","제출"
"개인정보 수집 동의 여부: 동의 또는 동의하지 않음","제출"
"운영 기간: 2024. 7. 29.(월) ~ 8. 16.(금) 3주 실시","일정"
"귀가 방법: 부모님 동행, 걸어서 귀가, 학원 차량, 학원 인솔자 연락처","기타"
"학원에서 인솔하여 가실 경우 인솔 담당 선생님 연락처 기입","제출"
"외부 출입인 방문증 발급: 학교 출입 시 반드시 행정실에서 방문증 발급","기타"
"하교 시 보호자가 학생 인솔하에 귀가가 원칙","기타"
"자기 주변 및 물건 수시로 닦기(소독액 및 소독티슈 이용)","건강·안전"
"늘봄교실 내 학생 간 최대한 거리 확보 및 접촉 최소화","건강·안전"
"늘봄교실 내에서 무분별하게 돌아다니지 않기","건강·안전"
"연필, 지우개, 색연필 등 개인용 물품 사용 권장","준비물"
"열이 37.5도 넘는 학생은 바로 귀가, 마스크 반드시 지참","건강·안전"
"기간: 2024. 7월 29일 ~ 8월 16일 3주","일정"
"학교 밖으로 허락 없이 나가지 않기","건강·안전"
"위험시설 환경(주차장, 공사장 등) 접근 금지, 화재 예방 교육","건강·안전"
"놀이시설의 올바른 사용법을 익히기 및 놀이 안전 수칙 지키기","건강·안전"
"야외활동 시 사전 안전교육 및 현장에서의 지도 강화","건강·안전"
"위험한 물건(커터칼, 비비탄총, 성냥, 라이터 등) 소지하지 않기","건강·안전"
"횡단보도에서 대기할 때 오른쪽에서 기다리기","건강·안전"
"초록불로 바뀌면 좌우를 살피고 운전자와 눈을 맞추고 왼손을 들고 건너기","건강·안전"
"초록불이 중간에 깜빡거리면 서둘러 건너고, 시작하지 않았으면 다음 신호기 다리기","건강·안전"
"무단횡단하지 않고 좌우를 살펴 자동차가 멈추었음을 확인하고 길 건너기","건강·안전"
"신호등 없는 길 건널 때 주의하며 손들고 건너기","건강·안전"
"차에서 내릴 때 차의 앞 뒤를 살피기","건강·안전"
"하교 시 아동들은 학부모와 함께 귀가함을 원칙으로 함","기타"
"아동들의 하교 지도와 방법에 대한 학부모의 사전 동의서 확보","제출"
"귀가 시 낯선 사람 따라가지 않기","건강·안전"
"수강 신청 기간: 2024년 12월 13일(금) 20:00 ~ 12월 15일(일) 21:00까지","일정"
"수강 신청 방법: 부모님께서 부서 강사님께 휴대폰 문자로 직접 신청(카톡 등 SNS 신청 X)","제출"
"수강료 납부 기간을 꼭 확인","비용"
"표 2025년 경기교육정책 자체평가 현장 설문조사 학생(5, 6학년), 학부모 참여 안내 홈페이지 https://gomdan-e.goesn.kr 교육과정부 031-753-4762 안녕하십니까?","제출"
"이에 학생, 학 부모님의 설문 참여를 부탁드리오니 함께 해 주시면 감사하겠습니다.","제출"
"봉사활동 실적 연계사이트(1365자원봉사포털, VMS, DOVOL)를 이용하는 경우 학생은 봉사활동 계획서 및 확인서를 학교에 제출할 필요 없으나, 사전에 반드시 담임교사와 상담을 실시하여 인정 가능 기관과 활동내용을 확인 실적 연계 사이트(1365자원봉사포털, VMS, DOVOL) 이용 관련 유의사항 실적 연계 사이트에 있는 기관이나 활동이라도 ""2025 학생 봉사활동 운영 계획""에 의하여 인정하는 범위를 벗어나는 경우(기관, 영역, 내용 등)는 실적으로 인정하지 않음","제출"
"자원봉사활동의 기본 방향(무보수성, 자발성, 공익성, 비영리성, 비정파성, 비종파성)에 근거하여 자녀들이 봉사활동을 실시할 수 있도록 도와주십시오.","기타"
"단순히 봉사활동 시간을 채우는 것이 아니라, 학생 스스로 자신의 진로나 흥미, 특기와 연계한 봉사활동 계획을 수립하여 봉사활동을 실시할 수 있도록 도와주십시오.","기타"
"봉사활동 실적 연계사이트(1365자원봉사포털, VMS, DOVOL)에 등록되어 있는 봉사기관의 활동이라도 ""2025학년도 학생 봉사활동 운영 계획""에 벗어날 경우 실적으로 인정하지 않으므로 사전에 반드시 담임선생님과 상담 후 실시해야 합니다.","기타"
"자녀가 아이디와 비밀번호 관리를 잘 할 수 있도록 지도해 주십시오.(14세 미만의 법정 대리인에게는 안내 가능) 사.","기타"
")2. 개설부서 : 총 10개 부서 (변경 가능)3. 수강신청 기간 : 5월 26일(월) 20:00 ~ 5월 29일(목) 21:00까지 (신청기간 이후 추가 신청 불가)e 알리미 회원 가입 필수, 수강신청 기간에 알리미 꼭 확인하고 강사 핸드폰으로 신청4. 수강 신청 방법 : 부모님께서 부서 강사님께 휴대폰 문자로 직접 신청(카톡 등 SNS 신청 X) 문자 예시) 검단초 학년 반 ( )부 ( )반 신청합니다.(A, B, C반 중)1) 누락 내용이 없도록 위 신청 양식에 따라 신청해 주십시오.","제출"
"신청 양식 내용 중 학생 인적 사항(출석번호까지) 및 A, B 반을 제대로 기입하지 않으면 접수 확정이 되지 않습니다.2) 강사님 휴대폰에 도착한 문자 순서대로 선착순 접수, 월요일 20시 이전에 도착한 문자는 무효처리3) 문자 도착 시간을 접수 명단에 기록, 공정하고 정확하게 처리하며 최종적으로 담당 교사가 확인(신청 기간 이후 수강 확정 및 대기 5명 순서를 문자로 보내드립니다.)4) 신청자가 최소 인원 미달일 경우 강좌가 폐강될 수 있음5) 결과 발표 : 5월 30일(금) 10:00 이후로 문자 통보 (이후 추가 신청 불가능)6) 수강료 납부 : 6월 23일(월) ~ 6월 27일(금) 스쿨뱅킹 통장에서 인출7) 자유수강권: 1) 지원금액: 1인당 연간 60만원 이하로 예산 범위 내에서 지원2) 인당 연간 사용 한도금액 초과 후에 수강하는 선택형 교육 프로그램은 보호자(학부모)가 수강료 부담하여야 함8) 환불 안내 : 무단결석은 환불되지 않으며, 수강료를 한 달 이상 미납할 경우 수강이 취소되고 환불 규정은 아래와 같습니다.구 분반환 사유 발생일반환금액(월 단위)선택형 교육 프로그램을 운영할 수 없게 된 경우선택형 교육 프로그램을 운영할 수 없게 된 날이미 납부한 수강료를 일할 계산한 금액 이미 구입한 도서 및 재료 구입비는 제외학습자가 본인의 의사로 수강을 포기한 경우수강개시 이전이미 납부한 수강료 전액총 수강시간의 1/3경과 전이미 납부한 수강료의 2/3 해당액 이미 구입한 도서 및 재료구입비는 제외총 수강시간의 1/2경과 전(총 수강시간의 50%까지)이미 납부한 수강료의 1/2 해당액 이미 구입한 도서 및 재료구입비는 제외총 수강시간의 1/2경과 후(총 수강 시간의 50% 초과)환불하지 아니함학습자가 수강이 불가능한 경우 (전출, 입원, 질병, 부상 등)학습자가 수강이 불가능해진 날이미 납부한 수강료를 2주 단위로 계산 한 금액(이미 구입한 도서 및 재료 구입비는 제외) 늘봄학교 담당자 070-5090-7758 (13:00 ~ 16:30)2025. 5. 22.검 단 초 등 학 교 장 문자 예시) 검단초 학년 반 ( )부 ( )반 신청합니다.(A, B, C반 중) 구 분 반환 사유 발생일 반환금액(월 단위) 선택형 교육 프로그램을 운영할 수 없게 된 경우 선택형 교육 프로그램을 운영할 수 없게 된 날 이미 납부한 수강료를 일할 계산한 금액 이미 구입한 도서 및 재료 구입비는 제외 학습자가 본인의 의사로 수강을 포기한 경우 수강개시 이전 이미 납부한 수강료 전액 총 수강시간의 1/3경과 전 이미 납부한 수강료의 2/3 해당액 이미 구입한 도서 및 재료구입비는 제외 총 수강시간의 1/2경과 전(총 수강시간의 50%까지) 이미 납부한 수강료의 1/2 해당액 이미 구입한 도서 및 재료구입비는 제외 총 수강시간의 1/2경과 후(총 수강 시간의 50% 초과) 환불하지 아니함 학습자가 수강이 불가능한 경우 (전출, 입원, 질병, 부상 등) 학습자가 수강이 불가능해진 날 이미 납부한 수강료를 2주 단위로 계산 한 금액(이미 구입한 도서 및 재료 구입비는 제외) 문자 예시) 검단초 학년 반 ( )부 ( )반 신청합니다.(A, B, C반 중) 구 분 반환 사유 발생일 반환금액(월 단위) 선택형 교육 프로그램을 운영할 수 없게 된 경우 선택형 교육 프로그램을 운영할 수 없게 된 날 이미 납부한 수강료를 일할 계산한 금액 이미 구입한 도서 및 재료 구입비는 제외 학습자가 본인의 의사로 수강을 포기한 경우 수강개시 이전 이미 납부한 수강료 전액 총 수강시간의 1/3경과 전 이미 납부한 수강료의 2/3 해당액 이미 구입한 도서 및 재료구입비는 제외 총 수강시간의 1/2경과 전(총 수강시간의 50%까지) 이미 납부한 수강료의 1/2 해당액 이미 구입한 도서 및 재료구입비는 제외 총 수강시간의 1/2경과 후(총 수강 시간의 50% 초과) 환불하지 아니함 학습자가 수강이 불가능한 경우 (전출, 입원, 질병, 부상 등) 학습자가 수강이 불가능해진 날 이미 납부한 수강료를 2주 단위로 계산 한 금액(이미 구입한 도서 및 재료 구입비는 제외) 문자 예시) 검단초 학년 반 ( )부 ( )반 신청합니다.(A, B, C반 중) 구 분 반환 사유 발생일 반환금액(월 단위) 선택형 교육 프로그램을 운영할 수 없게 된 경우 선택형 교육 프로그램을 운영할 수 없게 된 날 이미 납부한 수강료를 일할 계산한 금액 이미 구입한 도서 및 재료 구입비는 제외 학습자가 본인의 의사로 수강을 포기한 경우 수강개시 이전 이미 납부한 수강료 전액 총 수강시간의 1/3경과 전 이미 납부한 수강료의 2/3 해당액 이미 구입한 도서 및 재료구입비는 제외 총 수강시간의 1/2경과 전(총 수강시간의 50%까지) 이미 납부한 수강료의 1/2 해당액 이미 구입한 도서 및 재료구입비는 제외 총 수강시간의 1/2경과 후(총 수강 시간의 50% 초과) 환불하지 아니함 학습자가 수강이 불가능한 경우 (전출, 입원, 질병, 부상 등) 학습자가 수강이 불가능해진 날 이미 납부한 수강료를 2주 단위로 계산 한 금액(이미 구입한 도서 및 재료 구입비는 제외) 순 부서명 요일 시간 학년 정원 강사료(12주) 수용비(12주) 교재, 재료비(12주) 교실 강사 1 음악줄넘기 월 A 1:00~2:20 1-2 20 81,0원 4,800원 X 다목적실 김o지 B 2:30~3:50 1-6 20 2 주산암산 화 A 1:40~3:00 1-4 20 81,0원 4,800원 교재20,0원 별관 3층 방과후교실 1실 차o미 B 3:10~4:30 1-6 20 3 바이올린 화 A 1:40~3:00 1-4 20 81,0원 4,800원 악기 개별 구매(강사 문의) 별관 3층 방과후교실 2실 한o은 B 3:10~4:30 1-6 20 4 생명과학 수 A 1:00~2:20 1-2 20 81,0원 4,800원 재료60,0원 별관 3층방과후교실 2실 엄o영 B 2:30~3:50 1-6 20 5 배드민턴 수 A 1:00~2:20 1-2 20 81,0원 4,800원 재료18,0원 체육관 이o주 B 2:30~3:50 3-6 20 6 코딩 목 A 1:40~3:00 1-2 20 81,0원 4,800원 교재 12,0원 별관2층 컴퓨터실 김o우 B 3:10~4:30 3-6 20 7 로봇과학 목 A 1:40~3:00 1-4 20 81,0원 4,800원 (3~6개월 사용)재료: 저학년75,0원재료: 고학년80,0원 별관 3층방과후교실 2실 이o림 B 3:10~4:30 3-6 20 8 공예(11주) 금 A 1:40~3:00 1-2 20 74,250원 4,400원 재료38,500원 별관 3층방과후교실 2실 김o경 B 3:10~4:30 1-6 20 9 smart English (주3회, 12주 수업)6월 4일(수)2기 시작 월,수 A 12:50~1:30 1-2 20 121,680원 7,200원 교재A반: 44,0원B-D반: 40,0원 별관 3층 방과후교실 1실(6.4. 2기 시작) 주o연 B 1:40~2:20 2-4 20 C 2:30~3:10 4-5 20 D 3:20~4:00 5-6 20 금 A 1:40~2:20 1-2 20 B 2:25~3:05 2-4 20 C 3:10~3:50 4-5 20 D 3:55~4:35 5-6 20 10 컴퓨터8.12. 휴강(11주) 컴활용 화 A 1:40~3:00 1-3 20 74,250원(8.12. 휴강) 4,400원 교재15,0원 별관2층 컴퓨터실 안o진 자격증 B 3:10~4:30 4-6 20 74,250원(8.12. 휴강) 4,400원 교재 15,0~17,0원 운영일 및 시각은 학교 교육과정 운영 상황에 따라 변동될 수 있음.","비용"
"장애인 등에 대한 특수교육법 제19조2항 및 동법 시행령 제14조1항에 의거하여 의무교육의 취학유예를 신청합니다.","제출"
"신청자는 개인정보의 수집 이용에 대한 동의를 거부할 수 있으며 단, 동의를 거부할 경우 개인정보가 필요한 특수교육대상자 선정 배치 업무처리 및 관련서비스의 제공, 관리에 제한이 있을 수 있습니다. 위와 같이 개인정보를 수집 이용하는데 동의하십니까?","제출"
"신청자는 개인정보의 제3자 제공에 대한 동의를 거부할 수 있으며 단, 동의를 거부할 경우 개인정보가 필요한 특수교육대상자 선정 배치 업무처리 및 관련서비스의 제공, 관리에 제한이 있을 수 있습니다. 위와 같이 개인정보를 제3자 제공하는데 동의하십니까?","제출"
"심사 보충자료 - 성명, 소속기관, 장애유형, 등록장애명/장애정도, 주소 기재","제출"
"보호자(담임교사) 의견서를 제출합니다.","제출"
"심사청구의 이유를 구체적으로 기재하고 입증자료를 첨부합니다.","제출"
"주소 확인 방법: 행정정보공동이용 업무포털 혹은 주민등록등본을 확인하여 담당교사가 서명함","기타"
"의심되는 장애유형: 특수교육법에 해당하는 장애 1개만 작성","제출"
"등록장애 및 정도: 복지카드 등록 상 장애명 및 정도 기재","제출"
"배치유형: 일반/특수/순회/신규 택1","제출"
"휠체어사용여부 선택","제출"
"거주지에서 희망교까지 거리 기재(Km)","제출"
"배치유형: 일반학급/특수학급/특수학교/순회학급 택1","제출"
"진단 평가 의뢰 사유: 학부모 자필로 기재하며 배치 희망 사유를 구체적으로 작성","제출"
"1희망교와 최근거리 학교가 다를 경우 구체적인 사유 작성","제출"
"특수교육대상자 선정 배치 중도 취소자는 특수교육운영위원회 심사 전까지 특수교육대상자 선정 배치 의뢰 취소 신청서를 제출해야 함을 안내받았습니다.확인하였다.","제출"
"(휠체어 및 보조기 사용 특수교육대상자) 1~3희망교의 편의시설 여부를 확인해야 함을 안내받았습니다.확인하였다.","기타"
"보유기간: 특수교육대상자 선정 배치 업무 종료 시까지 동의를 하여야 특수교육대상자 선정 배치 서류접수가 가능합니다.2024년 월 일 안내 내용 확인 여부 선정 배치 과정 중 결격 사유 발생 시 심사를 중단할 수 있으며, 이와 관련한 책임은 신청자에게 있음을 안내받았습니다.","제출"
"특수교육대상자 선정 배치 중도 취소자는 특수교육운영위원회 심사 전까지 특수교육대상자 선정 배치 의뢰 취소 신청서를 제출해야 함을 안내받았습니다.","제출"
"특수교육대상자가 특별한 사유 없이 선정 배치된 교육기관에 입학하지 않을 경우, 특수교육대상자 선정 배치 취소 신청서를 제출해야 함을 안내받았습니다.","제출"
"(휠체어 및 보조기 사용 특수교육대상자) 1~3희망교의 편의시설 여부를 확인해야 함을 안내받았습니다.","기타"
"예 기타 증빙서류 첨부장애인 등에 대한 특수교육법 제19조2항 및 동법 시행령 제14조1항에 의거하여 의무교육의 취학유예를 신청합니다.","제출"
"개인정보 수집 이용에 동의","제출"
"민감정보 수집 이용에 동의","제출"
"개인정보 제3자 제공에 동의","제출"
"민감정보 제3자 제공에 동의","제출"
"특수교육대상자로 선정 배치 후 취학유예를 할 경우는 특수교육운영위원회에 취학유예 승인을 받아야 하며, 미승인 시 특수교육대상자 선정 배치 취소 신청을 하고, 초 중등교육법 시행령 제28조 제1항에 따라 취학 의무를 면제 또는 유예하여야 함을 안내받았습니다.","기타"
"동의를 하여야 특수교육대상자 선정 배치 서류접수가 가능합니다.","제출"
"봉사활동 실적 연계사이트(1365자원봉사포털, VMS, DOVOL)를 이용하는 경우 학생은 봉사활동 계획서 및 확인서를 학교에 제출할 필요 없으나, 사전에 반드시 담임교사와 상담을 실시하여 인정 가능 기관과 활동내용을 확인","제출"
"봉사활동 실적 연계사이트(1365자원봉사포털, VMS, DOVOL)에 등록되어 있는 봉사기관의 활동이라도 ""2026학년도 학생 봉사활동 운영 계획""에 벗어날 경우 실적으로 인정하지 않으므로 사전에 반드시 담임선생님과 상담 후 실시해야 합니다.","기타"
"개인적으로 대한체육회 또는 해당 종목협회에 등록하여 학생 선수로 활동하는 자녀를 두신 학부모님들께서는 다음 내용을 참고하시어 담임선생님 회신하여 본교 학생 선수 파악에 협조해주시기 바랍니다.","제출"
"학생 선수에 해당되나 미제출하여 본교 학생 선수 명단에 포함되지 않았을 경우 대회 참가 및 학사 일정에 불이익을 받을 수 있으니 반드시 제출할 수 있도록 협조 부탁드립니다.","제출"
"추후 대한체육회에 등록 예정인 경우에도 회신 부탁드립니다.","제출"
"연간활동계획서는 학업성적관리위원회 심의자료로 출석인정결석 인정 여부의 판단 근거로 활용되오니 인솔 및 안전대책이 포함되도록 구체적으로 작성하여 제출해 주시기 바랍니다.","제출"
"상기 정보는 ""개인정보보호법 제15조(개인정보의 수집ㆍ이용)""에 의거하여 이를 수집하거나 이용하기 위하여 본인의 동의를 얻어야 하는 정보이므로 학교운동부의 원활한 운영을 위하여 이에 동의합니다.","제출"
"1. 선수등록확인서 ( ) 2. 개인정보 활용 동의서 ( )","제출"
"3. 전( )학기 e-school 이수증 ( )","제출"
"활동내용 위와 같이 보고서를 제출합니다.","제출"
"1. 일시: 2026년 3월 3일(화) 10:00~","일정"
"2. 장소: 별하체육관 및 1학년 교실(본관 2층)","일정"
"3. 준비물: 책가방, 실내화 (실내화 주머니 불필요)","준비물"
"여유 있게 도착하여 학생 이름표를 수령하세요.","기타"
"- 학부모님은 별하체육관 입구에서 학교에서 준비한 덧신을 착용하세요.","기타"
"포토존 이용은 입학식 이전에만 가능하므로 미리 오 셔서 포토존을 이용하시기 바랍니다.","기타"
"덴티아이 앱 다운과 온라인교육 이수 후 검진예약이 가능하며 전화예약 필수","기타"
"조기검진 후 조기치료 권장","건강·안전"
"덴티아이 앱 다운로드 : 안드로이드 폰(플레이스토어),아이폰(앱스토어)에서""덴티아이""검색","기타"
"사업신청 및 개인정보제공동의, 온라인 구강보건교육(5분소요) 이수, 문진표 작성","제출"
"치과예약 : 치과주치의 사업 참여치과 중 원하는 치과를 선택하여 전화 예약","기타"
"이에 우리 학교에서도 3~4월 중 진단조사를 실시할 예정임을 미리 안내드리며, 조사 결과 주의, 위험 사용자군에 해당할 경우 여성가족부에서 지원하는 ""상담 치료 지원"" 사항 안내 및 ""상담 치료 서비스 제공 동의서""를 보내드릴 예정입니다.","제출"
"코로나19 예방접종 전에 접종대상자의 예방접종 내역을 코로나19 예방접종관리시스템 으로 사전 확인하는 것에 동의합니다.","제출"
"코로나19 예방접종의 다음 접종 및 완료 여부에 관한 정보, 코로나19 예방접종 후 이상반응 발생 여부와 관련된 문자 등을 수신 하는 것에 동의합니다.","제출"
"코로나19 예방접종 안내 및 예방접종 후에 발생 가능한 이상반응에 대한 정보를 충분히 제공받았으며, 의사의 예진결과에 따른 예방접종을 받겠습니다.","제출"
"학교 옆 재건축공사 삼남 삼두아파트 은영빌라 정밀진동제어발파에 따른 주민 설명회 개최 알림 홈페이지 www.gomdan.es.kr 담당자 계룡건설 070-4470-8508 우리 학교 후문 쪽에 진행 중인 재건축 삼남 삼두아파트 은영빌라 공사장에서 정밀진동제어발파 시공과 관련하여 발파전문가를 초빙하여 설명회를 개최하오니 관심있는 학부모님들은 참여하여 주시기 바랍니다.1. 건명: 학교옆 재건축공사 삼남 삼두아파트 은영빌라 정밀진동제어발파에 따른 주민설명회 개최2. 개최일시: 2023. 4. 20.(목) 14:00시3. 장소: 중원도서관 3층 시청각실4. 참석대상 : 하대원 주민5. 개최자 : 계룡건설2023. 4. 14검단초등학교장","일정"
"성남시 학생승마체험 지원사업 참여학생을 추가 모집합니다.","기타"
"더 많은 학생들이 혜택을 누릴 수 있도록 아래와 같이 안내드리오니, 지원을 희망하는 학생과 가정에서는 가입하고 있는 통신3사 홈페이지 또는 고객센터( 114)로 신청해 주시기 바랍니다.","제출"
"2021년 4월 22일 검 단 초 등 학 교 장 교육콘텐츠 데이터요금 지원 안내 홈페이지 www.gomdan.es.kr 담당자 : 구 오 753-4762(502) 저소득층 초 중 고교생(기초생활수급자 및 차상위계층)을 대상으로 EBS 등 다양한 교육콘텐츠를 이용할 수 있는 모바일 데이터요금을 지원합니다.","제출"
"지원 기간 : 이번에 한번만 신청하면, 연말까지 무료로 계속 지원됩니다. 어떻게 신청하나요?- 가입하고 있는 통신3사 고객센터( 114)를 통해 별도의 서류 제출 없이 간편하게 부가서비스 가입을 신청하실 수 있습니다. 저소득층 이동통신 요금감면을 받고 있지 않은 학생은 요금감면도 함께 제공합니다.","제출"
"1. 선별진료소 방문하여 검사받을 것을 안내받음","건강·안전"
"선별진료소 방문일 및 결과 기록-진료소명: -방문일:-결과기록:","건강·안전"
"2. 타 의료기관에서 진료받을 것을 안내받음","건강·안전"
"타 의료기관 방문일 및 결과 기록-기관명: -방문일:-결과기록:","건강·안전"
"귀가 즉시 선별진료소 방문 진료, 검진 실시","건강·안전"
"마스크 착용, 의료기관 방문 시 자차 이용","건강·안전"
"코로나19 검사를 받게 되면 즉시 담임교사에게 연락","건강·안전"
"검사결과 음성이더라도 최소 3일 증상관찰 하고 증상이 호전되면 등교","건강·안전"
"해열제 복용없이 24시간동안 정상 체온 유지, 호흡기 기타 증상 없으면 등교 가능","건강·안전"
"38도 이상 고열이 지속되거나 증상 심해지면 1339 또는 관할 보건소 문의 후 선별진료소 재방문","건강·안전"
"바깥 외출 금지","건강·안전"
"가능한 독립된 공간에서 혼자 생활하기","건강·안전"
"방문은 닫은 채 창문을 자주 열어 환기시키기","건강·안전"
"식사는 혼자서 하기","건강·안전"
"아동건강상태 매일 점검","건강·안전"
"등교 중지 아동의 독립된 공간 확보","건강·안전"
"공용 공간 자주 환기","건강·안전"
"개인물품 사용, 공동 시설 물품은 자주 소독","건강·안전"
"학생들이 사이버상에서도 안전할 수 있으며, 위험 상황 시 도움을 요청할 수 있도록 가정에서도 관심과 올바른 지도를 부탁드립니다.","기타"
"수영을 하기 전에는 손, 발 등의 경련을 방지하기 위해 반드시 준비운동을 하고 구명조끼를 착용한다.","건강·안전"
"물에 처음 들어가기 전 심장에서 먼 부분부터(다리, 팔, 얼굴, 가슴 등의 순서) 물을 적신 후 들어간다.","건강·안전"
"수영도중 몸에 소름이 돋고 피부가 당겨질 때에는 몸을 따뜻하게 감싸고 휴식을 취한다.","건강·안전"
"다리에 쥐가 나거나 근육에 경련이 일어나 상당히 위험한 경우가 많으므로 특히 주의한다.","건강·안전"
"구조 경험이 없는 사람은 안전구조 이전에 무모한 구조를 삼가해야 한다.","건강·안전"
"물에 빠진 사람을 발견하면 주위에 소리쳐 알리고 즉시 119에 신고한다.","건강·안전"
"구조에 자신이 없으면 함부로 물속에 뛰어 들지 않는다.","건강·안전"
"수영에 자신이 있더라도 가급적 주위의 물건들(튜브, 스티로폼, 장대 등)을 이용한 안전구조를 한다.","건강·안전"
"건강 상태가 좋지 않을 때나, 몹시 배가 고프거나 식사 후에는 수영을 하지 않는다.","건강·안전"
"자신의 수영능력을 과신하여 무리한 행동을 하지 않는다.","건강·안전"
"장시간 계속 수영하지 않으며, 호수나 강에서는 혼자 수영하지 않는다.","건강·안전"
"준비운동을 한 다음 다리부터 서서히 들어가 몸을 순환시키고 수온에 적응시켜 수영하기 시작한다.","건강·안전"
"초보자는 수심이 얕다고 안심해서는 안 된다.","건강·안전"
"물놀이 미끄럼틀에서 내려온 후 무릎 정도의 얕은 물인데도 허우적대며 물을 먹는 사람들을 많이 볼 수 있으므로 절대 안전에 유의한다.","건강·안전"
"배 혹은 떠 있는 큰 물체 밑을 헤엄쳐 나간다는 것은 위험하므로 하지 않는다.","건강·안전"
"통나무 같은 의지물이나 부유구, 튜브 등을 믿고 자신의 능력 이상 깊은 곳으로 나가지 않는다.","건강·안전"
"수영 중에 ""살려 달라""고 장난하거나 허우적거리는 흉내를 내지 않는다.","건강·안전"
"자신의 체력과 능력에 맞게 물놀이를 한다.","건강·안전"
"껌을 씹거나 음식물을 입에 문채로 수영하지 않는다.","건강·안전"
"거북이, 오리 등 각종 동물 모양의 튜브나 보행기 등 다리를 끼우는 방식의 튜브사용은 뒤집힐 경우 아이 스스로 빠져 나오지 못하고 머리가 물속에 잠길 수 있다.","건강·안전"
"보호자의 활동 범위내에서만 안전이 보장될 수 있으며, 어린이는 순간적으로 익사할 수 있다는 점을 명심해야 한다.","건강·안전"
"인지능력 및 신체 적응력이 떨어지는 유아 및 어린이들은 보호자의 손을 뻗어 즉각 구조가 가능한 위치에서 감독해야 한다.","건강·안전"
"활동 반경이 넓어지는 만 6~9세 이하 어린이들은 보호자의 통제권을 벗어나려는 경향을 보이므로 사전 안전교육 및 주의를 주어 통제한다.","건강·안전"
"경련이 일어나면 먼저 몸의 힘을 빼서 편한 자세가 되도록 하고 경련 부위를 주무른다.","건강·안전"
"특히 위경련은 위급한 상황이므로 신속히 구급요청을 한다.","건강·안전"
"하천이나 계곡 물을 건널 때는 물결이 완만한 장소를 선정하여, 가급적 바닥을 끌듯이 이동하고, 시선은 건너편 강변 둑을 바라보고 건너야한다.","건강·안전"
"다른 물체를 이용하여 수심을 재면서 이동한다.(지팡이를 약간 상류 쪽에 짚는다)","건강·안전"
"물의 흐름에 따라 이동하되 물살이 셀 때는 물결을 약간 거슬러 이동한다.","건강·안전"
"건너편 하류 쪽으로 밧줄(로프)을 설치하고 한 사람씩 건넌다.","건강·안전"
"밧줄이 없을 때 여러 사람이 손을 맞잡거나 어깨를 지탱하고 물 흐르는 방향과 나란히 서서 건넌다.","건강·안전"
"물속으로 떨어졌을 때는 즉시 수면으로 올라와 배를 붙잡아야 하고 잠시 휴식한 후 배뒷 쪽으로 돌아와서 몸을 솟구쳐 상체부터 올려놓는다.","건강·안전"
"모든 승선자는 구명동의를 착용해야 한다.","건강·안전"
"계곡에서 야영지를 선택할 때는 물이 흘러간 가장 높은 흔적보다 위쪽에 있도록 하고, 대피할 수 있는 고지대와 대피로가 확보된 곳을 선정한다.","건강·안전"
"대피지는 낙석 위험과 산사태 위험이 없는 곳이어야 한다.","건강·안전"
"물놀이 안전사고 발생시 즉시 119로 신고하시기 바랍니다.","기타"
"갯벌에서 물놀이를 할 때 어민들이 갯벌 출입을 위해 만들어 놓은 진입로가 있는 경우에는 진입로로 출입한다.","건강·안전"
"진입로에서 멀리 떨어진 곳은 출입하지 않는다.","건강·안전"
"갯벌에 갯골이 있는 경우에는 넘어가지 않는다.","건강·안전"
"갯골 주변의 갯벌은 물이 많이 머물고 있어 발이 빠지는 경우가 많으니 접근하지 않는다.","건강·안전"
"갯벌에는 절대로 어린이 혼자 들어가지 않도록 하며, 어른도 혼자 들어가지 않는다.","건강·안전"
"갯벌에 발이 깊이 빠진 경우 반대방향으로 엎드려 기어 나오며, 안내인의 도움을 받는다.","건강·안전"
"위급한 경우 119의 도움을 받는다.","건강·안전"
"갯벌에는 맨발로 들어가지 않는다.","건강·안전"
"발에 잘 맞는 장화를 착용하며 샌들을 착용할 경우 반드시 양말을 착용한다.","준비물"
"갯벌체험 시 되도록 긴소매의 옷을 착용하며, 창이 넓은 모자로 자외선으로부터 보호한다.","준비물"
"자외선차단제를 발라 화상을 예방하고 식수를 준비해 탈수를 예방한다.","준비물"
"갯벌체험 시 갑자기 안개가 끼면 밀물 시간과는 관계없이 즉시 갯벌에서 나온다.","건강·안전"
"방향을 잃었을 때는 갯벌에 조류때문에 생긴 물결모양 결(연흔)의 방향을 살펴보고 경사가 완만한 연흔의 직각 방향으로 나오면 육지 쪽으로 나올 수 있다.","건강·안전"
"수상레포츠 활동시 구명동의 등 안전장비 착용을 생활화한다.","준비물"
"활동 전에 일기예보에 귀를 기울이고, 활동 중에도 현지 기상변화를 수시로 확인한다.","건강·안전"
"기상 불량 시 무리한 레저 활동을 하지 맙시다.","건강·안전"
"천둥 번개가 칠 때에는 즉시 물 밖으로 나와야 합니다.","건강·안전"
"장비점검을 생활화합시다.","건강·안전"
"활동 전에 레저기구에 대한 연료가 충분한지, 물이 새는 곳은 없는지, 엔진에 문제가 없는지 확인합시다.","건강·안전"
"비상연락 수단과 조난신호 장비를 갖추어야 합니다.","준비물"
"바다에서는 언제 어느 때 조난을 당할지 모르기 때문에 휴대폰이나 다른 통신장비를 갖추어야 합니다.","준비물"
"일몰 30분후부터 일출 30분전까지는 레저 활동을 하지 말고, 야간 레저 활동을 해야만 하는 경우는 항해등, 나침반, 통신기기, 야간 조난신호장비, 전등 등의 야간운행 장비를 반드시 갖추어야 합니다.","건강·안전"
"원거리 수상 레저 활동은 반드시 해양경찰 등 관계기관에 신고 후 합시다.","건강·안전"
"수상 레저 활동 금지구역을 반드시 지켜야 합니다.","건강·안전"
"해수욕장의 수영경계선 안쪽은 수영하는 사람들을 보호하는 구역이므로 진입하지 맙시다.","건강·안전"
"무면허 음주 조종은 하지 맙시다.","건강·안전"
"해양경찰 등 관계공무원의 안전관리 업무에 적극 협조합시다.","건강·안전"
"수상레포츠 종목별 지켜야 할 사항 준비운동을 철저히 합시다.","건강·안전"
"안전 수신호를 반드시 숙지합시다.","건강·안전"
"스키어와 드라이버가 잘 알고 있는 장소에서만 탑니다.","건강·안전"
"기본적인 수영 실력이 있는 사람이 타고 구명동의는 반드시 착용합시다.","건강·안전"
"장비는 자신에게 적당한 것을 사용하고 사용 전에는 고장여부를 확인합시다.","건강·안전"
"자격자가 운전하는 보트만 이용합시다.","건강·안전"
"보트의 힘은 견인줄에 집중되므로, 몸에 감기거나 놓치지 않도록 합니다.","건강·안전"
"음주나 약을 복용하고 타지 맙시다.","건강·안전"
"출발 전에 타는 사람과 운전자가 서로 신호를 정해둡시다.","건강·안전"
"넘어질 때에는 핸들을 과감히 놓아버립니다.","건강·안전"
"마치고 돌아올 때에는 물가와 평행으로 서서히 접근합시다.","건강·안전"
"보트가 가까이 다가오면 보트 뒷부분의 스크루-프로펠러를 조심하고, 움직이는 보트를 무리하게 잡지 맙시다.","건강·안전"
"출발 전 코스, 안전수칙, 장비 등을 확인합시다.","건강·안전"
"래프팅 전에는 반드시 충분한 준비 운동을 합시다.","건강·안전"
"구명동의와 헬멧은 꼭 착용하고, 벗거나 느슨하게 하지 맙시다.","건강·안전"
"튜브사이 또는 보트 안의 로프에는 발이나 손을 끼우지 맙시다.","건강·안전"
"급류에서 선두는 먼저 통과하고 난 후 대기상태에서 뒤에 오는 보트를 안전하게 유도합시다.","건강·안전"
"휴식 후 출발 시에는 인원과 장비를 다시 확인합시다.","건강·안전"
"보트와 보트 사이의 간격은 약 20~30미터를 유지합시다.","건강·안전"
"전복 시에는 보트 속에 사람이 있는지 확인합시다.","건강·안전"
"보트에는 일체의 음식물이나 주류를 싣지 맙시다.","건강·안전"
"보트에서는 안전관리요원의 안내에 따라 행동하고 개인행동은 하지 맙시다.","건강·안전"
"보트 속의 밧줄을 느슨하게 두지 맙시다.","건강·안전"
"보트나 카누를 탈 때에는 구명동의를 반드시 착용합시다.","건강·안전"
"갑작스런 날씨 변화가 관측되면 즉시 물가로 피해야 합니다.","건강·안전"
"뭍을 출발하기 전에는 항상 언제 어디로 떠날 것인가를 관리자에게 알려야 합니다.","건강·안전"
"반드시 구명동의를 착용합시다.","건강·안전"
"물의 상태와 날씨 조건을 확인합시다.","건강·안전"
"초보자들은 바람이 육지 쪽이나 육지와 평행으로 불 때 연습하고, 수시로 기상에 신경을 쓰도록 합니다.","건강·안전"
"자신의 능력과 체력을 과대평가하지 맙시다.","건강·안전"
"윈드서핑을 하는 장소를 벗어나지 맙시다.","건강·안전"
"해수욕장이나 낚시터와 같이 사람들이 많이 모인 구역은 피합시다.","건강·안전"
"포구나 양식 어장 근처는 피합시다.","건강·안전"
"불규칙한 파도가 형성되는 곳은 피합시다.","건강·안전"
"물속의 사정에 대해 모르는 곳은 피합시다.","건강·안전"
"낚싯배에 구명동의 등 안전장비가 구비되었는지 확인합시다.","건강·안전"
"가족과 주변 사람에게 행선지와 일정을 미리 알려줍시다.","기타"
"야간에는 위치를 알릴 수 있는 랜턴과 체온 보호용 담요를 준비합시다.","준비물"
"만조 시간을 반드시 확인합시다.","건강·안전"
"기상변화를 알 수 있는 라디오를 준비합시다.","준비물"
"휴대폰 예비 배터리를 준비합시다.","준비물"
"물에 잠긴 흔적이 있는 갯바위에서 낚시를 하지 맙시다.","건강·안전"
"다리를 약간 구부린 채 발을 수면 가까이로 올려주세요.","건강·안전"
"몸을 물살과 같은 방향으로 하고 전방 상황을 살피면서 물의 속도가 줄어들 때까지 몸을 맡깁니다.","건강·안전"
"특히, 전복되어 떠내려갈 때에는 보이지 않는 물속의 거친 바위 등에 의한 부상을 당할 수 있으므로 다리에 힘을 주지 맙시다.","건강·안전"
"필수적인 장비는 발에 맞는 장화","준비물"
"갯벌이 묻어도 얼룩이 남지 않는 긴팔 옷","준비물"
"창이 넓은 모자","준비물"
"준수사항 갯벌체험의 가능 지역을 미리 알아보고, 체험이 가능한 장소에서만 한다.","건강·안전"
"마을 공동 어장 또는 양식장이 있는 갯벌에서는 어장에 무단출입을 하지 않는다.","건강·안전"
"수산물 어패류의 채집을 목적으로 한 갯벌체험은 자제하고, 어패류의 서식장소를 찾아 연안으로부터 멀리 떨어진 곳까지 들어가는 것은 매우 위험하다.","건강·안전"
"바람직한 갯벌체험 요령 갯벌체험장으로 지정된 곳에 탐방로 표시가 있는 경우 표시로부터 멀리 떨어지지 않도록 한다.","건강·안전"
"갯벌체험은 모종삽이나 갈구리를 준비하기 보다는 카메라, 망원경, 관찰일지 등을 준비해 갯벌의 여러 유형과 그곳에 살고 있는 생물을 관찰하며 자연생태계를 느끼는 것이 교육적인 갯벌체험이 된다.","기타"
"봉사 활동 실적 인정 가능 기관과 활동인지 꼭 확인하시기 바랍니다.","기타"
"봉사활동 확인서는 봉사활동 후 봉사활동기관에서 받아와서 담임선생님께 제출해주세요.","제출"
"일정 : 5월 4주 ~ 6월 4주 (약 5주) 동안 주 1회 온라인 수업으로 진행","일정"
"수업 진행을 위해서 학생은 사전에 개별적으로 회원가입을 부탁드립니다.","제출"
"재활 신청을 원하는 학생은 담임 선생님께 연락 후 3월 27일(목)까지 아래 동의서를 작성하여 보내주세요.","제출"
"상기 기준에 준하는 고위험군 5-17세 소아청소년으로서 접종이 필요하다고 판단되는 경우 의사소견에 따라 접종 권고","건강·안전"
"그 외 아동은 자율접종, 확진되었던 아동은 접종 권고 안함.","건강·안전"
"접종일 ~ 접종 후 1일 출석인정에 따른 출결처리(결석, 지각, 조퇴) 예방접종내역 확인서 또는 증명서","제출"
"접종 후 2일 출석인정에 따른 출결처리: 가정 내 건강관리 기록지, 보호자 의견서, 담임교사 확인서 등","제출"
"접종 후 3일 질병으로 인한 출결처리: 의사진단서(소견서), 처방전 등","제출"
"예방접종 사전예약: 누리집 또는 콜센터(1339, 지자체)를 통해 사전예약","기타"
"예약 후 예약일에 개별적으로 접종기관 방문하여 접종","기타"
"본인인증 수단이 없더라도 누리집, 콜센터를 통해 보호자가 대리예약 가능","기타"
"접종 당일 신분증을 지참: 여권, 유효기간 내 청소년증, 학교생활기록부, 학생증, 재학증명서, 주민등록증 등 사진이 부착되고 주민등록번호가 명시된 신분증","준비물"
"보호자와 함께 방문하는 경우 접종기관에서 예진표를 작성하고 접종","기타"
"보호자 미동반 시 보호자가 사전에 접종 시행 동의서 및 예진표를 작성하고 접종대상자가 접종 당일 의료기관에 제출","제출"
"보호자는 예방접종 안내문 등에 포함된 이상반응, 예방접종 전 후 주의사항 등을 사전에 반드시 잘 숙지해야 합니다.","건강·안전"
"일주일 간은 고강도의 운동 및 활동을 자제하도록 지도","건강·안전"
"04-05년생(16-17세) 예약기간: 10.5일(화)-10.29일(금) (4주)","일정"
"06-09년생(12-15세) 예약기간: 10.18일(월)-11.12일(금) (4주)","일정"
"접종일 2일 전까지는 누리집, 콜센터를 통해 예약 변경 가능","기타"
"이후 의료기관을 통해 변경 가능","기타"
"예방접종 후 15~30분간 접종기관에 머물러 심각한 알레르기 반응 등 이상반응 여부 관찰","건강·안전"
"사전예약 참여 여부와 관계없이 12-17세 대상자의 경우에도 잔여백신을 신청하여 당일 접종 가능(10.18일부터 적용)","기타"
"3. 접종일정: (사전예약) 3월 24일, (접종개시) 3월 31일, (당일접종) 3월 31일","일정"
"4. 접종시행: 접종 당일 보호자와 함께 방문, 예진표 작성 후 접종 만5~11세 아동은 보호자 등 동반이 필수","건강·안전"
"5. 예약방법: 예방접종 사전예약 시스템(https://ncvr2.kdca.go.kr/) 전화 : 1339, 위탁의료기관","기타"
"7. 준비 및 유의사항 - 접종 시에는 보호자(법정대리인)가 동행 - 예방접종 전 후 주의사항, 이상반응 등 반드시 사전 숙지 - 접종 후 3일간 건강상태를 유의 깊게 관찰하고, 최소 일주일간 격렬한 운동 및 활동자제","건강·안전"
"소아당뇨, 비만 등 내분비 질환, 심혈관 질환, 만성호흡기질환 등 고위험군에 속한다면 예방접종을 권고합니다.","건강·안전"
"건강한 소아청소년은 예방접종의 이득과 코로나19 감염 및 접종 후 이상반응 관련 위험에 대하여 충분한 정보를 확인하고 접종 전후 유의사항을 숙지한 후 예방접종을 받으실 것을 권고합니다.","건강·안전"
"접종 전 접종 후 건강상태가 좋을 때, 접종하기 접종 전 반드시 의사의 예진 받기 다음과 같은 경우 예방접종 연기하기 코로나19 감염이 의심되는 경우 격리 중인 코로나19 환자 및 접촉자 발열(37.5 이상)등 급성병증이 있는 경우- 1차 mRNA 코로나19 백신(화이자) 접종 후 심근염/심낭염 발생이 확인된 경우 접종 후 15~30분간 접종기관에 머무르며 이상반응 발생여부 관찰하기 귀가 후 3시간 이상 주의 깊게 관찰하고 일주일정도는 고강도의 운동 및 활동 자제하기 접종부위 청결하게 유지하기 평소와 다른 신체 증상이 나타나는 경우 의사의 진료 받기 단 !","건강·안전"
"코로나19 백신 구성 성분에 대한 아나필락시스 와 같은 심각한 알레르기 반응이 나타난 경우 1차 코로나19 예방접종 후 아나필락시스와 같은 심각한 알레르기 반응이 나타난 경우, 첫 번째 백신과 동일 플랫폼의 백신으로 접종 금기 아나필락시스: 호흡곤란, 얼굴의 부기, 눈 또는 입술/입안의 부종, 몸 전체의 발진, 빠른 심장 박동, 현기증, 쇼크 등의 증상을 동반한 심각한 알레르기 반응 약(장 세척제 등), 화장품, 음식, 다른 종류의 백신 등에 알레르기 병력이 있는 경우 예진표에 기록해 주세요 코로나19 예방접종 후 발생 가능한 이상반응은 무엇인가요? 예방접종 후 접종부위 통증이나 부기, 발적, 발열, 피로감, 두통, 근육통, 오한, 메스꺼움 등이 나타날 수 있음 호흡곤란, 얼굴의 부기, 눈 또는 입술/입안의 부종 등을 동반한 아나필락시스와 같은 심각한 알레르기 반응이 나타날 수 있음 mRNA 백신(화이자, 모더나) 접종 후 가슴 통증, 압박감, 불편감, 호흡곤란이나 숨가쁨, 호흡시 통증, 심장이 빠르게 뛰거나 두근거림, 실신 증상이 나타나는 심근염 심낭염이 발생할 수 있음 코로나19 예방접종 후 이상반응이 나타나면 어떻게 해야하나요? 접종부위 부기, 통증이 있는 경우 깨끗한 마른 수건을 대고 그위에 냉찜질 하기 미열이 있는 경우, 수분을 충분히 섭취하고 휴식을 취하기 발열이나 근육통 등으로 불편함이 있는 경우 해열진통제를 복용하기 예방접종 전 아세트아미노펜 성분의 해열진통제 준비, 예방접종 후 몸살 증상이 나타날 경우 해열진통제 복용 다음과 같은 경우에는 의사의 진료를 받으세요 가슴통증, 압박감, 불편감, 호흡곤란이나 숨가쁨, 호흡시 통증, 심장이 빠르게 뛰거나 두근거림, 실신 등이 새롭게 발생하거나 악화되어 지속되는 경우 접종부위의 통증, 부기, 발적이나 발열 등이 접종 후 2일이 지나도 호전되지 않거나 악화되는 경우 접종 후 갑자기 기운이 떨어지거나 평소와 다른 이상 증상이 나타나는 경우 다음과 같은 경우에는 119로 연락하거나 가까운 응급실로 내원하세요 숨쉬기 곤란하거나 심하게 어지러운 경우, 입술 얼굴이 붓거나 온몸에 심한 두드러기 증상이 나타나는 경우이상반응 발생이 의심될 경우 1339 또는 관할 보건소에 문의하시기 바라며, 예방접종도우미 누리집(https://nip.kdca.go.kr) 내 '예방접종 후 건강상태 확인하기'에서 이상반응과 대처법을 확인할 수 있습니다.","건강·안전"
"예 5. 접종대상자의 예방접종 후 이상반응 설명 및 미동행 확인 등을 위하여 연락 가능한 연락처를 정확하게 작성해 주십시오(휴대 전화번호: ). 접종 당일 접종대상자의 건강상태 및 의사의 예진 결과에 따라 예방접종이 연기될 수 있습니다.피접종자(대상자) 성명 : (예시) 홍 길 동피접종자(대상자)와의 관계 : (예시) 부 또는 모보호자(법정대리인) 성명 : (예시) 홍 판 서 20 년 월 일본인(법정대리인, 보호자) 성명: 홍 판 서 (서명/인) 소아청소년 대상 코로나19 예방접종 시행 동의서","제출"
"소프트웨어 설치 및 교육동영상사이트 접속 방법 '사이버안심존' 홈페이지(www.사이버안심존.kr), 온라인교육사이트(https://edu.moiba.or.kr) 2021년 4월 19일 검 단 초 등 학 교 장 '사이버안심존' 앱 o 스마트폰 이용시간을 부모와 자녀가 함께 관리하고 스몸비, 몸캠피싱 등 역기능으로부터 자녀를 보호 할 수 있는 스마트폰용 앱 '스마트안심드림' 앱 o 자녀 스마트폰의 문자메시지, 메신저 등으로 사이버언어폭력으로 의심되는 문자가 수신되거나, 고민단어(자살, 왕따, 가출 등) 검색 시 키워드를 감지하여 부모님에게 알려주는 스마트폰용 앱 스마트폰용 청소년보호SW(사이버안심존, 스마트안심드림) 무료 보급 안내 홈페이지 www.gomdan.es.kr 담당자 : 구 오 753-4762 접속QR코드 사이버안심존(자녀용) 사이버안심존(부모용) 스마트안심드림 온라인교육사이트 청소년 보호 SW 안내 주요 기능 및 이용 방법 o 주요 기능- 자녀 스스로 계획적인 시간관리가 가능한 총 사용시간 관리 기능- 스마트폰 오픈마켓에서 다운로드한 국내외 청소년 유해 앱(성인앱) 차단- 국내외 음란물 등 청소년 유해 인터넷사이트 차단- 자녀의 스마트폰 주 이용시간대, 이용정보 카테고리 등 통계 분석 정보 제공- 보행 중 스마트폰 사용 시 안전을 위한 스몸비 방지 기능 제공- 채팅앱을 통한 몸캠피싱 방지를 위한 카메라 및 파일 다운로드 차단 기능 제공- 디지털 성범죄 보호 위한 다크웹 접근차단 기능 제공('21.6월초 예정) o 이용 방법- 국내 오픈마켓 원스토어()에서 사이버안심존 앱(부모용/자녀용) 다운로드 설치(홈페이지 : www.사이버안심존.kr / 고객센터 : 1566-8274) 주요 기능 및 이용 방법 o 주요 기능- 사이버언어폭력 의심문자 수신 시 감지 및 부모 알림/조회 기능- 인터넷사이트를 통한 자살, 학교폭력 등 고민검색 시 부모 알림/조회 기능 - 학교폭력 상담/신고 기능(117) o 이용 방법- 국내 오픈마켓 원스토어()에서 스마트안심드림 앱 다운로드 설치(홈페이지 : www.사이버안심존.kr / 고객센터 : 1566-8274)","기타"
"x 선정 배치희망 학교 희망교에 배치되지않을 수 있음 1희망 희망 학교명 기재 (거리검색km) 유형 특수학급, 순회학급, 일반학급, 특수학교 중 기재 2희망 ( km) 유형 3희망 ( km) 유형 최근거리 학교 최근거리 학교명 기재 (거리검색km) 유형 보호자 선정 배치희망 사유 보호자 자필로 기재하며 특수교육대상자 선정 배치 희망 사유를 구체적으로 명시,1희망교와 최근거리 학교가 다른 경우에는 해당 희망사유도 구체적으로 명시 성 명 대상자와의 관계 주 소 주민등록등본상 도로명 주소 기재 연 락 처 집 : 휴대폰 : 장애인 등에 대한 특수교육법 제14조제3항 및 같은 법 시행령 제9조제4항에 따라 위와 같이 신청합니다.","제출"
"2. 작성 시 유의사항(가) 학교가 신청하는 경우 특수교육대상자의 보호자 동의 관련 확인을 반드시 받아야 함(나) 의뢰서의 기재사항을 수정할 때에는 반드시 해당 학교의 장 또는 보호자의 날인이 있어야 함(다) 서류에 기재한 내용이 사실과 다른 경우에는 불이익이 있을 수 있음(라) 주소(주민등록) 확인 방법 : 행정정보공동이용 업무포탈 혹은 등본을 확인하여 담당교사가 서명함 특수교육대상자 기초조사 카드 성 명 성별 생년월일 0.00.00. 주 소 주민등록등본상 도로명 주소 기재 소속학교 현재 교육기관명(배치유형) 기입예) 00초(특수학급) 학년 영유아의 경우 만 연령 기재 장 애 유 형 특수교육법상 장애유형 복지카드 등록 여부 ex) 지체장애(학교 선별 및 보호자 상담을 통한 추정 장애 작성 가능) 등록장애명 : 뇌병변장애 장애정도(등급) : 중증(2급)복지카드 소지자 작성(복지카드 명시된 장애 정식명칭 및 장애정도) 등록일 : 0.00.00. 유효일 : 0.00.00. 보조기 사용 사용 보조기 기재 휠체어 사용 유무 사용 / 미사용 발육 및 건강상태 신체적인 건강상태에 대해서 일반적으로 작성 행동특성및 요인 학생의 특이한 행동 특성을 중점으로 작성 기초학력 읽기 및 쓰기 학생의말하기, 듣기, 읽기, 쓰기사용 능력 정도를 작성 사회생활 적응능력 친구들과의 관계형성, 규칙지키기, 활동 참여 정도 등도움이 필요한 내용을 작성 수개념 학생의 숫자, 사칙연산, 규칙성 등에 대한 수학적 활용 능력 정도를 작성 담임교사(보호자) 의견 특수교육의 필요성에 대한 개인의견 등을 종합적으로 작성 이 카드는 특수교육대상자로 선정 배치를 희망하는 학생의 담임교사가 작성.(단, 소속기관이 없는 경우 보호자가 직접 작성) 년 월 일대상자와의 관계: 작성자: (인) 경기도성남교육지원청교육장 귀하 개인정보수집 및 이용 동의서 본인은 경기도성남교육지원청에서 추진하는 ""특수교육대상자 선정 배치 계획""과 관련하여 개인정보를 제공하여야 함을 이해하고 있으며, 이를 위해 개인정보보호법 제15조에 의해 담당기관에 제공하는 데 동의하고, 전자정부법 제36조에 따른 행정정보의 공동이용을 통하여 이용기관의 업무처리담당자가 전자적으로 본인의 구비서류를 확인하는 것에 동의합니다.수집이용목적: 특수교육대상자 선정 배치의 효율적인 업무처리수집항목 기본정보: 소속, 이름, 학년, 생년월일, 보호자 연락처, 성별, 주소 민감정보: 복지카드(장애인증명서) 장애유형 및 장애정도, 발육 및 건강상태, 학업성취수준, 행동특성 및 요인, 사회생활적응능력 사전동의 구비서류정보: 주민등록표 등 초본3. 이용 및 보유기간: 특수교육대상자 선정 배치 업무 종료 시까지4. 제공기관: 경기도성남교육지원청, 특수교육대상자 배치교5. 전체동의 시 특수교육대상자 선정 배치가 가능합니다.년 월 일기본정보 수집 동의 예 아니오 민감정보 처리 동의 예 아니오사전동의 구비서류정보 처리 동의 예 아니오배치교 입학 관련 서류 송부 동의 예 아니오 기본정보 수집 동의 예 아니오 민감정보 처리 동의 예 아니오 사전동의 구비서류정보 처리 동의 예 아니오 배치교 입학 관련 서류 송부 동의 예 아니오 기본정보 수집 동의 예 아니오 민감정보 처리 동의 예 아니오 사전동의 구비서류정보 처리 동의 예 아니오 배치교 입학 관련 서류 송부 동의 예 아니오 신청인 대상자 성명 (인) 학교/학년/반 학교 제 학년 반보호자 성명 (인) 대상자와의 관계 경기도성남교육지원청교육장 귀하 기본정보 수집 동의 예 아니오 민감정보 처리 동의 예 아니오 사전동의 구비서류정보 처리 동의 예 아니오 배치교 입학 관련 서류 송부 동의 예 아니오 보호자 확인서 경기도성남교육지원청에서 추진하는 ""2023학년도 유 초 중입 특수교육대상자 선정 배치 추진 계획""과 관련하여 안내받은 내용과 다음 사항을 확인하시기 바랍니다.안내 내용확인 여부선정 배치 과정 중 결격 사유 발생 시 심사를 중단 할 수 있으며, 이와 관련한 책임은 신청자에게 있음을 안내받았습니다확인하였다.","제출"
"특수학교 입학 희망자 경합 시 장애정도를 확인하기 위해 소속기관 및 가정을 방문하여 실사할 수 있으며 실사 미동의 시 특수학교 입학이 불가함을 안내받았습니다.확인하였다.","기타"
"2023학년도 특수교육대상자로 유치원(초등학교, 중학교) 입학을 희망하는 경우 다음과 같이 신청해 주시길 바랍니다.","제출"
"제출 기간: 2022년","일정"
"제출 서류: 특수교육대상자 진단 평가 의뢰서 (서식2)","제출"
"특수교육대상자 기초조사 카드 (서식3)","제출"
"개인정보수집 및 이용 동의서 (서식4)","제출"
"보호자 확인서 (서식5)","제출"
"주민등록등본(제출일 기준 1개월 이내)","제출"
"장애인복지카드 사본 또는 장애인증명서(제출일 기준 3개월 이내)","제출"
"의사진단서, 심리평가보고서, 졸업증명서, 보호자 의견서 (서식7)","제출"
"건강장애의 경우 의사진단서, 학교생활기록부 사본(당해 연도 출결 확인용)","제출"
"유의 사항 - 특수학교(급) 희망: 해당 특수(일반)학교와 입학 상담 후 서류 작성","기타"
"학급 정원 확인 후 거주지에서 근거리 학교순으로 1~3희망교 작성","제출"
"배치 사유는 구체적으로 작성","제출"
"유의 사항 - 일반학급 희망: 거주지에서 최근거리 학교 확인 후 1희망교만 작성","제출"
"2023학년도 (유 초 중)입 특수교육대상자 선정 배치 신청 서류를 다음과 같이 제출합니다.","제출"
"서식2 ~ 서식6 및 기타 서류 원본은 학교에서 보관하며, 학생별 스캔파일(PDF) 1파일로 첨부하여 제출(1인 1파일)","제출"
"공통(필수) 제출 서류: 2023학년도 입학 특수교육대상자 선정 배치 희망자 명단 (서식1)","제출"
"특수교육대상자 진단 평가 의뢰서 (서식2)","제출"
"심사 보충자료 (서식6)","제출"
"기타 서류 (해당자만 제출): 주민등록등본(제출일 기준 1개월 이내)","제출"
"의사진단서(제출일 기준 3개월 이내)","제출"
"심리평가보고서(제출일 기준 1년 이내)","제출"
"졸업증명서(졸업생만 해당)","제출"
"담임교사(보호자) 의견서 (서식7)","제출"
"건강장애(필수): 의사진단서, 입원확인서, 학교생활기록부 사본(당해 연도 출결 확인용)","제출"
"개인 봉사활동계획서","제출"
"활동 기간 및 시간: 20년 월 일 ~ 20년 월 일 (일간, 총 시간)","제출"
"기관에 따라 방문 확인서 발급에 비용 발생(방문 전 확인)","비용"
"매일 등교 전 학생의 상태를 확인 후 학생건강상태 자가진단을 필히 실시하여 주시기 바랍니다.","건강·안전"
"설문과 관련된 모든 내용은 비밀이 보장되며, 아래의 조사 참여 방법 안내에 따라 적극적으로 참여해주시기를 부탁드립니다.","제출"
"기간: 2022.10.04. - 10.16","일정"
"참여방법: 온라인(URL 접속) 또는 모바일(QR 코드)로 참여","일정"
"설문기간: 2023년 8월 17일(목) ~ 8월 26일(토)","일정"
"학생 및 학부모 중 예산관련 의견 수렴","제출"
"제출기간: 2020.12.23. ~ 2020.12.31.","일정"
"교육행정실로 제출","제출"
"독서교육 아이디(기존) 와 소셜 아이디 중 하나를 선택하여 아이디 만들기","기타"
"비밀번호, DLS 아이디 등 내용 입력 후 등록","제출"
"활동 시간: 월 2회 (월, 수, 금요일 중 택일) 10시 30분 ~ 12시까지(1시간 30분, 2인 1조)","일정"
"행복한 독서어머니회 활동 안내 및 회의: 7월 15일 (수) 오후 2시, 3층 지혜의샘터도서관","일정"
"2020학년도 행복한 독서어머니회로 꾸준한 활동이 가능하신 분은 7월 13일(월)까지 e-알리미로 회신","제출"
"코로나-19 상황에서 가정의 건강을 위해 사회적 거리두기, 마스크 쓰기, 손씻기 등 방역수칙을 잘 지키시길 바라며, 2학기에도 교육공동체 모두가 만족하는 좋은 학교가 되도록 최선을 다하겠습니다.","건강·안전"
"물놀이 안전수칙- 깊은 물에서 물놀이하지 않기- 물놀이 전 준비체조하기- 식사 후 곧바로 물에 들어가지 않기- 보호자와 함께 물놀이하기- 구명조끼 및 구명장구 착용하기- 위험한 일이 발생했을 시에는 구조를 삼가고 빨리 신고하기(119)","건강·안전"
"성폭력 예방 및 유괴방지 안전수칙- 낯선 사람이 주는 음식물 먹지 않고 따라가지 않기- 차에 탄 낯선 사람과 이야기할 때는 떨어져서 하기- 사람이 많이 있는 큰 길로 다니기한적한 곳 혼자 다니지 않기","건강·안전"
"규칙적인 생활하기 교통규칙을 잘 지키고 위험한 곳에서 놀지 않기","건강·안전"
"인터넷, 스마트폰 사용 바르게 하기","건강·안전"
"부모님 말씀 잘 듣고 예절바른 생활하기 (외출 시 꼭 말씀드리기)","기타"
"코로나-19 방역 수칙 지키기- 사회적 거리두기 - 마크스 쓰기 - 손씻기","건강·안전"
"식사는 가볍게 하고, 충분한 양의 물을 섭취합니다.","건강·안전"
"땀을 많이 흘렸을 때는 염분과 미네랄을 보충합니다.","건강·안전"
"헐렁하고 가벼운 옷을 입고, 무더운 날씨에는 야외활동을 삼가며 햇볕을 차단합니다.","건강·안전"
"실내에서 활동(실외활동 자제)하며 실내온도를 적정수준(26~28 )으로 유지합니다.","건강·안전"
"주정차 된 차안에 어린이나 동물을 혼자 두지 않습니다.","건강·안전"
"집에서 e-book 읽기학교홈페이지 우측 하단 부분의 배너 클릭(성남초등학교 전자책 도서관) 로그인(독서교육종합시스템 ID, 담임선생님이나 도서관에 문의), 비밀번호 : 1234(추후 변경가능)","기타"
"독서교육종합지원시스템(http://reading.gglec.go.kr) 전자책 및 독후활동 이용https://www.library.kr 접속 회원가입 전자책 회원가입 회원정보 입력 거주지 경기도 체크 회원가입 완료다.","기타"
"성남초등학교 전자책 도서관 리뷰 쓰기성남초등학교 홈페이지의 '성남초등학교 전자책도서관'을 이용하여 온라인 독서를 한 후 '리뷰쓰기'에 독서 후소감을 작성한다.","기타"
"겨울방학 독서달력 작성하기 및 한 줄 느낌 쓰기 책을 읽은 후 독서달력에 책이름, 지은이, 출판사를 기록한다.","준비물"
"우리 아이들을 위해, 학교도서관 이용의 활성화를 위해서 봉사해주실 학부모님들께서는 지원 신청하여 주시면 감사하겠습니다. 행복한 독서어머니회 모집 활동 계획 1. 활동기간 : 2020년 7월 ~ 2021년 2월까지","제출"
"2. 수집항목 : 학생(학년, 반, 이름) 보호자(이름, 전화번호)3. 이용 및 보유기간 : 1년 (학년말 까지)4. 동의를 거부할 수 있으며, 동의 거부시 행복한 독서어머니회를 신청 할 수 없습니다.개인정보 수집 이용 동의 예 아니요2020 .","제출"
"학부모 성함, 학생 학년/반/이름, 봉사 지원분야(희망요일), 학부모님 연락처 기재","제출"
"1. 관외대출회원 가입 - 도서관 방문하여 회원증 발급","기타"
"2. 홈페이지 정회원 가입후 이용","기타"
"1.독서교육종합지원시스템 https://reading.gglec.go.kr 접속 후 회원가입","기타"
"약관 동의 후 학생 회원가입","기타"
"독서교육 아이디(기존)와 소셜 아이디 중 하나를 선택하여 아이디 만들기","기타"
"DLS 아이디는 담임 선생님께 문의하기","기타"
"전자책 회원가입 시 회원정보 입력","제출"
"거주지 경기도 체크 후 회원가입 완료","제출"
"일시: 2020.1.10.(금) ~1.23(목), 09:10~12:00","일정"
"장소 : 슬기관 2층 영어1실, 영어2실","일정"
"슬기관 2층 영어2실에서 2019년 12월 23일(월)부터 선착순 접수","일정"
"2차 영어2실 C반 3-4학년 20명 09:10-10:30 1월 17일(금)-1월 23일(목)","일정"
"2차 영어2실 D반 5-6학년 20명 10:40-12:00 1월 17일(금)-1월 23일(목)","일정"
"참가 희망 기수에 O표","제출"
"학생 학년, 반, 번호, 성명, 연락처 기재","제출"
"12월 27일(금)까지 제출","제출"
"4. 장소 : 본교 사물놀이실","일정"
"대상 학생 학년, 반, 이름 기재","제출"
"신청 여부: 참가 희망함, 참가 희망하지 않음 선택","제출"
"12월 29일(금)까지 제출","제출"
"개인정보보호법 제15조에 의거 성남초등학교 2021학년도 학교운영위원회와 관련하여 본인의 개인정보를 수집·이용하도록 하는데 아래 항목에 체크하시기 바랍니다.","제출"
"본인은 위 기록이 틀림없음을 확인하며 제26기 성남초등학교운영위원회 학부모위원으로 입후보 등록합니다.","제출"
"4. 정보주체(본인) 동의사항 본인은 위 사무의 처리를 위하여 ""전자정부법""제36조에 따른 행정정보 공동이용을 통해 이용기관의 업무처리담당자가 전자적으로 본인의 구비서류(공동이용 행정정보)를 확인하는 것에 동의합니다.","제출"
"다만, 동의하지 아니한 경우에는 본인이 해당 구비서류를 제출하여야 합니다.","제출"
"본 행사는 2019년 한 해 동안 각 단체 대원들이 무사히 활동을 마친 것에 대한 감사와 컵스카우트 대원답게 성장한 모습을 알리는 자리이므로 학부형님들의 많은 참석 부탁드립니다.","일정"
"1. 행사명: 2019 컵스카우트 연합 진급식 및 승진식","일정"
"2. 일 시: 2019년 12월 20일 (금) 15:00~18:00","일정"
"3. 장 소: 이매초등학교 체육관","일정"
"4. 참가비: 30,000원(참가비) 7,000원(버스비)","비용"
"6. 복 장: 컵스카우트 단복(동복, 정모, 견장호각줄, 항건, 조임, 벨트, 부착물), 점퍼(날씨에 맞춰 평상복으로 준비)","준비물"
"가. 진급식 및 승진식은 전원참석이 원칙입니다.","기타"
"나. 참석이 불가한 학생은 개별적으로 대장선생님께 연락하시면 됩니다.","기타"
"3. 신청서는 실시 3일 전에 제출, 보고서는 등교 후 7일 이내에 제출해야 합니다.","제출"
"7. 신청서와 보고서 양식은 학교 누리집 공지사항을 확인해 주시기 바랍니다.","기타"
"준비물: 시간을 넘나드는 직업 사전 활동지 (부록 참고)","준비물"
"학부모회 임원으로 참여하시고자 하시는 분은 6월 4일(목) ~ 6월 5일(금) 15시까지 입후보 등록서(교무실, 학교홈페이지)를 작성하시어 교무실 내 학부모회 임원선출관리위원회에 제출해주시기 바랍니다.","제출"
"구비서류 : 입후보자 신청서, 개인정보수집 이용 동의서, 제3자 제공 동의서(위 3가지 양식은 교무실에 구비되어 있음), 사진(3x4)1매","제출"
"등록기간 : 6.4.(목)~ 6.5.(금)15:00까지","일정"
"본교 사물놀이 방학 중 연수는 사물놀이에 대한 깊은 이해와 부원 간의 소속감을 키우는 기회가 되고 있으며 학생들의 악기 연주 기량 향상을 위한 중요한 연수이기에 개인적인 일정을 조정하여 참여하기 바랍니다.","기타"
"2. 일시 : 2020. 2. 10.(월)~14.(금)","일정"
"알찬 교육 프로그램으로 자녀들의 특기적성 계발에 최선을 다하고자 하오니, 부서를 잘 검토하시고 신청해주시기 바랍니다.","제출"
"신청 기간: 2019. 11. 25 (월) 오전 09:00 - 11. 29 (금) 5일간 (재수강, 신규수강 조건 동일, 오전 9시 부터 선착순입니다.)","일정"
"예시) 성남초 1학년 1반 1번 홍길동, OOOO부 수강 신청 (학년/반/번호/이름을 정확하게 기재해주세요)","제출"
"보강 주간: 2.10(월) - 2.21(금) (4분기 운영기간은 공휴일이 많아 보강주간을 2주 운영합니다.)","일정"
"수강료 이체일: 12.10(화) - 12.13(금) 농협 스쿨뱅킹 통장으로 계좌이체 또는 신용카드 자동납부","비용"
"뒷면 표를 참조하시어 원하는 부서 강사님 연락처로 신청해주시기 바랍니다.","제출"
"일시 및 장소: 12월 2일(월)-6일(금) 중 각 반 영어 시간 및 영어 교실","일정"
"영어책 한 권을 선정하여 암송할 내용을 원고로 작성한 후, 해당 영어교사에게 11월 25일까지 제출","제출"
"원고 분량: 영어원고 A4 용지 1쪽 분량을 11월 25일 까지 영어교사에게 제출 (동화 제목과 참가자 반/이름을 상단에 반드시 표기할 것)","제출"
"남부권역(화성오산, 수원, 평택, 안성, 용인): 2019. 12. 16.(월) 푸르미르호텔사파이어홀","일정"
"동부권역(성남, 광주하남, 여주, 양평, 이천): 2019. 12. 17.(화) 국립국제교육원다목적홀","일정"
"서부권역(안산, 부천, 김포, 광명, 시흥, 안영과천, 군포의왕): 2019. 12. 18.(수) 한양대 에리카캠퍼스창의인재원교육관205호","일정"
"북부권역(의정부, 고양, 파주, 연천, 동두천양주, 포천, 가평, 구리남양주): 2019. 12. 19.(목) 아일랜드캐슬그랜드볼륨","일정"
"과목별 수강 시간을 잘 확인하시길 바라며 수강신청 후 스쿨뱅킹 통장에 수강료를 넣어 주시기 바랍니다.","비용"
"수강 신청을 하시더라도 스쿨뱅킹 기간까지 미납자는 부득이 수강포기로 간주하여 수강자 명단에서 제외되며 추가 신청이 불가능함을 알려드리니 수강료 입금에 유의하여 주시기 바랍니다.","비용"
"부모-자녀 간의 친목 및 대화의 시간에 도움을 드리고자 준비하였사오니, 많은 신청바랍니다.아래의 내용을 잘 읽어보시고 희망하시는 분은 12월 19일(목) 15시까지 4층 복지상담실로 신청서를 제출해 주시기 바랍니다.","제출"
"2. 일 시 : 2019년 12월 21일(토) 15시 공연 (집합 : 14:30 )3. 장 소 : 한국잡월드 1층 나래울극장4. 신청대상 : 1~6학년 가족5. 선발명수 : 총 60명(가족포함 명수)","일정"
"부모-자녀 간의 친목 및 대화의 시간에 도움을 드리고자 준비하였사오니, 많은 신청바랍니다.아래의 내용을 잘 읽어보시고 희망하시는 분은 12월 18일(수)까지 4층 복지상담실로 신청서를 제출해 주시기 바랍니다.","제출"
"2. 일 시 : 2019년 12월 21일(토) 15시 공연 (집합 : 14:30 )3. 장 소 : 한국잡월드 1층 나래울극장4. 신청대상 : 4~6학년 가족5. 선발명수 : 총 60명(가족포함 명수)","일정"
"아래의 내용을 잘 읽어보시고 희망하시는 학생은 20년 1월 7일(화)까지 4층 복지상담실로 신청서를 제출해 주시기 바랍니다.","제출"
"일 시 : 2020년 1월 14일(화) 13:00 ~ 15:00","일정"
"장 소 : 예절실","일정"
"학부모 동의 : 위 학생의 '머핀&쿠키교실 프로그램' 참가를 허락합니다.","제출"
"아래의 내용을 잘 읽어보시고 희망하는 학생은 10월 31일(목)까지 4층 복지상담실로 신청서를 제출해 주시기 바랍니다.","제출"
"2. 일 시 : 2019년 11월 06일(수) 15:00-17:00 (14:30 복지상담실 집합)","일정"
"3. 장 소 : 성남여자중학교 시청각실","일정"
"일 시 : 2020년 1월 13일(월) ~ 16일(목) 10:00 ~ 12:00","일정"
"장 소 : 복지상담실","일정"
"학부모 동의 : 위 학생의 '즐거운컬쳐교실 프로그램' 참가를 허락합니다.","제출"
"일 시 : 2020년 1월 16일(목) 13:00 ~ 15:00","일정"
"참석자(학생, 학부모, 교원) 명단 제출 제출내용: 붙임 2","제출"
"제출일자: 2019.11.29.(금)까지","제출"
"4월 선서식 및 대등록","일정"
"5월 보장훈련(연합)","일정"
"5월 다람쥐과정훈련(연합)","일정"
"5월 전진대회(연합)","일정"
"학부모연수 일시: 2019년 11월 5일 (화요일) 10:00 ~ 12:00","일정"
"신청기간: 10월 30일(수요일) ~ 11월 1일(금요일) 3일간","일정"
"학부모연수 참가 희망서 제출: 11월 1일(금)까지 담임선생님께 제출","제출"
"www.eduro.go.kr에 접속하여 교원능력개발평가 만족도조사 선택","제출"
"자녀정보 입력 후 자녀정보조회 클릭(2자녀 이상시 자녀추가 후 조회 클릭)","제출"
"학부모만족도조사 참여 후 만족도조사 제출 클릭","제출"
"학교에 2자녀 이상 재학 중일 경우, 자녀 추가 버튼을 누르고 모든 자녀를 등록","제출"
"참석학생 출결(공결 등) 및 안전 관리 - 학생 토론자 참석 시 안전을 위하여 반드시 교사(학부모) 인솔 협조 - 토론자로 참석하는 교원(학부모)이 참석학생 인솔 권장 나.","기타"
"참석대상자(학생, 학부모, 교원) 명단 제출 해당학교는 학생의 안전(학교안전공제회의 보장 등)을 위하여 반드시 학교장 결재 후 업무관리시스템으로 제출 제출내용: 붙임 2 제출일자: 2019.11.25.(월)까지 제 출 처: 소속 교육지원청 5교육지원청 협조사항 5교육지원청 협조사항 5 교육지원청 협조사항 가.","제출"
"부모님을 초대합니다 운동장에 우뚝 서 있는 느티나무와 은행나무도 울긋불긋 물들어가는 이 가을에 1학년 친구들이 틈틈이 갈고 닦은 꿈과 재주를 모아 '행복 꿈 잔치'를 마련하였습니다.","일정"
"2019년 진로 직업체험 학교 수요 및 학생 선호도 조사 계획을 다음과 같이 안내하오니, 학부모님께서는 설문에 참여하여 주시기 바랍니다.","제출"
"구분 내 용 비 고사 업 명 2019년 진로 직업체험 학교 수요 및 학생 선호도 조사 붙임 1 참조 대상 학부모 성남시 초 중 고 학부모 전체 조사 기간 2019. 11. 18(월) ~ 11. 22(금), 18:00까지 5일간 조사 방법 온라인 설문조사 PC, 모바일 대상별설문 주소 학부모 http://bit.ly/2rGSz8o 협조사항 초등학교는 학부모님만 참여합니다.","제출"
"(앞 면) 2019년도 겨울방학 중 급식지원 신청(추가)안내서 2019년 여름방학 급식지원자 및 11월말~12월초 신청자는 겨울방학 급식지원을 추가신청 할 필요 없음 급식지원 추가신청기간 2019. 12. 26. ~ 12. 31. 급식지원 신청방법 2019년 겨울방학 아동급식지원이 필요한 경우에는 다음 방법으로 아동급식을 신청하여 주시기 바랍니다.","제출"
"방문 신청 (해당 동 행정복지센터 방문신청) 우편 신청 (동 아동급식지원신청서를 해당 동에 우편으로 제출) 전화 신청 (동 아동급식 담당자에게 전화로 급식신청) 복지로 온라인 신청 (online.bokjiro.go.kr) 필요서류 제출요구 시 반드시 제출하여야 합니다.","제출"
"급식지원 방법 급식지원방법은 아래와 같으며, 동봉된 ""아동급식 신청(추천)서 (서식 1호)""에 희망하는 급식지원 방법을 표시하여 주시기 바랍니다.","제출"
"겨울방학 동안 학생들이 가정과 학교 밖에서 자기주도적 학습과 현장체험학습을 통해 좋은 경험, 독서활동, 봉사활동, 취미생활, 여가선용 등의 기회를 많이 갖도록 하고, 특히 '안전사고 없는 즐거운 겨울방학'이 되도록 다음 사항을 꼭 지킬 수 있도록 하여 주시기 바랍니다.가.","건강·안전"
"ㅇ 계획적이고 자주적인 방학생활 실천지도 및 자녀의 특기 적성 육성ㅇ 기본생활습관 및 예절교육 기회 제공ㅇ 가족과 함께하는 현장체험학습 실시(문화탐방, 고적답사, 효도방문 등)나.","기타"
"가정에서의 건전한 인터넷 사용 지도를 해 주세요.ㅇ 가정에서의 건전한 인터넷 문화 정착 노력ㅇ 인터넷 사용 시간 지도 및 건전한 취미활동 병행 유도다.","기타"
"여행, 수련, 봉사, 체험활동에는 꼭 보호자가 동반하여 안전사고를 예방하도록 합시다.","건강·안전"
"드릴 말씀은 2019학년도 71회 졸업식을 다음과 같이 알려드리오니 바쁘시더라도 부디 참석하시어 초등학생으로서 지난 6년 동안 교육을 알차게 마치고 정든 교정을 떠나 상급 학교로 새로운 출발의 첫걸음을 내딛는 성남초등학교 꿈나무 졸업생들을 축복해주시고 격려해 주시면 감사하겠습니다.","일정"
"일시 : 2020년 1월 8일(수) 오전 10 시 30분 장소 : 성남초등학교 슬기관 3층 2020년 1월 2일 성 남 초 등 학 교 장 한종숙 성 남 초 등 학 교 운 영 위 원 장 윤창근 성 남 초 등 학 교 학 부 모 회 장 정희선","일정"
"아래 내용을 잘 읽어 보시고 기간 내에 설문조사에 협조하여 주시기 바랍니다.","제출"
"참여 방법: www.joongang.com/19/786에 접속하여 응답 (10분 내외 소요)","제출"
"맞벌이 가정 자녀 등 돌봄이 필요한 학생 가운데, 신청을 희망하시는 가정에서는 학교에 연락하여 주시기 바랍니다.","제출"
"다만, 긴급돌봄 참여 시에는 학생 및 학생의 보호자 건강 상태 등을 종합적으로 학교에 알려주셔야 참여가 가능합니다.","제출"
"신청기간: 2020. 2. 25.(화) ~ 2. 26.(수) 11:30 현황 보고 기간이 2. 26.(수) 12:00까지","일정"
"운영기간: 2020. 3. 2.(월) ~ 3. 6.(금)","일정"
"운영시간: 9시 ~ 12시 20분 (점심식사 없음)","일정"
"장소: 본관 3층 도서관 (신청인원이 많을 경우 교실 추가 확보)","일정"
"신청방법: 학년 이름 중국-경상도 방문경력없고 발열기침 하지 않고 건강함 위의 형식으로 010-4166-6949 문자메시지 신청해주세요.","제출"
"학생약속 중 존중과 배려의 교실문화 만들기의 실천과제 중 하나로 교사-학생, 학생-학생 사이에 존중어쓰기를 실천하고 있으니 가정에서도 잘 살펴봐 주시고 학교와 연계가 될 수 있도록 지도 부탁드립니다.","기타"
"치료지원 선정 영역을 지속적으로 받는 것을 원칙으로 하되 부득이한 경우 최소 7일 전 서비스지원 변경계획서 서식3를 학교에 제출하고 교육지원청에 변경 승인 요청 후 변경할 수 있습니다.","제출"
"집단프로그램의 경우 학생 개인이 참여를 못한 경우에도 진행되므로 수강료를 지불해야 하며 수강료는 학부모가 부담합니다.","비용"
"치료지원 신청을 희망하시는 학부모님께서는 다음과 같이 신청하여 주시기 바랍니다.","제출"
"제출서류- 치료지원 서비스지원 신청서 1부(해당 내용 빠짐없이 정확하게 기입)","제출"
"점수와 관련된 서류 제출 요청 할 수 있음","제출"
"의사 진단서(특수교육지원센터 작업치료 선정 학생만 해당, 최종 선정 후 제출)","제출"
"서류 접수 기간: 2020.04.06.(월) ~ 04.10.(금) 15:00","일정"
"교육청에 개인정보 및 민감정보 제공, 제3자 개인정보 및 민감정보에 동의하지 않을 수 있으며, 미동의 시 치료지원 대상자 선정에 제한을 받을 수 있습니다.","제출"
"주변 환경을 소독하고 환기 시키기","건강·안전"
"마스크 착용, 기침 예절 및 흐르는 물에 비누로 30초 이상 꼼꼼하게 손씻기","건강·안전"
"맞벌이 저소득층 한부모 가정 학생 대상으로 긴급돌봄교실을 운영하오니 긴급돌봄이 필요한 학부모님께서는 신청해주십시오.","기타"
"운영기간: 2020. 4.16. ~ 등교 개학까지","일정"
"운영시간: 원격학습 9:00~12:00 돌봄(원격학습 종료후) 12:00~19:00","일정"
"신청: ~ 4월 14일 13:00까지 이알리미 신청(인원에 따라 운영계획 수립)","제출"
"맞벌이: 재직증명서","제출"
"저소득층: 주민센터(의료보험 납입 관련)","제출"
"한부모가정: 주민센터 발급증명서(가족관계증명서 등)","제출"
"아래 내용을 참고하시어 신청서를 이알리미 회신으로 대신합니다.","제출"
"본인은 성남초등학교 녹색어머니회, 어머니폴리스활동에 참가를 희망합니다.","제출"
"활동일 - 개인별 연간 활동일 연 2일 활동","일정"
"등록기간 : 2020년 3월 9일(월) - 3월 11일(수) (09:00~16:00)","일정"
"구비서류 : 입후보자 등록서, 개인정보동의서, 행정정보 사전동의서 (위 3가지 서류는 교무실에 구비되어 있음), 사진(3x4) 1매 필수지참","제출"
"e-학습터 간단한 회원 가입 후 활용","제출"
"변경 후: 3월 9일(월) 개학 및 입학 예정","일정"
"제출: 2019년 11월 18일(월)까지 각 반 담임선생님께","제출"
"현재 학교에서 운영되고 있는 강좌 중 2020학년도에 신청을 원하시는 과목을 선택해 주십시오.","제출"
"2020년도에 꼭 개설되었으면 하는 과목","제출"
"2020년부터 ""e-알리미""서비스를 실시하여 신속하고 편리하게 안내할 예정이니 학부모님께서는 정해진 기일 안에 ""e-알리미""에 가입하시면 감사하겠습니다.","제출"
"예비소집일: 2020년 1월 3일 (금요일) 오후 2시","일정"
"소집장소: 본교 1층 연수실","일정"
"준비물: 동사무소에서 발부한 취학통지서","제출"
"학부모회 대의원회의 구성 및 활동내용을 숙지하시고, 학급(학년)대표 및 기능단체별 임원으로 학교활동에 자원하여 참여 봉사하기를 희망하시는 학부모님께서는 붙임1의 해당 지원서를 6월 22일(월)까지 담임선생님께 제출하여 주시면 감사하겠습니다.","제출"
"지원서 제출 기간: 2020. 6. 16.(화) ~ 6. 22.(월)","일정"
"일시: 2021. 3. 17.(수) 14:00","일정"
"장소: 각 반 줌 회의실","일정"
"공개된 행사석상이 아닌 학부모의 개별적인 방문을 통한 선물의 수수는 허용 범위 내의 간소한 선물이라 하더라도 금지합니다.","기타"
"교육활동 침해 학생 특별교육 및 심리치료 시 보호자 의무참여","제출"
"학교 방문 시 사전 예약하기 학교 내에서의 학생의 안전과 교권보호를 위해 '학부모 상담주간 이외의 학교 방문' 시 학교 출입자의 신분확인 절차가 의무화되었습니다.(초ㆍ중등교육법 제30조의8)학부모님의 학교 방문도 사전 예약을 권장하고 있습니다.","기타"
"예시) 담임교사 등에게 전화, SMS, 이메일 등 다양한 방법을 통해 방문 예약 학교 방문 시 사전 예약하기 학교 내에서의 학생의 안전과 교권보호를 위해 '학부모 상담주간 이외의 학교 방문' 시 학교 출입자의 신분확인 절차가 의무화되었습니다.(초ㆍ중등교육법 제30조의8) 학부모님의 학교 방문도 사전 예약을 권장하고 있습니다.","기타"
"예시) 담임교사 등에게 전화, SMS, 이메일 등 다양한 방법을 통해 방문 예약 TIP : 담임선생님과의 상담(면담) 시 주의할 점 사전에 정중하게 연락하여 상담을 위한 시간과 장소(교내)를 정합니다. 약속을 위하여 또는 상담을 위하여 전화를 할 경우 자녀의 시간표와 학사 일정을 참조하여 수업 시간 외의 시간에 전화를 합니다. 자녀가 갑자기 몸이 아프거나, 다른 문제가 있을 때에는 바로 담임선생님께 알립니다. 면담을 연기하거나 취소해야 할 경우에도 반드시 미리 연락을 취하여 조정하도록 합니다.","기타"
"TIP : 담임선생님과의 상담(면담) 시 주의할 점 사전에 정중하게 연락하여 상담을 위한 시간과 장소(교내)를 정합니다.","기타"
"약속을 위하여 또는 상담을 위하여 전화를 할 경우 자녀의 시간표와 학사 일정을 참조하여 수업 시간 외의 시간에 전화를 합니다.","기타"
"자녀가 갑자기 몸이 아프거나, 다른 문제가 있을 때에는 바로 담임선생님께 알립니다.","기타"
"면담을 연기하거나 취소해야 할 경우에도 반드시 미리 연락을 취하여 조정하도록 합니다.","기타"
"스마트폰 유해정보 차단 - http://www.greeninet.or.kr에서 설치파일을 다운받거나 포털사이트 검색을 통해 다운 가능","기타"
"모바일팬스, 구글 패밀리 링크, 액스키퍼, 사이버안심존, 스마트 안심드림 등의 모바일용 SW를 통해 청소년이 스마트폰에서 불법 유해정보를 이용할 수 없도록 차단 가능","기타"
"코로나19 관련 혐오표현 금지 코로나19 관련하여 혐오표현을 통해 다른 사람을 차별하여 인권을 침해하지 않도록 합니다.","건강·안전"
"누구든지 가정폭력범죄를 알게 된 경우에는 수사기관에 신고할 수 있습니다.","기타"
"가정폭력피해자 또는 그 법정대리인은 가해자가 자기 또는 배우자의 직계존속인 경우에도 고소할 수 있습니다.","기타"
"주위에서 가정폭력(아동학대) 피해 아동이 있다면 신고하여 주세요.","기타"
"무심코 장난이라고 생각하는 행동들이 성 비위 범죄이며, 처벌 대상임을 자녀에게 반드시 지도하여야 합니다.","건강·안전"
"자녀가 자주 다니는 곳에서 집을 오가는 길에 위험요소가 있는지 미리 둘러봅니다.","건강·안전"
"아는 사람이라도 원하지 않는 신체접촉을 하면 참지 말고 단호하게 싫다는 의사 표현을 확실히 하며 즉시 자리를 피하도록 알려줍니다.","건강·안전"
"인터넷 성매매 알선 및 구매 관련 카페나 글을 발견하면 즉시 사이버수사대에 신고합니다.","기타"
"부모님께서 흡연을 하는 경우라면 강한 의지로 금연을 실천하는 모습을 보여 줍니다.","건강·안전"
"자녀가 함께하는 자리에서 담배를 피우지 않습니다.","건강·안전"
"가족들과 외식할 때 금연 음식점을 이용합니다.","건강·안전"
"자녀가 흡연을 하는지 잘 살펴주시고 금연에 대한 확고한 의지를 전하되 무엇보다 사랑으로 대화를 나눕니다.","건강·안전"
"전염병이 의심되면 등교하기 전에 담임선생님께 연락한 후 병원에 갑니다.","건강·안전"
"병원 진료 후 감염병 진단이 나면 담임선생님께 연락을 하시고 격리 치료를 합니다.","건강·안전"
"치료, 완치 후 병원에서 확인 받은 의사의 진료 확인서를 담임선생님께 제출하시면 감염병으로 결석한 기간은 출석으로 인정됩니다.","제출"
"2주 이상 기침, 가래, 발열, 수면 중 식은땀, 체중감소 등의 증상이 지속되면 결핵을 의심하고 결핵검사를 받아야 합니다.","건강·안전"
"기침할 땐 손이 아닌 휴지나 옷소매 위쪽으로 입과 코를 가리고 하고, 기침 후에는 흐르는 물에 30초 이상 손을 씻어야 합니다.","건강·안전"
"혈당지수(GI)가 높은 음식을 피합니다.","건강·안전"
"컴퓨터와 TV, 스마트폰은 하루 최대 2시간만 사용합니다.","건강·안전"
"올바른 스마트폰 사용을 도와줄 수 있는 자료 스마트폰 사용 습관 확인 한국정보화진흥원 스마트쉼센터 홈페이지 '스마트폰 과의존 유아동척도(관찰자용/성인용)' 활용 http://www.iapc.or.kr .","기타"
"pc 및 스마트폰 사용 관리, 유해정보 차단 앱(사이트) 안내 PC 사용관리: 그린 I-NET다양한 매체를 통해 유통되는 유해정보로부터 학생을 보호하고 올바르게 방송통신 정보를 이용하도록 구축한 '청소년정보이용안전망'입니다.","기타"
"부모 스마트폰에 설치한 경우 자녀의 스마트폰 이용시간 앱 웹사이트 관리, 자녀 스마트폰 이용 통계 확인이 가능합니다.부모 및 자녀 스마트폰의 구글 플레이 스토어, 앱 스토어, T스토어, 올레마켓, U 스토어 등 오픈마켓에서 다운로드하여 설치 가능합니다.","기타"
"pc 및 스마트폰 사용 관리, 유해정보 차단 앱(사이트) 안내 PC 사용관리: 그린 I-NET 다양한 매체를 통해 유통되는 유해정보로부터 학생을 보호하고 올바르게 방송통신 정보를 이용하도록 구축한 '청소년정보이용안전망'입니다.","기타"
"부모 대응 절차(우선순위 및 시간대별) 부모의 유의사항 자녀의 성폭력 피해를 알게 된 즉시 경찰(112) 이나 ONE-STOP지원센터에 신고한다. 성폭력이 의심되는 근거들을 보존한다.","건강·안전"
"가해자 식별의 주요 단서가 되는 의학적 근거는 진찰 을 받아야 얻을 수 있고, 시간이 지남에 따라 소멸되기 때문에 신속한 조치가 필요하다.(48시간 이내 입은 옷차림 그대로, 몸을 씻지 않고 병원 방문) 학교에 연락한 후 긴밀히 협력하고 지원 및 배려 를 요청한다.","건강·안전"
"학부모님께서는 아래의 활동내용을 살펴보시고, 참여를 희망하는 단체에 체크하여 신청 기간(3. 18.(금) ~ 3. 23.(화))내에 이알리미로 회신해 주시기 바랍니다.","제출"
"희망하는 단체의 신청서를 작성하시어 제출 부탁드리며 하단의 개인정보 수집동의서에 서명하여 제출해 주십시오.","제출"
"학부모님들의 참여와 봉사로 아이들의 건강하고 안전한 학교활동을 할 수 있도록 많은 신청 부탁드립니다. (성남초 학부모는 자발적 1인 1봉사를 지향합니다.)","기타"
"도서관 명예사서 활동일: 매주 2회 2021년 도서관 명예사서 신청 및 구성 후 확정","제출"
"3월2주(3.8.~3.12.) 3,4학년 주 3회 등교, 5,6학년 주2회 등교","일정"
"3월3주(3.15.~3.19.) 3, 4학년 주 2회 등교, 5,6학년 주3회 등교","일정"
"일시: 2021년 3월 2일(화) 10:00","일정"
"장소: 1학년 각 교실(5개반)","일정"
"코로나19 관련 협조사항 안내: 신입생만 교실 입실","건강·안전"
"가정에서 학생 발열체크하여 37.5도 이상인 경우 등교시키지 않습니다.","건강·안전"
"등교시 마스크 착용부탁드립니다.","건강·안전"
"학부모님은 교문밖에서 학생을 들여보내신 후 귀가하셨다가 12시에 정문에서자녀를 맞이하여 하교하시면 됩니다.","기타"
"입학식이 끝나고 1학년 1반~5반 순서로 담임선생님 인솔하에 교문에서 하교 지도합니다.(학생들의 안전을 위하여 교문에서 5m 떨어져서 대기하여 주시고 차량은 교내출입이 제한됩니다.)","기타"
"아래 입후보자에 관한 인적사항을 참고하시고 비대면 총회 당일 성남초학부모회임원선출관리위원회 주관으로 입후보자에 대한 학부모님의 의견 수렴 후 무투표로 임원 당선을 공고하고자 하오니 이점 양지하여 주시기 바랍니다.","제출"
"학부모회 임원으로 참여하시고자 하시는 분은 3월 8일(월) ~ 3월 9일(화) 15시까지 입후보 등록서(교무실 비치, 학교홈페이지 탑재)를 작성하시어 교무실 내 학부모회 임원선출관리위원회에 제출해주시기 바랍니다.","제출"
"등록기간: 3.8.(월)~ 3.9.(화)15:00","일정"
"온라인 운영(음악, 무용, 사물놀이) - 촬영장소 : 관내 학교 공연장 및 특별 활동실 등(학교 동아리 담당교사 촬영) 학교 밖 청소년, 연합팀, 대중음악 밴드부문, 무용부문 참가자(팀)은 별도 장소 촬영가능(학원, 청소년수련관, 문화의집 담당교사 촬영) - 촬영방법 : 영상장비(휴대폰 등)를 이용한 촬영 복장과 소품을 갖춘 편집이 없는 원타임 풀 영상 참가자별 학교명과 이름이 기재된 이름표 부착 동영상은 확장자 MP4, MOV.","제출"
"AVI 파일로 제출 오프라인 운영(문학) - 장 소 : 분당정자청소년수련관 1층 컨텐츠실 및 메이커스페이스 - 시, 산문 주제는 당일 통보 - 작 성 : PC를 활용한 개별 작성 - 접 수 : 담당자에게 작성한 원고 제출 - 작품 카피 및 도용의 경우 저작권법에 의해 처벌 될 수 있음 참가대상 - 초등부는 저ㆍ고학년 구분 없이 3학년부터 6학년까지 참가 가능 - 재학생의 경우 주소지에 상관없이 재학 중인 학교가 성남시 관내로 제한 - 재학생의 경우 학교가 기준 - 검정고시/조기입학으로 고등부 연령이라도 대학생의 경우 참가 불가 - 학교 밖 청소년의 경우 검정고시 합격여부 확인 - 예술제 접수 시 학교장 추천을 원칙으로 하며, 청소년관련 단체장 추천은 - 학교 밖 청소년(비인가 대안학교 재학생 포함)에게만 적용 - 종목 구분이 다른 경우 중복참가 가능하지만 같은 종목에 중복 참가는 불가 한국음악 기악합주와 한국음악 기악독주 참가 가능 발레 독무와 발레 군무 참가 가능 대중음악 개인과 대중음악 밴드 참가 가능 발레 군무 A팀과 발레 군무 B팀 참가 불가 - 연합팀 구성 시 경기도 관내 거주 및 재학 중인 초ㆍ중ㆍ고등부에 해당하는 청소년 팀으로 팀원 중 리더의 거주지 또는 재학 중인 학교 지역을 적용 - 경기도 관내 학교 연합은 가능하나 교급 혼합은 연합팀 구성 불가 종목별 운영 일정 예선 세부일정 및 규정 - 문학을 제외한 모든 경연대회는 온라인 심사로 진행되며, 유튜브(라온저장소) 실시간 방송과 페이스북 라이브방송(정청수)으로 생중계로 진행 - 공통 제출서류 : 참가 신청서 1부.","제출"
"본인은 2020년 제28회 경기도청소년종합예술제(예선·본선)의 참가자로써 정보제공 동의 필요가 있음을 이해하였습니다.","제출"
"개인정보보호법에 의해 보호되는 개인정보를 동법 제15조(개인정보의 수집·이용)의 규정 등에 따라 제공하는데 동의합니다.","제출"
"학부모님께서는 제 1안과 제 2안을 살펴보시고, 한 가지를 선택하여 E알리미로 회신 부탁드립니다.","제출"
"반주용 MR은 CD로 준비 부탁드립니다.","준비물"
"1. 제28회 경기도청소년종합예술제에 제출한 위 작품은 본인이 단독(공동)으로 제작하여 다른 경연대회 또는 '콩쿠르(concours)에 제출하지 않은 영상임을 확인합니다.","제출"
"2. 제28회 경기도청소년종합예술제에 제출 규정에 따라 촬영 후 편집하지 않은 원본 영상임을 확인 합니다.","제출"
"4. 최우수상, 우수상, 장려상, 특별상 수상작 영상은 주최 측에 귀속하고 참가자(팀) 양심에 따라 제작 과정과 기재 사항이 일치하며, 수상작 발표 후일지라도 제출 규정을 위배 하였을 경우 주최/주관 단체장이 수상을 취소하고 모든 법적 조치를 취하여도 이의 없음을 서약합니다.","제출"
"아래 내용을 참고하시어 회원가입을 3월 7일 금요일까지 진행하여 주시기 바랍니다.","제출"
"1. 플레이스토어 또는 앱스토어에서 ""e알리미""를 검색하여 설치해 주세요.","기타"
"2. 앱을 설치하고 실행되면 왼쪽 아래 회원가입 버튼을 눌러주세요.","기타"
"3. 두 개의 동의 에 체크 후 다음단계 를 눌러주세요.","기타"
"4. 이름과 휴대폰번호를 입력 후 확인 후 수신된 인증번호를 입력하고 확인 을 눌러주세요.","기타"
"5. 동일한 비밀번호를 2회 입력하고, 전자서명란에 직접 서명 후 확인 을 누릅니다.","기타"
"6. 앱 가입 완료 화면이 나타나면 아래 로그인하기 를 누르고 전화번호와 앞서 설정한 비밀번호로 로그인하여 주세요.","기타"
"7. 초대된 경우, 로그인 후 계정목록에서 수락 을 하면 바로 등록이 됩니다.","기타"
"3. 두 개의 동의에 체크 후 다음단계를 눌러주세요.","기타"
"4. 이름과 휴대폰번호를 입력 후 확인 후 수신된 인증번호를 입력하고 확인을 눌러주세요.","기타"
"5. 동일한 비밀번호를 2회 입력하고, 전자서명란에 직접 서명 후 확인을 누릅니다.","기타"
"6. 앱 가입 완료 화면이 나타나면 아래 로그인하기를 누르고 전화번호와 앞서 설정한 비밀번호로 로그인하여 주세요.","기타"
"7. 초대된 경우, 로그인 후 계정목록에서 수락을 하면 바로 등록이 됩니다.","기타"
"8. 기관 가입 페이지에서 우리 학교명을 입력하고 검색 후 선택해 주세요.","기타"
"9. 먼저 회원구분을 선택해 주세요.","기타"
"10. 자녀명과 학년, 학급 등 창에 나와있는 내용을 정확히 기입한 후 검색을 누르면 자녀의 등록된 명단으로 검색 결과가 나오면 선택을 합니다.","기타"
"아래의 내용을 확인하신 후 회신하여 주세요.","제출"
"본인은 아래의 내용을 확인하고 다음과 같이 본인의 개인정보를 위탁하는 것에 동의합니다.","제출"
"2. 기간: 7월 23일 (목요일) ~ 7월 24일 (금요일) 10:00 설문 마감","일정"
"1, 2학년: 5월 26일 (화요일) 까지 진행","일정"
"3, 4학년: 6월 2일 (화요일) 까지 진행","일정"
"5, 6학년: 6월 5일 (금요일) 까지 진행","일정"
"기존 긴급돌봄 학생은 부득이한 경우 담임선생님과 협의","기타"
"협의 신청 기한: 5월 26일 (화요일) 15:00","일정"
"2. 기간: 5월 29일 (금요일) ~ 6월 1일 (월요일) 10:00 설문 마감","일정"
"학부모님과 우리 학생들이 함께 읽기에 좋은 책으로 추천해주시기 바랍니다. 구입희망도서 신청시 유의사항 1. 문제집, 만화 등은 구입에 반영되지 않습니다.2. 이용률이 적은 도서와 고가의 도서, 전집은 성남초도서관운영위원회 회의를 통해 구입이 제한 될 수 있습니다.","제출"
"2020학년도 1학기 희망도서 신청을 원하시는 학부모님께서는 학생의 등교수업일에 담임선생님께 신청서를 제출하여 주시기 바랍니다.","제출"
"2020학년도 2학기 희망도서 신청을 원하시는 학부모님께서는 e-알리미로 9. 15.(화)까지 신청서를 제출하여 주시기 바랍니다.","제출"
"신청: 2020.10.8.(금)까지 e-알리미로 제출","제출"
"2020년 학부모 독서아카데미 신청을 원하시는 학부모님께서는 e-알리미로 10. 8.(목)까지 신청서를 제출하여 주시기 바랍니다.","제출"
"e알리미로 4월 15일(수)까지 동의 관련 서명을 해 주시거나 학생이 등교시 담임선생님께 동의서를 제출해 주시면 됩니다.","제출"
"e알리미로 3월 4일(목)까지 동의해주십시오.","제출"
"내 집 앞 도로의 눈은 내가 치운다.","기타"
"내 집 주변 빙판길에는 염화칼슘이나 모래 등을 뿌려서 미끄럼 사고를 예방한다.","기타"
"될 수 있으면 외출을 삼간다.","건강·안전"
"외출 시에는 미끄러지지 않도록 바닥이 넓은 운동화나 등산화를 착용한다.","건강·안전"
"미끄러운 눈길을 걸을 때에는 주머니에 손을 넣지 말고 보온 장갑을 착용한다.","건강·안전"
"걸어가는 중에는 휴대전화를 사용하지 않는다.","건강·안전"
"건널목(횡단보도)을 건널 때에는 차량이 멈추었는지 확인하고 도로에 진입한다.","건강·안전"
"계단을 오르내릴 때에는 난간을 잡고 다니는 것이 안전하다.","건강·안전"
"야간 보행은 매우 위험하므로 일찍 귀가한다.","건강·안전"
"차도로 나와서 차량에 승차하지 않는다.","건강·안전"
"불을 발견하면 '불이야'하고 큰소리로 외쳐 다른 사람에게 알리고 화재경보 비상벨을 누른다.","건강·안전"
"엘리베이터를 이용하지 말고 계단을 이용하되 아래층으로 대피가 불가능한 때에는 옥상으로 대피한다.","건강·안전"
"불길 속을 통과할 때에는 물에 적신 담요나 수건 등으로 몸과 얼굴을 감싸준다.","건강·안전"
"연기가 많을 때는 한 손으로는 코와 입을 젖은 수건 등으로 막고 낮은 자세로 이동한다.","건강·안전"
"아이스박스, 페트병 등 부력이 발생하는 도구를 이용","건강·안전"
"걸어 들어왔던 방향으로 몸을 돌려 탈출 준비","건강·안전"
"팔을 뻗어 몸이 가라앉지 않게 하고, 주머니를 뒤져 열쇠나 다른 쇠붙이를 찾아 얼음판을 찍고 몸을 엎드린 채 탈출 시도","건강·안전"
"""개인정보보호법 제15조(개인정보의 수집 이용)""에 의거하여 제공받는 상기 정보는 본인의 동의를 얻어야 하는 정보로써 2020학년도 성남초등학교 교육과정의 원활한 운영을 위하여 이에 동의합니다.","제출"
"2020 년 4 월 일성명: (서명 또는 인)","제출"
"""개인정보보호법 제15조(개인정보의 수집 이용)""에 의거하여 제공받는 상기 정보는 본인의 동의를 얻어야 하는 정보로써 2021학년도 성남초등학교 교육과정의 원활한 운영을 위하여 이에 동의합니다.","제출"
"동의2021 년 3 월 4 일성명: (서명 또는 인)","제출"
"뒷면 동의서에 서명 부탁드립니다.","제출"
"아래의 내용을 잘 살펴보시고 빠짐없이 기록하셔서 다음 등교일에 담임선생님께 제출해주시기 바랍니다.","제출"
"아동들에게 항상 행선지와 연락이 가능한 전화번호를 알려주십시오.","기타"
"선천성 질환 및 과거에 질병, 외상, 수술 등으로 입원한 적이 있었다면 1) 질환(수술, 외상)명과 2)발병연도 3)현재 치료상태 등을 자세하게 적어주십시오.","제출"
"약물이나 음식, 기타 자극에 대하여 알레르기가 있다면1)해당 약물이나 음식 2)기타 자극에 대해 자세하게 적어주십시오.","제출"
"담임교사나 보건교사가 알아야 할 점이나 체육수업 및 신체활동에 당부하고 싶은 주의사항 등 건강상 배려해야 할 점이 있으면 적어주십시오.","제출"
"단, 응급상황이거나 연락이 안 될 경우 인근 병원이나 119구조대를 이용하여 학생을 후송하는데 동의합니다.2020년 월 일 보호자 : (서명 또는 인)","제출"
"방문을 열기 전에 문손잡이를 만져 보았을 때 뜨겁지 않으면 문을 조심스럽게 열고 밖으로 나간다. 출구가 없으면 연기가 방안에 들어오지 못하도록 물을 적셔 문틈을 옷이나 이불로 막고 구조를 기다린다.얼음판 안전사고 예방 가급적 얼음 위에서의 놀이를 하지 않도록 한다.","건강·안전"
"어린이가 빙상놀이를 하는 경우에는 항상 보호자가 동행하여 감시하고 사고에 대비한다. 사고 발생 시에는 지체없이 119 신고 및 주변 사람들에게 알린다.","건강·안전"
"불을 발견하면 '불이야'하고 큰 소리로 외쳐 다른 사람에게 알린다.","건강·안전"
"화재경보 비상벨을 누른다.","건강·안전"
"엘리베이터를 이용하지 말고 계단을 이용한다.","건강·안전"
"아래층으로 대피가 불가능할 때에는 옥상으로 대피한다.","건강·안전"
"불길 속을 통과할 때에는 물에 적신 담요나 수건 등으로 몸과 얼굴을 감싼다.","건강·안전"
"연기가 많을 때는 한 손으로 코와 입을 젖은 수건 등으로 막고 낮은 자세로 이동한다.","건강·안전"
"옷을 너무 두껍게 껴입지 않는다.","건강·안전"
"큰길에서는 놀지 않는다.","건강·안전"
"신호등이 있는 횡단보도에서 초록불이 켜졌어도 뛰어가지 말고 손을 들고 좌우를 살피고 건넌다.","건강·안전"
"교원의 교육활동 침해행위로 인한 특별교육 또는 심리치료 조치 시 학생의 보호자는 반드시 참여해야 한다.","기타"
"제70회 전국과학전람회 원서접수: 2024년 8월 14일(수)","일정"
"출품원서, 지도교원 인적사항, 출품서약서, 개인정보활용동의서를 제출한다.","제출"
"작품요약서(A4 1매) 2부를 제출한다.","제출"
"작품설명서(A4 30쪽 이내) 2부를 제출한다.","제출"
"시·도 교육감 또는 지역대회 주관기관장 추천서 1부를 제출한다.","제출"
"작품 반입 시 반입증 및 반입부 등록 후 지정 장소에 진열한다.","기타"
"작품반출: 2024년 11월 2일(토) ~ 11월 3일(일)","일정"
"출품자는 2차(면담) 심사에 참여해야 하며 불참 시 수상에서 제외된다.","기타"
"심사위원 요청 시 즉석에서 작품이 작동 시연되도록 준비해야 한다.","기타"
"지도논문 원서접수: 2024년 8월 14일(수)","일정"
"학생작품지도논문 출품원서 1부를 제출한다.","제출"
"학생작품지도논문 요약서(A4 1매) 2부(원본, 개인정보 삭제본)를 제출한다.","제출"
"학생작품지도논문 설명서(A4 20쪽 이내) 2부(원본, 개인정보 삭제본)를 제출한다.","제출"
"방문을 열기 전에 문손잡이를 만져 보았을 때 뜨겁지 않으면 문을 조심스럽게 열고 밖으로 나간다. 출구가 없으면 연기가 방안에 들어오지 못하도록 물을 적셔 문틈을 옷이나 이불로 막고 구조를 기다린다.","건강·안전"
"가급적 얼음 위에서의 놀이를 하지 않도록 한다.","건강·안전"
"겨울철 교통사고 예방 옷을 너무 두껍게 껴입지 않는다(마스크, 귀마개 때문에 차 소리를 들을 수 없다) 길이 미끄러워서 신호등이 바뀌자마자 건너면 미끄러워 자동차와 부딪힐 수 있다. 큰길에서는 놀지 않는다. 신호등이 있는 횡단보도에서 초록불이 켜졌어도 뛰어가지 말고, 손을 들고 좌우를 살피고 건넌다.","건강·안전"
"신호등이 없는 횡단보도에서도 차가 정지했다고 뛰어가지 말고, 손을 들고 좌우를 살피고 건넌다.","건강·안전"
"차를 탈 때 서로 먼저 타려고 하지 말고, 질서를 지켜 차례차례 탄다. 오토바이는 절대 타지 않으며, 자전거 승차 시에는 보호 장비를 반드시 착용한다.","건강·안전"
"옷을 너무 두껍게 껴입지 않는다(마스크, 귀마개 때문에 차 소리를 들을 수 없다) 길이 미끄러워서 신호등이 바뀌자마자 건너면 미끄러워 자동차와 부딪힐 수 있다. 큰길에서는 놀지 않는다. 신호등이 있는 횡단보도에서 초록불이 켜졌어도 뛰어가지 말고, 손을 들고 좌우를 살피고 건넌다.","건강·안전"
"- 외출 시에는 마스크를 착용하도록 해요!","건강·안전"
"- 악수와 같은 다른 사람과의 접촉을 삼가도록 해요!","건강·안전"
"- 기침을 할 때는 옷소매로 입과 코를 가려요!","건강·안전"
"- 외출 후에는 흐르는 물에 손가락 사이, 손톱 밑도 포함하여 30초 이상 손을 씻어요!","건강·안전"
"- 비누로 꼼꼼하게 씻어요!","건강·안전"
"의심될 때는 의료기관에 방문해요!","건강·안전"
"1. 환기가 잘 되지 않는 지하공간, 밀폐된 시설은 이용하지 않기","건강·안전"
"2. 버스, 지하철, 학원 등 다수가 모이는 실내에서는 마스크 착용 하기","건강·안전"
"3. 실내 체육시설, 노래방, PC방 등 다중이용시설 이용 자제하기","건강·안전"
"4. 운동 등은 가급적 사람 간 거리두기(2m)가 가능한 야외에서 하기","건강·안전"
"5. 수시로 손씻기 등 개인 방역 수칙 지키기","건강·안전"
"일시: 2019년 11월 7일 (목요일) 10:40 ~ 12:40","일정"
"장소: 성남초등학교 4층 컴퓨터실","일정"
"신청기간: 10월 30일 (수요일) ~11월 4일 (월요일)","일정"
"신청방법: 학부모 성명, 학생의 학년, 반, 성명을 적어서 문자로 신청해주세요 (010-5054-9004)","제출"
"부모 및 자녀 스마트폰의 국내 오픈마켓(원스토어)에서 '사이버안심존'을 다운로드하여 설치해주세요.","기타"
"부모 및 자녀 스마트폰의 국내 오픈마켓(원스토어)에서 '스마트안심드림'을 다운로드하여 설치해주세요.","기타"
"그린아이넷홈페이지(www.greeninet.or.kr)에 접속하여 설치할 소프트웨어 종류 선택 및 다운로드하여 설치해주세요.","기타"
"부모 및 자녀 스마트폰의 국내 오픈마켓(원스토어)에서 '사이버안심존'을 다운로드하여 설치","기타"
"부모 및 자녀 스마트폰의 국내 오픈마켓(원스토어)에서 '스마트안심드림'을 다운로드하여 설치","기타"
"그린아이넷홈페이지(www.greeninet.or.kr)에 접속하여 설치할 소프트웨어 종류 선택 및 다운로드하여 설치","기타"
"상기 정보는 ""개인정보보호법 제15조(개인정보의 수집ㆍ이용)""에 의거하여 이를 수집하거나 이용하기 위하여 본인의 동의를 얻어야 하는 정보이므로 행정예고 의견제출을 위하여 이에 동의합니다.","제출"
"1. 학부모님께서는 나이스 건강 자가진단시스템으로 매일 아침 응답해주시고, 이상이 있을 경우 담임교사에게 연락 바랍니다.","건강·안전"
"2. 등교 전 체온을 측정한 후 발열(37.5 이상) 또는 호흡기증상(기침, 인후통, 호흡곤란 등), 메스꺼움, 미각 후각 마비, 설사 등이 있으면 학교에 가지 않고 담임선생님께 연락하고 등교하지 않습니다.","건강·안전"
"3. 마스크를 꼭 착용하고 등교합니다.","준비물"
"단, 기저질환(소아당뇨, 심장질환 등), 호흡기 민감군(천식 등)은 보건용마스크(KF 80이상)를 착용하도록 합니다.","준비물"
"4. 개인 물통(텀블러)과 개인 손수건 갖고 다니기","준비물"
"3. 등교시간 분산운영 권장: 8시 40분 ~ 9시","일정"
"3,4학년: 8시 50분","일정"
"5,6학년: 8시 40분","일정"
"5월 27일 (수요일) ~ 6월 5일 (금요일) 까지 정문만 개방","일정"
"6월 8일 (월요일) ~ 정, 후문(보건소쪽) 2개 개방","일정"
"1차 가정(등교 전) 체온측정 및 건강상태, 해외여행 유무 확인(본인, 가족)","건강·안전"
"체온37.5 이상, 호흡기증상, 메스꺼움, 미각 후각 마비, 설사 등 2주 이내 해외여행력 있으면 담임에게 연락(등교중지 출석인정)","건강·안전"
"등교 시 제출서류 의사진단서(소견서), 처방전, 보건소격리통지서, 가정요양확인서, 가정내건강관리일지 등에서 해당서류제출, 담임교사 개별상담 및 지원","제출"
"등교 시 제출서류 의사진단서(소견서)에 따름","제출"
"등교중지 기간 증상 발현일로부터 3~4일간(증상 악화 시 연장 가능)","건강·안전"
"발생현황 조사 본교 재학생 중 보건당국에서 자가격리 통보를 받으셨거나, 코로나19 증상이 있는 학생 (학부모님)은 학교 또는 담임교사에게 즉시 연락바랍니다.","기타"
"1. 흐르는 물에 비누로 손을 꼼꼼하게 씻으세요.","건강·안전"
"2. 기침이나 재채기할 때 옷소매로 입과 코를 가리세요.","건강·안전"
"3. 씻지 않은 손으로 눈 코 입을 만지지 마십시오.","건강·안전"
"4. 의료기관 방문 시 마스크를 착용하세요.","건강·안전"
"5. 사람 많은 곳에 방문을 자제하여 주세요.","건강·안전"
"1. 많은 사람이 모이는 장소에 가지 마십시오.","건강·안전"
"2. 불가피하게 의료기관 방문이나 외출 시에는 마스크를 착용하십시오.","건강·안전"
"1. 등교나 출근을 하지 마시고 외출을 자제해 주십시오.","건강·안전"
"2. 집에서 충분히 휴식을 취하시고 3~4일 경과를 관찰하여 주십시오.","건강·안전"
"3. 38도 이상 고열이 지속되거나 증상이 심해지면 콜센터( 1339, 지역번호 120), 수정구 보건소 로 문의하거나 선별진료소를 우선 방문하여 진료를 받으세요.","건강·안전"
"4. 의료기관 방문 시 자기 차량을 이용하며 마스크를 착용하십시오.","건강·안전"
"5. 진료 의료진에게 해외 여행력 및 호흡기 증상자와 접촉여부를 알려주세요.","건강·안전"
"1. 외출 및 타지역 방문을 자제하여 주십시오.","건강·안전"
"2. 격리자는 의료인, 방역당국의 지시를 철저히 따라 주십시오.","건강·안전"
"흐르는 물에 자주 비누로 손씻기 나.","건강·안전"
"기침할 땐 옷소매로 가리기 다.","건강·안전"
"기침 등 호흡기 증상자는 의료기관 방문시 반드시 마스크 착용하기","건강·안전"
"의료기관 방문 시 의료진에게 해외여행력 알리기","건강·안전"
"감염병 의심될 땐 질병관리본부 콜센터 1339 상담","건강·안전"
"외출을 자제하고 마스크를 꼭 착용하여 주시고, 즉시 수정구 보건소 및 질병관리본부콜센터(1339)로 문의한 후 안내에 따릅니다","건강·안전"
"다만 14일간 자가 격리하면서 개인위생(손씻기, 마스크 착용)을 철저히 하여 주시고 아침 저녁 발열 체크 등 자가모니터링으로 신체변화에 주의를 기울여 주세요","건강·안전"
"수정구 보건소 및 질병관리본부콜센터(1339)로 문의한 후 안내에 따라주시기 바라며, 외출시에는 마스크를 꼭 착용해 주세요","건강·안전"
"학부모위원 선출 안내문을 다음과 같이 공고하오니 읽어 보시고 학교운영위원회 학부모위원으로 참여하시고자 하시는 분은 3월 9일(월)~ 3월 11일(수) 16시까지 입후보 등록서(교무실, 학교홈페이지)를 작성하시어 교무실 내 학부모위원선출관리위원회에 제출해주시기 바랍니다","제출"
"등록기간: 2020년 3월 9일(월) ~ 3월 11일(수) (09:00~16:00)","일정"
"구비서류: 입후보자 등록서, 개인정보동의서, 행정정보 사전동의서, 사진(3x4) 1매","제출"
"등하교 시간대에 학부모님의 자가용 등하교로 교문 주변이 혼잡하오니 부득이한 경우를 제외하고는 도보로 등교하시기 바랍니다.","기타"
"차량 이용할 경우 교문에서 50m이상 떨어진 곳에서 하차 권장","기타"
"학교 방문 시 행정지원실에 등록 후 방문자 명찰 패용","기타"
"자녀의 등교를 배웅할 때는 정문 배움터 지킴이실 앞, 쪽문(슬기관 쪽)과 후문(보훈회관 쪽) 앞까지만 해 주시기 바랍니다.","기타"
"하교할 때도 교문이나 축구골대 펜스 뒤쪽, 교문 담장 쪽 벤치 또는 쪽문 앞에서 기다려 주시기 바랍니다.","기타"
"외부인 출입 제한 쪽문(슬기관 쪽) : 09:10 ~ 12:40 잠금","일정"
"후문(보훈회관 쪽) : 07:30 ~ 09:10까지만 개방","일정"
"등하교 시간대에 학부모님의 자가용 등하교로 교문 주변이 혼잡하오니 부득이한 경우를 제외하고는 도보로 등교해 주시기 바랍니다.","건강·안전"
"등하교시 자녀를 배웅하거나 기다리실 때에도 교문에서 5m 떨어진 곳에서 기다리는 것을 원칙으로 합니다.","건강·안전"
"부득이한 사정으로 방문을 하여야 하는 학부모 및 외부인은 행정실에서 신분증 확인 후 학교방문대장 기록","기타"
"학교방문증 발급 및 패용 후 퇴교시 반납","기타"
"학부모 및 외부인이 방문증을 패용하지 않았을 경우 본교 교직원이 신분증을 요구하고 행정실에 등록하도록 안내할 예정이니 협조해 주시기 바랍니다.","기타"
"성남초등학교 및 성남시 중학군 전체에 대한 근거리표를 확인하시고, 근거리 안내에 대한 이의 여부 및 거주지별 제1근거리 중학교를 작성하여 6월 28일(금)까지 제출","제출"
"2025학년도 중입배정을 위한 근거리 중학교 확인서 제출(학생 정보 기입 필요)","제출"
"참여기간: 2022년 6월 14일 ~ 7월 3일(20일간)","일정"
"의견서 제출: 전자우편 접수 police9901@korea.kr","제출"
"2026학년도 학부모회 총회 일시: 2026년 3월 18일(수요일) 오전 09:30~","일정"
"년 월 일출 품 자 (서명 또는 인) 법정대리인 (서명 또는 인) 지도교원 (서명 또는 인) 과학기술정보통신부장관 귀중 - 17 - (서식 4)개인정보활용동의서/보호자동의서 개인정보 수집 이용 동의서 본인은 위의 내용을 충분히 숙지하였으며, 개인정보 수집 이용 및 제3자 제공에 동의합니다.","제출"
"년 월 일본인 성명: (서명 또는 인) 정보주체가 만14세 미만의 아동인 경우 위와 같이 개인정보를 제공하는데 동의하십니까?","제출"
"""전국과학전람회규칙"" 제6조제1항에 따라 위와 같이 출품합니다.","제출"
"붙임 : 출품원서 각 1부","준비물"
"ㅇ 작품설명서 작성 규격 - A4용지로 좌철제본 편집하며 목차에는 쪽 번호를 반드시 기재","제출"
"- (용지여백) 좌 우 20 , 위 아래 15 , 머리말 꼬리말 10","준비물"
"ㅇ 작품설명서 작성 시 권장사항 - 제작 동기, 목적, 제작과정, 전망, 효과, 활용성을 체계적으로 기술할 것","제출"
"- 작품의 착안점이 포함되도록 할 것","준비물"
"- 차별화된 장점과 우수성이 명시되도록 할 것","준비물"
"- 인용자료 및 참고자료는 반드시 명시되도록 할 것","준비물"
"- 선행기술조사 내용이 있는 경우 첨부","준비물"
"ㅇ 쪽 번호는 하단 중앙에 위치토록 할 것","준비물"
"2. 작품대회 작품설명차트 작성 요령(면담심사장 부착) ㅇ 국립중앙과학관에서 제시하는 양식 및 규격에 맞추어 작성하고, 출품자가 직접 제작하여 부착","준비물"
"ㅇ 소속 및 출품자 인적사항 등은 심사 전 출품자가 블라인드 처리 (심사 종료 후 제거 가능하도록 부착)","준비물"
"ㅇ 작품설명차트의 인쇄 시 규격(가로x세로: 1,200 x1,300 )은 반드시 준수","준비물"
"ㅇ 작품설명차트는 중요한 요점만을 큰 글씨로 기재하고 선명하게 표시되도록 할 것","준비물"
"ㅇ 1작품 당 표지, 목차를 제외한 작성 쪽 수는 반드시 준수 - 심사위원 열람가능 페이지 제한(작품대회 30쪽, 지도논문연구대회 20쪽)","준비물"
"ㅇ 개인정보 삭제본은 출품자의 인적사항(성명, 학교명, 얼굴, 지역 등) 및타인의 얼굴(방송인 포함) 등이 드러나지 않도록 반드시 블라인드 처리","준비물"
"ㅇ 출품원서 제출 시 파일명 부여 방식 필히 준수","준비물"
"ㅇ 지역대회 주관기관에서 취합하여 온라인으로 제출","제출"
"출품부문은 물리, 화학, 생물, 산업 및 에너지(SW IT 융합 분야 포함), 지구 및 환경 부문 순으로 작성, 각 부문은 학생부(초등학교, 중학교, 고등학교 순으로), 교원부 순으로 작성","준비물"
"작품명, 지도논문명 등 모든 기재사항은 추천서 및 출품원서와 일치","준비물"
"작품요약은 추후 누리집에 게재되며, 최대 200자 이내로 작성","준비물"
"단, 출품학생의 진학, 지도교원의 인사 변동 시 사유서 제출","제출"
"4. 개인정보 수집 동의에 거부하실 수 있으나, 동의 거부 시에는 대회 참여가 제한될 수 있습니다.","제출"
"위와 같이 개인정보를 수집 이용하는데 동의하십니까?( 에 체크표시를 해주시기 바랍니다.)","제출"
"5. 제3자 제공 동의를 거부하실 수 있으나, 동의 거부 시에는 수상이 취소될 수 있습니다.","제출"
"참 여 대 상- 학생, 학부모, 교직원, 학교운영위원, 지역주민 등 누구나 참여 가능제 안 내 용- 특정 지역이나 학교에 국한되지 않고 ""경기교육 전반에 적용될 수 있는 예산에 관한 의견""붙임: 의견서(서식) 1부.2022. 6. 10.성남초등학교장","제출"
"( 가정통신문에 의한 회신, 전자적 방법에 의한 투표, 우편투표 등 선택 가능) 3. ""재난 및 안전관리 기본법""제3조 제1호에 따른 재난이나 그 밖의 불가피한 사유로 총회를 개최하기 어려운 경우에는 제2항 후단에 따른 방법 및 절차에 따라 학부모회 임원을 선출 한다.","제출"
"2023년도 경기도교육청 예산편성 의견서 신청인 성 명 제안사업 및 일반의견 사업명 사업필 요 성 이 사업을 해야 하는 이유나 목적, 이 사업을 함으로써 좋은 점 등을 적어 주세요.","제출"
"개인정보 수집 및 이용에 관한 동의 1. 개인정보 수집 이용 목적 : 2023년도 경기도교육청 예산편성 주민의견2. 개인정보 수집항목 : 성명3. 개인정보의 보유 및 이용 기간 : 1년위 개인정보 수집 및 이용에 동의합니다.","제출"
"2차 교육회복지원금과 1차 교육회복지원금 미충전 학부모의 오프라인 지급은 기존 스쿨뱅킹 수납계좌를 활용하여 지급할 예정이오니, 학부모님께서는 학생편에 배부된 신청 동의서를 작성하시고 2021.12.27.까지 담임선생님께 제출하여 주시기 바랍니다.","제출"
"신청동의서를 제출하셔야 지원금 지급이 가능하니 기한내 꼭 제출 부탁드리며 분실시 학교홈페이지 공지사항에서 다운받으실 수 있습니다.","제출"
"계좌정보가 등록되어 있지 않은 경우(신용카드 사용자 포함)와 별도 계좌에 받기를 원하는 경우 신청 동의서에 계좌정보 제출","제출"
"교육회복지원금 지원 신청 동의여부(3개 중 1개 선택하여 표시)","제출"
"위와 같이 교육회복지원금 신청에 동의합니다.","제출"
"설문과 관련된 모든 내용은 비밀이 보장되며 아래의 조사 참여 방법 안내에 따라 설문조사에 적극적으로 참여해주시기를 부탁드립니다.","제출"
"2. 기간: 2021.10.13 ~ 2021.10.29","일정"
"홈페이지에 접속: http://goedemo.hrcglobal.com (PC, 모바일 가능)","제출"
"홈 화면의 '학교민주주의 지수 설문조사 참여하기' 버튼 클릭","제출"
"학교 ID 및 학생, 학부모 ID 순서대로 입력(학생편에 배부)","제출"
"설문 참여(문항수-학생, 학부모용 25문항)","제출"
"1. 수업 기간 : 11월 29일(월) ~ 12월 24일(금)","일정"
"2. 보강 기간 : 12월 27일(월) ~ 22년 1월 11일(화)","일정"
"3. 수강신청 기간 : 11월 18일(목) 09:00 ~ 11월 23일(화) 14:00까지","일정"
"4. 수강신청 방법 : 이알리미로 신청","제출"
"5. 수강료 납부방법 : 스쿨뱅킹, 계좌이체 및 신용카드 자동납부","비용"
"4회분(강사료, 수용비, 교재비 및 재료비)을 납부합니다.","비용"
"6. 스쿨뱅킹 인출일 : 11월 24일 ~ 11월 28일","일정"
"수강료 미납 시에는 수강취소가 될 수 있으니 반드시 기간 내 입금 바랍니다.","비용"
"뒷면의 강좌별 시간표 및 수강료를 참조하시어 원하는 부서에 신청해주시기 바랍니다.","제출"
"여러 개의 수업을 신청할 경우, 요일 및 수업 시간을 꼭 확인한 후 신청하기 바랍니다.","기타"
"신청을 완료하신 후, 교육비는 스쿨뱅킹통장(농협)에 입금하여 주시기 바랍니다.","비용"
"제1회 성남초등학교운영위원회가 아래와 같이 개최되오니 참관을 희망하시는 학부모님께서는 참관하시기 바랍니다.","일정"
"또한 좋은 의견이 있으신 분께서는 학교운영위원회 홈페이지 공지사항에 학부모의견서를 작성하시어 교무실에 제출하여 주시기 바랍니다.","제출"
"1. 일 시 : 2021년 4월 12일 (월요일) 14:00","일정"
"개인정보보호법 제15조에 의거 성남초등학교 2022학년도 학교운영위원회와 관련하여 본인의 개인정보를 위와 같이 수집 이용하도록 하는데 아래 항목에 체크하시기 바랍니다.","제출"
"등교 전까지 차례로 보완하도록 하겠습니다. 아래 가이드를 참고하셔서 2월 23일부터 매일 자가진단에 참여 할 수 있도록 부탁드립니다.","건강·안전"
"앱(App) 앱 설치 적극 권장함(시간과 장소에 상관없이 가능함)","기타"
"1. 상담 기간 : 2022년 4월 4일(월) ~ 4월 8일(금) 오후 2시 ~ 4시 30분","일정"
"4. 상담 절차 상담 일정 체크(학부모) 담임에게 신청서 제출(3월 23일(수)까지) 상담일시 조정 및 상담","제출"
"3월 23일(수)까지 담임선생님께 제출바랍니다.","제출"
"접수방법: 교육원 홈페이지링크 선발관련 페이지 회원가입 및 정보입력 / 지원서 작성(4.21.(화)부터 가능)","제출"
"전형료 납입","비용"
"수험표(접수증) 출력","제출"
"제출서류 우편접수처 : 13120 경기 성남시 수정구 성남대로 1342 등기우편만 인정","기타"
"사회통합대상자 지원신청서 1부(서식1)","제출"
"증빙서류 각 1부(붙임 1 참조)(서식2는 기회균등자 중 학교장추천 해당자만 제출)","제출"
"전체 학년 생활기록부(유형) 1부.","제출"
"지원자의 초등학교 직전학년까지 기재된 생활기록부 제출요망(6학년 : 1~5학년까지 기재되어 있어야 합니다)","제출"
"반드시 직인 또는 원본대조필 필요","제출"
"이용을 원하시는 학부모님께서는 안내문을 참고하여 서비스에 가입하시고 이용하시기 바랍니다.","제출"
"2022학년도는 1학년~3학년 전체 학생들이 무상지원 대상이며, 안내장과 함께 단말기를 배부하였으니 가정에서 어플을 설치하여 서비스 가입후 단말기 번호를 등록하시고 사용하시기 바랍니다.","제출"
"구글플레이스토어 또는 앱스토어에서 '아이알리미' 앱 검색 다운로드 후 App실행","제출"
"휴대폰 본인인증 인증 번호 입력","제출"
"등하교 서비스 신청(자녀 학교정보 입력, 신청자 자녀 개인정보 활용 등 동의 서명)","제출"
"학교에서 전달받은 단말기의 하단 12자리(9+3자리) 숫자 입력","제출"
"학생 책가방 외부에 단말기 착용","기타"
"아이알리미 앱 실행 스토어 스토어바로가기 연결된 링크(네이버 스토어)에서 로그인 후 개별 유상(5,500원 배송료 별도) 구매","비용"
"서비스 요금: 제1년 요금제 33,000원","비용"
"어플(App) 설치: 구글플레이스토어 또는 애플앱스토어에서 '아이알리미' APP 검색 후 다운로드 후 열기","제출"
"서비스 가입: 휴대폰 본인인증 → 인증 번호 입력 → 등하교 서비스 신청(자녀 학교정보 입력, 신청자 자녀 개인정보 활용 등 동의 서명) → 서비스 가입완료","제출"
"개인 가상 계좌로 입금(단말기는 입금 완료 후 기재한 주소로 2~3일 내 택배 발송됩니다.)","비용"
"단말기 등록 및 서비스 이용: 배송 받은 단말기의 하단 12자리(93자리) 숫자 입력 → 학생 책가방에 단말기 착용 → 아이알리미 서비스 이용","제출"
"청구방법: 서비스 가입신청 완료 후 학생전용 가상계좌(입금계좌정보)와 이용금액을 확인하시고 학부모님께서 직접 계좌입금 해주시기 바랍니다.","비용"
"혹시 학교폭력을 당하게 된다면 선생님이나 부모님에게 꼭 알리도록 지도합니다.","건강·안전"
"상담이 필요하다면 꼭 담임 선생님과 의논하여 담임선생님, 전문상담교사, 부모님이 함께 학교-가 정에서 공동으로 지도할 수 있도록 합니다.","기타"
"8. 학교폭력 상담 및 신고 도척초등학교 031-762-5020 학교폭력신고센터 117 학교폭력의 징후발견이나 사안발생 시 먼저 담임선생님께 상의 부탁드립니다 - 13 -","기타"
"2. 아동학대 발견 시 조치 요령 가능한 증거사진을 확보한다.","건강·안전"
"아동에게 큰일이 난 것처럼 대해 불안에 빠지게 하지 않는다.","건강·안전"
"(일상적으로 대하는 것이 중요) 성학대의 경우 증거확보를 위해 씻기거나 옷을 갈아입히지 않는다.","건강·안전"
"학대에 대해 캐묻거나 유도질문을 하지 않는다.","건강·안전"
"(진술오염의 위험이 있음, 진술이 오염되면 증거로 불채택) 아동학대 사실을 알거나 ""의심만 되어도"" 신고하여야 하며 신고하지 않은 경우 500만원 이하의 과태료 부과 아동학대특례법 제10조","건강·안전"
"3. 가정폭력 발생/목격 시 한국여성진흥원(가정폭력,성폭력,성매매 긴급전화 상담 및 보호) 1366","기타"
"24시간 가정폭력 신고전화 112","기타"
"- 직접적으로 아이에게 자살에 대한 생각을 물어야 한다.","건강·안전"
"- 자살위기에 처해있다고 느낄 때는 다른 가족에게도 알리고 학교 선생님께도 연락한다.","건강·안전"
"- 혼자 내버려 두어서는 안 되며 꼭 구할 때까지 기다렸다가 떠나야 한다.","건강·안전"
"- 만약 아이가 정말로 사전에 준비를 했었다면 반드시 가족, 선생님, 혹은 전문기관의 전문가에게 알리고 조심스럽게 경계해야 한다.","건강·안전"
"- 현실에서 아이에게 영향력을 행사할 수 있는 사람들, 친구, 선생님, 동반자 등 모두가 아이에게 관심을 주도록 노력하고 이를 통해 다시 자신을 확신할 수 있게 해야 한다.","건강·안전"
"학부모 총회: 14:40~15:00 (20분) - 감사장 수여, 학부모회 활동 결과 보고, 학부모회 임원 선출 경과 보고, 학부모회 임원 당선증 수여","일정"
"학급교육활동 설명: 15:00~ - 학급교육활동 안내, 담임교사와의 대화","일정"
"성폭력 피해를 입었을 경우 부모님이나 믿을 수 있는 사람에게 피해 사실을 알리고 경찰에 신고합니다.","건강·안전"
"치료와 검사, 증거 채취를 위해서 몸을 씻지 말고 보호자와 함께 병원에 갑니다.","건강·안전"
"48시간 이내에 응급피임약은 72시간 안에 투여합니다.","건강·안전"
"법적인 문제와 해결방안을 위해서 전문가의 도움을 받습니다.","기타"
"전문상담기관(성남해바라기센터 708-1375~6)에 알려 도움을 받는다.","기타"
"담배를 피우는 사람은 절대로 집안에서는 피우지 말고 밖으로 나가서 피운다.","건강·안전"
"차 안에서 어린이가 같이 타고 있을 때는 절대로 담배를 피우지 않는다.","건강·안전"
"밖에서 담배를 피우고 들어왔을 때는 반드시 손과 얼굴을 씻고 양치질을 한 다음 어린이 곁에 갈 것.","건강·안전"
"담배를 빼 문 채 젖병, 장난감 등 어린이가 가까이하는 물건을 만지지 말 것.","건강·안전"
"아기를 안거나 손을 잡고 걸으면서 절대 담배를 피우지 말 것.","건강·안전"
"부모가 흡연을 하는 경우라면 강한 의지로 금연을 실천하는 모습을 보여 주십시오!","건강·안전"
"자녀가 함께하는 장소에서 담배를 피우지 않습니다.","건강·안전"
"판단력이 떨어져 비행적 범죄의 희생양이 되고, 강간, 폭행 등의 성범죄 및 폭력, 여러 가지 안전사고 위험 가능성이 높아짐 3) 가정에서 약물 복용시 주의점 오용 : 타인이 처방받은 약을 먹거나 용량이나 횟수를 임의로 변경해서 복용하지 않도록 합니다.","건강·안전"
"남용 : 치료의 목적이 아닌 다른 목적으로 약을 복용하지 않도록 합니다.","건강·안전"
"약을 복용할 경우에는 반드시 유효기간을 확인 후 복용합니다.","건강·안전"
"처방약은 유효기간을 처방받은 기간으로 생각하셔야 하며, 안약은 잘 보관할 경우 개봉후 1개월, 연고류는 6개월입니다.","건강·안전"
"약물 복용 시 쥬스나 우유 등과 함께 복용하지 않습니다.","건강·안전"
"경기도융합과학교육원(수원)에서 운영하는 2023 과학의 날 행사 학생 체험프로그램을 아래와 같이 운영하고자 하오니, 희망하는 학생 및 가족이 신청하시길 바랍니다.","제출"
"신청방법: 경기도융합과학교육원 홈페이지(https://www.gise.kr/ - 상단메뉴 체험활동 - 체험학습 신청","제출"
"신청기간: 2023. 4. 6.(목) 09:00 ~ 2023. 4. 13.(목) 18:00","일정"
"1. 체험장소 : 한국잡월드","일정"
"- 체험비 : 18,000원","비용"
"- 차량비 : 16,260원","비용"
"- 중식비 : 7,000원","비용"
"- 여행자보험 : 480원","비용"
"1. 체험장소 : 학교 운동장 및 1학년 각 학급 교실","일정"
"학생 지원기간: 2024. 3. 25.(월)~ 3. 29.(금)","일정"
"지원방법: 4권역 영재교육원 프로그램 중 원하는 프로그램 1개를 선택하여 GED시스템에서 학생이 직접 지원","제출"
"온라인수업과 대면수업을 병행하여 운영하므로, 첨부된 프로그램 안내 자료에서 수업일정과 장소를 확인하여 참여가 가능한 프로그램을 선택하여 지원해야 함","제출"
"1. 체험장소 : 한국 잡월드","일정"
"장소와 시간의 구애를 받지 않고 24시간 괴롭힐 수 있으므로 피해자가 01 문자/전화신고 문자신고 0117, 국번없이 117 가해자를 벗어나기가 더 어렵고 이로 인해 극심한 정신적 고통에 03 흥분하지 말고 침착하게 대응합니다.","건강·안전"
"04 가해자를 직접 만나거나 보복하지 않습니다.","건강·안전"
"safe182.go.kr 학교폭력 및 사이버폭력 신고 상담서비스 제공 01 사이버 공간에서의 빠른 전파성, 유통경로 파악의 어려움, 2차 피해 05 학교, 전문 기관 또는 경찰에 도움을 요청합니다.","건강·안전"
"교육급여 신청 기간: 2025년 3월 4일~3월 21일(집중신청기간), 연중 신청 가능","일정"
"필요 제출 서류: 신분증, 신청서, 소득재산신고서, 금융정보제공 동의서 등","제출"
"전월세 거주 또는 사업장 운영 시 임대차 계약서 추가 제출 필요","제출"
"교육급여 바우처 신청: 2025년 4월~2026년 2월","일정"
"바우처 신청 방법: 온라인(e-voucher.kosaf.go.kr)으로 간편인증, 공동금융인증서 또는 휴대폰 인증","제출"
"2025학년도 자동신청 미희망 시 취소 기간(3월 5일~3월 20일) 내 취소 가능","일정"
"아이알리미 서비스: APP 설치 및 서비스 가입 필요","제출"
"결석신고서 제출: 5일 이내 온라인 제출(나이스 학부모서비스 이용)","제출"
"거부감이 드는 말과 행동을 하는 상대방에게 ""나는 싫다"" 라는 거부 의사를 분명히 밝히고, 절대 대응하지 말고 그 문자/전화신고","기타"
"도란도란 보복을 시도하지 말고 어른에게 알려요!","건강·안전"
"피해를 당하거나 목격했을 때, 혼자서 문제를 해결하려 하거 푸른나무재단","건강·안전"
"언어습관 자가진단도구를 나 보복을 시도하지 말고 선생님이나 보호자에게 알리세요.","건강·안전"
"성범죄 피해자지원센터(d4u.stop.or.kr)에 삭제 지원을 받을","기타"
"학교나 전문기관의 도움을 구해요!","건강·안전"
"사이버 공간에서도 이용 예절을 지켜요!","건강·안전"
"도란도란에서는 사이버폭력 피해를 당했다면 학교나 전문기관 등을 통해","건강·안전"
"글을 남길 때 읽는 사람들이 잘못 이해하거나 오해할 여지는 URL 없는지 생각하고, 상대방의 글을 읽을 때 상대방을 이해하려 노력해요.","건강·안전"
"모르는 사람의 친구 신청을 받지 않습니다.","건강·안전"
"사이버 공간에서 알게 된 사람의 제안을 따르지 않습니다.","건강·안전"
"SNS 계정의 비밀번호를 친구들과 공유하지 않습니다.","건강·안전"
"나의 SNS 계정을 비공개로 설정합니다.","건강·안전"
"수상한 글이나 영상, 광고 등은 클릭하지 않습니다.","건강·안전"
"경기도교육청은 저소득층 가구 학생을 지원하기 위해 교육급여 및 교육비를 지원하고 있으니, 지원을 희망하는 가정에서는 아래 내용을 참고하여 신청 바랍니다.","기타"
"한국장학재단 교육급여 바우처 홈페이지(e-voucher.kosaf.go.kr)에서 신청기간 내 신청하시기 바랍니다.","제출"
"'25년 4월 1일부터 '25학년도 교육급여 바우처 신청이 가능합니다.","일정"
"신청기간 내 신청하시기 바랍니다.","제출"
"온라인 신청(간편인증, 공동 금융인증서, 휴대폰 인증을 통한 본인 확인 필수)","제출"
"2025학년도 자동신청 미희망자는 취소기간('25. 3. 5.(수) ~ 3. 20.(목)) 내 누리집(홈페이지)에서 자동신청취소가 가능합니다.","일정"
"2025학년도에 신규로 신청하는 경우 온라인 신청을 통해 진행됩니다.","제출"
"개인 사정으로 나이스 학부모 서비스를 사용하지 못할 시 결석신고서를 작성하여 담임선생님에게 제출하시기 바랍니다.","제출"
"질병 결석 2일 이내: 담임교사와 연락 후 결석신고서 제출","제출"
"질병 결석 3일 이상(필수): 의사의 진단서, 소견서, 진료확인서 등을 첨부한 결석신고서 제출","제출"
"출석 인정 결석 - 법정 감염병(필수): 의사의 진단서, 소견서, 진료확인서 등 제출","제출"
"경조사: 청첩장, 부고장(캡처) 등","제출"
"질병 결석(5일 이내 제출): 2일 이내는 담임교사와 연락(당일) 후 나이스 결석 신고서 등록, 3일 이상은 의사의 진단서 또는 의견서를 첨부한 결석 신고서 등록","제출"
"출석 인정 결석(체험학습 신청서 3일 전, 보고서 7일 이내 제출)","제출"
"교외체험학습(필수): 나이스 학부모 서비스에서 자녀지원-교육활동신청으로 신청, 최소 3일 전 신청, 종료 후 7일 이내 보고서 제출","제출"
"법정 감염병 결석(필수): 의사의 진단서 또는 의견서 제출","제출"
"경조사로 인한 결석: 청첩장, 부고장 등 제출","제출"
"가정에서 어플을 설치하여 서비스 가입 후 단말기 번호를 등록하고 사용하시기 바랍니다.","기타"
"이용료: 33,000원 (월 2,750원 x 12개월)","비용"
"단말기: 7,700원","비용"
"신규 신청자는 이용료 선택 후 신청하고 입금하여 서비스 이용","비용"
"아이알리미 서비스 이용료 결제: 서비스 가입신청 완료 후 학생전용 가상계좌로 직접 계좌입금","비용"
"이에 나이스 학부모서비스의 회원가입 및 활용 방법을 안내드리오니, 3월 6일까지 회원 가입 후 자녀 등록 바랍니다.","제출"
"3월 9일부터는 결석신고와 교외체험학습 신청을 '나이스 학부모서비스' 으로 제출하여 주시기 바랍니다.","제출"
"1. 학부모 - 나이스 학부모 서비스 회원가입 및 로그인 하기 (안드로이드) Play스토어, 원스토어, (아이폰) 앱스토어에서 '학부모서비스'를 검색합니다.","기타"
"2. 자녀 - 나이스 플러스 에 가입하기 (안드로이드) Play스토어, 원스토어, (아이폰) 앱스토어에서 '나이스플러스'를 검색합니다.","기타"
"3. 학부모서비스의 자녀등록 후 나이스 플러스 학생이 보호자 승인 하기 학부모서비스의 자녀등록 시 자녀가 학부모 정보를 확인하고 등록합니다.","기타"
"-(학부모) 학부모서비스 로그인 자녀의 학적 정보 입력 후 학부모 확인 요청 -(자녀) 나이스플러스에 가입 및 로그인 '내정보 관리'의 '보호자 승인관리'에서 학부모 확인 사용 문의는 온라인 문의(메인 화면 하단에 있는'사용문의'를 이용) 또는 중앙상담센터 (1600-7440)를 이용해주시기 바랍니다.","기타"
"별도 알림 기능이 없으므로 학급 연락 수단이나 자녀를 통해 담임 교사에게 결석 신 고를 알립니다.","기타"
"학부모서비스 로그인 후 자녀의 학적 정보 입력 후 학부모 확인 요청","제출"
"자녀는 나이스플러스에 가입 및 로그인하여 '내정보 관리'의 '보호자 승인관리'에서 학부모 확인","기타"
"교외체험학습 신청은 3일 이전에 신청해야 합니다.","일정"
"교외체험학습 보고서는 7일 이내에 제출해야 합니다.","일정"
"학부모 정보를 등록한 후 서명","제출"
"인솔자 정보 입력(학부모와 동일할 경우 '학부모 정보와 동일' 체크)","제출"
"일시: 2024년 4월 3일 (수) 14:00","일정"
"장소: 학운위실(2층)","일정"
"상담 절차: 상담 일정 체크(학부모) → 담임에게 신청서 제출(8월 31일(목)까지) → 상담일시 조정 및 상담","제출"
"입후보자는 성명, 성별, 생년월일, 주소, 자택 전화, 휴대전화, 자녀 학년, 경력을 기재","제출"
"개인정보 수집에 동의를 거부할 수 있으며, 거부 시 임원 입후보 등록 불가","제출"
"여러 개를 함께 체크하셔도 됩니다. 상담시간은 20분 기준이며 날짜, 시간이 겹칠 경우 조정해서 다시 알려드립니다.상담 요청 일시희망순위12023년 ( )월 ( )일 ( )시경희망순위22023년 ( )월 ( )일 ( )시경상담 유형 전화 상담 방문 상담 8월 31일(목)까지 담임선생님께 제출바랍니다.","제출"
"상담 요청 일시 희망순위1 2023년 ( )월 ( )일 ( )시경 희망순위2 2023년 ( )월 ( )일 ( )시경 상담 유형 전화 상담 방문 상담 구 분 내 용 비 고원하는 상담 내용 자녀의 학교생활 자녀의 진로문제 자녀의 교우관계 자녀의 학습문제 기타( ) 해당 내용에 v표 하세요.","제출"
"상담 요청 일시 희망순위1 2023년 ( )월 ( )일 ( )시경 희망순위2 2023년 ( )월 ( )일 ( )시경 상담 유형 전화 상담 방문 상담","제출"
"학부모회 임원으로 참여하고자 하시는 분은 3월 12일(화) ~ 3월 15일(금) 14시까지 입후보자 신청서(교무실 비치, 학교 홈페이지 탑재)를 작성하시어 교무실 내 학부모회 임원선출관리위원회에 제출해 주시길 바랍니다.","제출"
"등록 기간 : 3.12.(화)~ 3.15.(금) 14:00다.","일정"
"구비서류 : 입후보자 신청서, 개인정보 수집 이용 및 제3자 제공 동의서(위 2가지 양식은 교무실에 구비되어 있음), 사진(3x4)1매","제출"
"(개인정보 제3자 제공 동의 거부권리) 동의를 거부할 수 있으며, 동의 거부 시 성남초등학교 2024년도 학부모회 임원 입후보자 등록은 불가합니다.","제출"
"운영기간: 2022. 2. 7.(월) ~ 3. 12.(토) 100분, 주1회, 총5주","일정"
"운영시간: 2P 개설강좌 표 참조","일정"
"모집기간: 2022. 1. 17.(월) 16:30 ~ 1. 25.(화) 18:00","일정"
"수강료: 무료(단, 강좌별 교재비 및 재료비는 수강자 부담)","비용"
"수강신청 전 붙임 2 강의계획서 반드시 확인","제출"
"신청일시: 강좌별 상이(강좌별 신청일시 및 강의대상 반드시 확인)","일정"
"강좌별 운영시간 및 모집인원, 유의사항 반드시 확인(학부모명 신청 불가)","제출"
"강좌 접수 확인: 마이페이지 문화예술강좌신청내역","기타"
"강좌 취소 - 신청기간 내: 2022. 1. 25.(화) 18:00까지 인터넷으로 본인이 직접 취소","기타"
"강좌 취소 - 신청기간 후: 유선 취소 031-8012-6027","기타"
"신청기간 이후 취소 시 차기 강좌 신청 제한","기타"
"수강신청 시 휴대폰번호 정확하게 입력 및 확인","제출"
"수신가능한 휴대폰번호로 개인정보 최신화 확인","제출"
"로그인 - 상단의 마이페이지 - 선택입력사항 수집동의체크, 휴대폰번호 최신화","제출"
"강의 시작 전 ZOOM프로그램에 대한 이용방법 사전 숙지","준비물"
"원활한 강의 진행을 위해 강의 시작 시간 준수","기타"
"시작 10분 전 입장 필수","기타"
"출결 확인을 위해 반드시 수강생 성명과 소속학교명으로 참여(예: 홍길동(ㅇㅇ초))","기타"
"무단으로 강의내용 및 수강생 송출 영상 캡쳐 및 녹화 금지","건강·안전"
"강의자료 및 강의내용, 타 수강생의 송출 영상을 캡쳐, 녹화하여 제3자에게 유포하거나 인터넷 게시 등 저작권 및 초상권 침해 행위 절대 금지","건강·안전"
"수강신청방법 안내 홈페이지 접속(http://www.gew.kr/)하여 로그인","기타"
"문화예술강좌 강좌 수강신청 학생강좌 원하는 강좌 접수중 클릭","기타"
"개인정보활용동의서를 읽고 동의함에 체크","제출"
"소속학교, 휴대번호 정보 반드시 확인","기타"
"본인 순서가 오면 원하는 강좌 접수중 클릭","기타"
"정보수집 등 동의 확인 클릭","제출"
"홈페이지 접속(http://www.gew.kr/) 로그인","기타"
"스마트폰(태블릿 PC)으로 참여 앱스토어 또는 플레이스토어에서 ZOOM Cloud Meetings 앱 설치","기타"
"앱 실행 후, 회의 참가 클릭","기타"
"ID(총 10자리 숫자)와 비밀번호(영문 및 숫자) 입력하여 참여","기타"
"PC 또는 노트북으로 참여 프로그램 다운로드: https://zoom.us/support/download","준비물"
"센터 홈페이지에서 인터넷 접수(선착순)나.","제출"
"신청절차 원활한 수강신청을 위한 대기 시스템 사용 대기실 입장 본인 순서가 오면 원하는 강좌 접수중클릭 정보수집 등 동의 '확인' 클릭 '신청' 클릭 홈페이지 접속(http://www.gew.kr/) 로그인 문화예술강좌 강좌 수강신청 학생강좌 원하는 강좌 접수중클릭 가.","제출"
"수강신청 전 회원가입(학생명의) 필수 공공 I-PIN 인증 또는 휴대폰 인증 14세 미만인 경우 법정대리인의휴대폰인증 또는 I-PIN 인증 필요 회원가입 이후에는 모바일 신청도 가능나.","제출"
"앱스토어 또는 플레이스토어에서 ""ZOOM Cloud Meetings""앱 설치","기타"
"A반 매주 월요일 16:30 ~ 18:10","일정"
"B반 매주 목요일 16:30 ~ 18:10","일정"
"C반 매주 금요일 16:30 ~ 18:10","일정"
"준비사항: 줌 화상수업용 태블릿 및 스마트폰 1대와 코딩용 노트북 또는 PC 1대, 인터넷 환경","준비물"
"준비사항: 필기도구, 노트","준비물"
"준비사항 (필수): 자, 스케치북, 연필, 지우개, 색연필, 검은색 볼펜","준비물"
"준비사항: 줌 화상수업용 태블릿 및 스마트폰 1대와 실습용 노트북 또는 PC 1대","준비물"
"개인별로 실습용 노트북 또는 PC 1대가 필요하며 마우스도 준비해주세요","준비물"
"수업전에 로블록스 회원가입(www.roblox.com)을 해야한다.","제출"
"교 재 교재명 : 강사ppt자료 준비사항 수강생 준비물: 태블릿pc 혹은 핸드폰과 터치펜, 이비스 페인트X 어플 다운로드 (예시: 아이패드와 애플펜슬/ 갤럭시탭과 S펜/ 핸드폰과 터치펜) 수강생과의 원활한 소통과 실습물 공유를 위해 단체 톡방 참여가 필요 할 수 있습니다.","준비물"
"교 재 강사가 준비한 교안 준비사항 수업 전 구글아이디(계정) 준비 꼭 준비해주세요.","준비물"
"수업:노트북 or 데스크탑 PC카메라, 마이크) 실행:안드로이드폰 or 태블릿(아이폰 불가) 화상수업용 전자기기 1대를 추가로 준비하시면 수업 이해에 더 도움이 됩니다.","준비물"
"교 재 없음 준비사항 수업 전 구글아이디(계정) 준비 꼭 준비해주세요.","준비물"
"수강생 준비물: 웹캡이 있는 컴퓨터, 안드로이드 계열 스마트폰(아이폰 불가) (앱인벤터 가입시 만15세미만의 구글계정은 부모의 승인이 필요합니다.) 주 주제 내 용 비고 1 반려동물 쓰다듬기 앱1 운영체제와 어플리케이션 구분하기 앱인벤터 가입(구글계정)하고, 둘러보기 앱의 디자인과 코딩 시작하기 2 반려동물 쓰다듬기 앱2 스마트폰의 센서 알아보기 - 가속도센서, 멀티스크린 이용하기 3 주사위던지기 앱 앱 기능 분석하고, 디자이너 화면 구성하기 프로그램 절차를 알고 코딩하기 4 그림그리기 앱 캔버스의 기능과 좌표 알아보기 원으로 그림을 그리기 사각형과 선으로 그림 그리기 5 쿠폰발행 앱 미리캔버스를 이용하여 쿠폰 제작하기 앱 기능 분석하고, 디자이너 화면 구성하기 버스 기능을 이용하여 코딩하기 강좌명 재미있게 떠나는 과학 여행 지도강사 조 영 선 강의대상 초등 고학년 강의기간 2022.2.7.~ 2022.3.12. (주1일 100분, 5주) 강의일시 A반 매주 금요일 16:30 ~ 18:10 B반 매주 토요일 10:30 ~ 12:10 교육목표 만화를 보듯 재미있게 과학의 원리를 배워봅니다.","준비물"
"증빙 서류는 제출일로부터 15일 이내 발급한 서류에 한함","제출"
"건강보험료 납부 확인은 영수증, 납부확인서 중 택 1","제출"
"건강보험료 확인 시 부 모 모두 확인","제출"
"한부모가정은 주민등록등본 상 거주를 같이하고 확인","제출"
"선발공고: 08.13.(화) ~ 09.30.(월)","일정"
"입학설명회: 09.07.(토) 10:00 ~11:30","일정"
"1차전형 접수: 09.13.(금) 09:00 ~ 09.30.(월) 17:00","일정"
"2차전형 접수: 10.22.(화) 17:00 ~ 10.24.(목) 15:00","일정"
"심층 면접: 10.26.(토) 09:00~18:00","일정"
"합격 등록: 11.06.(수) 17:00 ~ 11.08.(금) 15:00","일정"
"응시원서: 최근 6개월 이내 반명함판(3x4) 사진 이미지 파일 첨부","제출"
"산출물요약서: 서식1 활용하여 온라인 업로드","제출"
"개인정보수집동의서: 서식3 활용하여 학생, 보호자 서명하여 업로드","제출"
"학생생활기록부: 소속 학교 행정실에서 발급","제출"
"반드시 직인 또는 원본대조필","제출"
"추천서: 서식2 활용, 인비 처리 해당자","제출"
"영재기관 수료증(명서) 또는 재원증명서","제출"
"대학부설 과학영재교육원 온라인 공동 선교육과정 수료증","제출"
"권역센터장 명의 발급 수료증","제출"
"사회통합대상자 지원신청서 및 증빙서류: 서식4 활용","제출"
"서식5는 기회균등자 중 학교장추천 해당자만 제출","제출"
"1차전형: 70,000원","비용"
"2차전형: 70,000원","비용"
"입학 전 사전교육(겨울캠프): 2025년 1월 중","일정"
"산출물 제출물 유형: PPT, 보고서(논문), 제작물 중 택 1","제출"
"온라인 응시 원서 접수 시 업로드","제출"
"수험생 자신이 직접 수행한 산출물 1개를 2페이지 이내로 작성","제출"
"2. 본 교육원 최종 합격자는 입학 등록 후 타 교육원(영재학급, 교육지원청 영재교육원 등)에 지원할 수 없습니다.","기타"
"3. 지역별 지원 관련 유의사항 중복지원, 중복합격 및 중복등록 등의 규정을 위반하는 경우 합격이 취소됩니다.","기타"
"4. 영재학급(또는 영재교육원) 수료예정자가 최종 수료하지 않았을 경우 입학이 취소됩니다.","기타"
"9. 온라인 접수 이후 분야 및 전형 변경은 불가합니다.","기타"
"11. 응시원서 및 제출 서류가 미비하거나 기재사항이 허위임이 드러나면 불합격 처리합니다.","기타"
"12. 최종 합격자는 소정의 기일 내에 등록을 하지 않을 경우 합격을 취소합니다.","기타"
"1. 모집 일정 합격자 발표가 이메일 개별 통보됨에 따라 온라인 지원서 작성 시, 보호자 이메일주소를 정확히 작성해 주시기 바랍니다.","제출"
"1차 전형 접수 방법: 온라인 응시원서 작성 및 관련 서류 등기우편 제출, 교육원 홈페이지 1차전형 및 산출물 요약서 업로드 (09.13.(금)부터 가능하며 접수 링크 접수 완료 09.30(월) 우편 소인까지)","제출"
"수험표(접수증)는 전형료 납입 후 출력 가능하며, 출력하여 보관하여 주시기 바랍니다.","비용"
"1차 전형 제출기한: 2024.09.13.(금) ~ 09.30.(월) 우편 소인까지 유효","제출"
"제출 방법: 등기 우편 접수 (방문 접수 불가)","제출"
"산출물 요약서는 온라인 지원 시 업로드합니다.","제출"
"관련 서류 일체 구비 후 원서접수 홈페이지에서 서류 제출 봉투 표지를 출력하여 부착하신 뒤 우편 제출합니다.","제출"
"6. 전형료 납입 방법: 원서접수 페이지를 통한 카드결제, 휴대폰 결제, 지정계좌납부 등","비용"
"학생부담경비: 필수부담경비 (70만원) (중식비, 캠프, 특별교육 프로그램 등 선택형 프로그램의 경우 수익자 부담)","비용"
"본 추천서를 모두 작성하신 후, 지원자가 볼 수 없도록 봉투에 넣어 기관장 직인으로 봉인해 주시고 지원자가 서류접수 시 제출할 수 있도록 해주십시오.(추천서만 별도로 등기우편으로 발송해 주셔도 됩니다.) 추천의견 (영재교육 대상자의 발전가능성(추천) 정도 해당 점수에 표 요망).","제출"
"추천인 자필서명 또는 날인 상기 추천 내용이 사실임을 확인함.","제출"
"내용을 자세히 읽으신 후 동의 여부를 결정하여 주십시오.","제출"
"위와 같이 개인정보를 수집 이용하는데 동의하십니까?","제출"
"한글 또는 워드 또는 자필로 작성, 글씨 크기 12포인트 본 양식으로 작성 후, 온라인으로 지원 시 상단의 수험번호 작성 후 업로드 바랍니다.","제출"
"지원자 성명 소속 학교 학년 생년월일 영재교육 경험 확인 사항 작성 유형1: 영재교육 이수자/ 이수 예정자 작성 예.","제출"
"00년 00월~00월 ㅇㅇ교육원(영재학급) 00분야 수료 또는 재원 중 (가장 최근 1건만 작성 요망) -수료증, 생활기록부 기재사항 등으로 시 도 교육청 및 과학기술정보통신부(한국 과학창의재단) 지정 영재교육원 이수 여부 확인 후 작성 요망 추천자 이름 직위 소속 학교(영재교육기관) 학교/영재교육원 연락처 전화 휴대폰 e-mail 추천하지 않음 보통 매우 추천 1 2 3 4 5 6 7 8 9 10 항목 수집목적 보유기간 -지원자 정보(성명, 생년월일, 사진, 학교, 주소, 연락 처 등) -보호자 정보(성명, 연락처, 이메일 주소 등) 신입생선발 운영관리 (원서접수 및 입학전형) 1년 동의 미동의 학생 성명 생년월일 소속학교 ( ) 학교 ( )년 ( )반 지원 기관 ( )영재교육원 ( )분야 학부모 성명 전화번호 주소 대상자 유형 지원 자격 사회통합 대상자 기회균등 대상자 유형 ( ) 사회다양성 대상자 유형 ( ), 가구원수 ( 인 ) 본인은 2025학년도 사회통합대상자로 지원하고자 합니다.","제출"
"사회통합대상자로 지원함에 있어 지원 자격 및 증빙 서류에 허위가 없음을 확인합니다.","제출"
"현재 운영 중인 강의가 실습을 병행하는 특성상 소수 정원으로 운영하기 때문에 경기지역 학생들의 수요를 충족시키지 못하는 문제가 지속적으로 발생하는바 이를 해결하고자 다수의 학생이 자율적으로 학습할 수 있는 유튜브 특강을 실시하여 보다 많은 학생들에게 학습의 기회를 제공하고자 함운영강좌:""엔트리 코딩""등, 총 3개 강좌 운영방법: 유튜브 링크로 접속하여 수강 게시 1시간 전 신청자의 휴대폰 문자로 발송 본 특강은 실시간으로 진행되는 양방향 소통강의가 아니기 때문에 영상내용에 대한 피드백과 답변 제공 불가 세부사항 2P 운영방안 참조 운영기간: 2022. 2. 12.(토) ~ 3. 12.(토) 매주 토요일 10:00~13:00, 총5주 회차 영상물 게시 일정 유의사항 1차 2022. 2. 12.(토) 회차별 영상물은 60분 내외이며게시시간은 10:00~13:00 (게시 시간 이후 삭제됨) 강의시간을 준수하시기 바랍니다.","일정"
"2차 2022. 2. 19.(토) 3차 2022. 2. 26.(토) 4차 2022. 3. 5.(토) 5차 2022. 3. 12.(토)운영시간 모집기간: 2022. 2. 7.(월) 10:00 ~ 2. 10.(목) 18:00 수강대상: 경기도교육청 소속 초 중 고등학생(1인 1강좌) 모집인원: 강좌별 500명 내외 수 강 료: 무료(단, 준비물은 붙임2 강의계획서 참조 개별 준비) 수강신청 전 붙임 2 강의계획서 반드시 확인 수강신청 안내운영장소: 유튜브 채널 및 수강생 자율공간 - ""2022년 제1기 학생 유튜브 특강""은 실시간으로 진행되는 양방향 소통강의가 아 니며, ""2022년 학생 온라인 겨울방학 특강""지도강사가 동일한 커리큘럼으로 제작한 동영상을 유튜브에 게시하여 일방향 학습할 수 있는 강의임 영상내용에 대한 피드백과 답변 제공 불가 - ""2022년 제1기 학생 유튜브 특강""은 향후 강좌별 수강인원 확대가능성 검토를 위하여 실시하는 강의이므로 출결처리 미실시 운영 방 안운영강좌:""엔트리 코딩""등, 총 3개 강좌 신청기간: 2022. 2. 7.(월) 10:00 ~ 2. 10.(목) 18:00 신청대상: 경기도교육청 소속 초 중 고등학생(1인 1강좌) 모집인원: 강좌별 500명 내외 수강생 모집 완료 후 신청자에게 유튜브 링크 문자 안내 게시 1시간 전 상기 강좌는 센터 및 강사 사정에 따라 변동될 수 있음 초등학생 저학년/고학년 강좌는 연령에 따른 분반이며 절대적인 것이 아니므로 강의계획서를 참고로 본인 수준에 맞는 강좌 신청 가능(초등 저학년: 1~3학년, 초등 고학년:4~6학년 기준) 신청방법: 경기도교육복지종합센터 홈페이지 회원가입 후 신청 붙임 수강신청방법 안내 반드시 확인 신청 방법가.","일정"
"강좌별 운영시간 및 모집인원, 유의사항 반드시 확인 ( 학부모명 신청 불가)확인및 취소 강좌 접수 확인 : 마이페이지 문화예술강좌신청내역 강좌 취소 - 신청기간 내 : 2022. 2. 10.(목) 18:00까지 인터넷으로 본인이 직접 취소 - 신청기간 후 : 유선 취소 031-8012-6027문 의 학생 강좌(특강) 운영: 기획운영부 이수빈 주무관 031-8012-6027 홈페이지 가입 및 시스템 오류: 총무부 강수영 주무관 031-8012-6031 수강신청 시 휴대폰번호 정확하게 입력 및 확인 영상물 게시 1시간 전 신청자의 휴대폰 문자로 강좌 유튜브 링크 발송 예정 수신가능한 휴대폰번호로 개인정보 최신화 확인 로그인 - 상단의 마이페이지 - 선택입력사항 수집동의체크, 휴대폰번호 최신화 수강 전 PC 노트북, 핸드폰 등 인터넷 접속이 가능한 기자재 준비 핸드폰으로 접속 시 YouTube(유튜브) 어플리케이션 설치 강의시간 준수 차시별 영상물은 60분 내외이며 게시시간(10:00~13:00) 이후 삭제됨 무단으로 강의내용 및 지도강사 송출 영상 캡쳐 및 녹화(다운로드) 금지 강의자료 및 강의내용, 지도강사의 송출 영상을 캡쳐, 녹화하여 제3자에게 유포하거나, 인터넷 게시 등 저작권 및 초상권 침해 행위 절대 금지 수강신청방법 안내 홈페이지 접속(http://www.gew.kr/)하여 로그인 문화예술강좌 강좌 수강신청 학생강좌 원하는 강좌 접수중클릭 접수중버튼을 클릭하면 자동으로 대기실 입장 자동으로 새로고침이 되므로 '새로고침(F5)'을 클릭하지 마시기 바랍니다.","제출"
"대기실에서 본인 순서가 되면 하단의 화면으로 이동 원하는 강좌 접수중클릭 '개인정보활용동의서'를 읽고 '동의함'에 체크 '확인'클릭 '신청'클릭 소속학교, 휴대번호 정보 반드시 확인 (붙임) 수강신청방법 안내 수강신청방법 안내 2022년 제1기 학생 유튜브 특강 수강생 모집 안내 목적 운영 및 모집개요 회차 영상물 게시 일정 유의사항 1차 2022. 2. 12.(토) 회차별 영상물은 60분 내외이며게시시간은 10:00~13:00 (게시 시간 이후 삭제됨) 강의시간을 준수하시기 바랍니다.","제출"
"2차 2022. 2. 19.(토) 3차 2022. 2. 26.(토) 4차 2022. 3. 5.(토) 5차 2022. 3. 12.(토) 수강신청 안내 - ""2022년 제1기 학생 유튜브 특강""은 실시간으로 진행되는 양방향 소통강의가 아 니며, ""2022년 학생 온라인 겨울방학 특강""지도강사가 동일한 커리큘럼으로 제작한 동영상을 유튜브에 게시하여 일방향 학습할 수 있는 강의임 영상내용에 대한 피드백과 답변 제공 불가 - ""2022년 제1기 학생 유튜브 특강""은 향후 강좌별 수강인원 확대가능성 검토를 위하여 실시하는 강의이므로 출결처리 미실시 대상 강좌명 강사명 영상물 게시 일정 신청일시 초등저학년 엔트리코딩으로 만나는 게임 이치훈 1차 2022. 2. 12.(토) 2차 2022. 2. 19.(토) 3차 2022. 2. 26.(토) 4차 2022. 3. 5.(토) 5차 2022. 3. 12.(토) 차시별 영상물은 60분내외이며 게시시간은 10:00~13:00 (게시 시간이후 삭제됨) 2022.2.7.(월) 10:00~ 2.10.(목) 18:00 초등고학년 메타버스 로블록스 탐험 이은정 중 고등학생 생각대로 파이썬 첫걸음 전현희 신청 방법 가.","일정"
"강좌별 운영시간 및 모집인원, 유의사항 반드시 확인 ( 학부모명 신청 불가) 대기실 입장 본인 순서가 오면 원하는 강좌 접수중클릭 정보수집 등 동의 '확인' 클릭 '신청' 클릭 접수중 접수중 접수중 확인및 취소 강좌 접수 확인 : 마이페이지 문화예술강좌신청내역 강좌 취소 - 신청기간 내 : 2022. 2. 10.(목) 18:00까지 인터넷으로 본인이 직접 취소 - 신청기간 후 : 유선 취소 031-8012-6027 대기실 입장 본인 순서가 오면 원하는 강좌 접수중클릭 정보수집 등 동의 '확인' 클릭 '신청' 클릭 접수중 접수중 접수중 접수중 수강생 유의사항 홈페이지 접속(http://www.gew.kr/)하여 로그인 문화예술강좌 강좌 수강신청 학생강좌 원하는 강좌 접수중클릭 접수중 접수중 접수중버튼을 클릭하면 자동으로 대기실 입장 자동으로 새로고침이 되므로 '새로고침(F5)'을 클릭하지 마시기 바랍니다.","제출"
"접수중 접수중 대기실에서 본인 순서가 되면 하단의 화면으로 이동 원하는 강좌 접수중클릭 접수중 접수중 접수중 접수중 접수중 '개인정보활용동의서'를 읽고 '동의함'에 체크 '확인'클릭 '신청'클릭 소속학교, 휴대번호 정보 반드시 확인","제출"
"준비사항: 실습용 노트북 또는 데스크탑PC, 유튜브 수강용 태블릿 또는 스마트폰","준비물"
"접수기간: 2022. 2. 7.(월) ~ 2. 18.(금) 18:00","일정"
"접수 후 담당자 유선 확인 필수","기타"
"월 2회 이상 정기적인 학습모임 운영 필수","기타"
"경기도 내 부모를 대상으로 공개강좌 운영 필수 (1회 이상)","기타"
"교 재 없음 준비사항 유튜브 수강용 태블릿 및 스마트폰 1대와 실습용 노트북 또는 PC 1대 - 개인별로 실습용 노트북 또는 PC 1대 가 필요하며 마우스도 준비해주세요 수업전에 로블록스 회원가입(www.roblox.com)을 해야한다.","준비물"
"2. 2022학년도 초등학교 신입생 학부모를 위한 오리엔테이션 ""2022 행복한 학부모, 꿈꾸는 1학년"" 을 아래와 같이 실시하오니, 많은 신입생 학부모님 참여할 수 있도록 적극적으로 안내 하여 주시기 바랍니다.","일정"
"1) 일시: 2022. 2. 10.(목) 19:00 ~ 20:30","일정"
"3) 방법: 유튜브 생방송(https://www.youtube.com/watch?v hsQtw7VTgC4) 유튜브/''경기교사온TV 초등' 채널- 다시보기는 2.25.(금)까지 제공예정","일정"
"3-1. 음악분야 수업 프로그램 - 음악이론 강좌 3과목 동영상강의 진행 - 전공별 개인레슨은 담당교수님들과 1:1 대면수업 진행 (가천대학교 예술체육대학2) - 마지막 11주차 연주회 (가천대학교 예술체육대학2 예음홀)","일정"
"3-3. 미술수업 프로그램 - 드로잉, 입체분야 수업을 각각 5주 동안 미술실기 동영상강의 진행 - 실기강의를 시청 후, 작품을 제작하고 찍은 사진으로 담당 작가님과 피드백 진행 - 마지막 11주차 전시회 (예술영재교육원 미술실)","일정"
"5. 합격 후 제출서류 (요강 아래 서식1~서식4 참고) - 지원자 공통서류 제출날짜는 추후에 공지하겠습니다.","제출"
"본 지원서의 개인정보 수집 이용 제공에 동의합니다.","제출"
"지원자 성명 (서명) 보호자 성명 (서명) 서식 3 응급상황 관리 동의서 가천대학교 예술영재교육원에서는 학생들의 효율적인 건강관리 및 행사진행을 위하여 건강조사를 실시하고자 합니다.","제출"
"건강상 이유로 교육원에서 특별한 배려가 필요한 학생은 해당사항을 자세히 기록하여 제출 바랍니다.","제출"
"2. 건강상태 조사 설문 (치료중인 질병명, 알레르기 질환(식품, 아토피), 교육 활동 시 건강상 지장이 있어 배려해야 할 사항 등을 기재 부탁드립니다.) 서식 4 2022학년도 사회통합전형대상자 지원신청서 붙임 1 2022학년도 사회통합전형대상자 지정 범위 가천대학교 예술영재교육원 - 빨간색 사각형 안의 기준 해당자가 경제적 소외유형 대상자입니다.","제출"
"사회통합전형 대상자 확인 증빙 서류 제출서류는 위 표의 노란색 음영부분 참고 증빙서류는 제출일로부터 15일 이내 발급한 서류여야 함 건강보험료 납부확인은 영수증, 고지서, 납부확인서 중 택 1 표 가천대학교 예술영재교육원 Gachon University of Art-talented education institute 2022학년도 신입생 모집 요강 A전형 신입생 모집 요강 A전형 구분 미술 음악 계인원 50명 내외 60명 내외 110명 내외 구분 일자 및 시간 장 소 비 고등록 공고 2021. 07. 13 ~ 예술영재교육원 홈페이지 www.gatei.or.kr 접수 2021. 07. 19 (월) 09:00 ~ 07. 23 (금) 18:00 인터넷 접수 : 구글 폼 선착순 접수 음악전공 https://forms.gle/rAtSvKQsqrTwdP3s5 미술전공 https://forms.gle/C2U5yi8PtdcZTq8a9 구글 폼 신청서 작성 합격자 발표 2021. 07. 26 (월) 11:00 문자 개별 통보 등록 기간 2021. 07. 26 (월) ~ 07. 30 (금) 7/30(금) 18:00까지 등록 8/14 (토) 8/21 (토) 8/28 (토) 9/4 (토) 동영상강의 1주차 동영상강의 2주차 동영상강의 3주차 동영상강의 4주차 피아노 개인레슨 관현악 성악 개인레슨 9/11 (토) 9/25 (토) 10/16 (토) 10/23 (토) 동영상강의 5주차 피아노 개인레슨 관현악 성악 개인레슨 동영상강의 6주차 피아노 개인레슨 관현악 성악 개인레슨, 반주 동영상강의 7주차 동영상강의 8주차 10/30 (토) 11/6 (토) 11/13(토) 동영상강의 9주차 동영상강의 10주차 피아노 개인레슨 관현악 성악 개인레슨, 반주 연주회 (가천대학교 예음홀) 8/14 (토) 8/21 (토) 8/28 (토) 9/4 (토) 1주차 (드로잉 1회) 2주차 (드로잉 2회) 3주차 (드로잉 3회) 4주차 (드로잉 4회) 9/11 (토) 9/25 (토) 10/16 (토) 10/23 (토) 5주차 (드로잉 5회) 6주차 (입체 1회) 7주차 (입체 2회) 8주차 (입체 3회) 10/30 (토) 11/6 (토) 11/13(토) 9주차 (입체 4회) 10주차 (입체 5회) 전시회 (예술영재교육원 미술실) 구분 미술 음악 비고 금액 30만원 40만원 사회통합전형 대상자중 1순위(기회균등-경제적소외유형) 대상자만 수업료 전액 면제입니다.","제출"
"지원자 공통서류 사회통합대상자 추가서류 (1) 신입생 신상카드 및 입학동의서 (서식 1) (2) 생활기록부 1부 지원자의 직전학년이 기재된 생활기록부 제출 (ex.","제출"
"6학년 : 5학년 생활기록부 제출) 반드시 직인 또는 원본 대조필 필수 (3) 개인정보활용동의서 1부 (서식 2) (4) 주민등록등본 최근 3개월 이내 발급분만 유효 (5) 응급상황 관리 동의서 1부 (서식 3) (6) 사회통합대상자 지원신청서 1부 (서식 4) (7) 사회통합대상자 확인 증빙서류 각 1부 붙임1 사회통합대상자 증빙서류 참고 지원과정 음악 초등부 (전공 악기 : ) 중등부 (전공 악기 : ) 미술 초등부 중등부 학생 연락처 휴대폰 : E-mail : 학생 성명 (한글) 생년월일 (영문) 성별 남 여 학교 학교 소재지 경기도 시 학년 학년 반 주소 (우 ) 도로명 주소 보호자 부 성명 연락처 모 성명 연락처 E-mail 예술영재교육원 입학동의서 위 사람은 가천대학교 예술영재교육원 입학에 동의하며, 영재원 학생으로서 본분을 다할 것을 다짐하여 이에 서약서를 제출합니다.","제출"
"5. 교육원 출결관리 규정을 잘 준수하겠습니다 20 년 월 일 지원자 : 서명 또는 (인) 개인정보보호법 시행에 따른 개인정보수집 동의 여부 제공받는자 : 가천대학교 예술영재교육원 이용목적 : 건강관리 및 응급상황 발생 대비 개인정보항목 : 성명, 이름, 주소, 학부모 전화번호, 건강상태 보유 이용기간 : 2021학년도 개인정보 수집 및 이용목적에 동의합니다.","제출"
"따라서 응급상황 발생 시 처치에 대한 신속한 체계가 이루어질 수 있도록 응급처치(절차)에 대한 권한을 위 기관에 위임할 것에 동의합니다 학부모이름 : 서명 또는 (인) 성 명 성별 남 , 여 생년월일 학교 ( ) 학교 학년 전형 유형 지원 자격 사회통합 전형 기회균등전형 유형 ( 경제적 소외 유형 ) 제출 서류 명 본인은 2022학년도 가천대학교 예술영재교육원 사회통합전형에 지원하고자 합니다.","제출"
"개인정보 수집 이용, 제3자 제공 동의서 수집한 개인정보는 정보주체의 동의 없이 수집한 목적 외로 사용하거나 제3자 에게 제공되지 않습니다.","제출"
"동의를 거부할 수 있으며, 동의 거부 시 성남초등학교 2022년도 학교운영위원회지역위원 추천은 불가합니다.","제출"
"학생 수요를 반영한 특색있는 강좌를 운영하여 예술적 감성과 창의융합형 미래 역량 개발 강좌를 통해 관심 분야에 대한 흥미를 유발하여 사고확장의 기회를 제공 수강대상: 경기도교육청 소속 초 중 고등학생(1인 1강좌, 선착순모집) 수 강 료: 무료(단, 강좌별 교재비 및 재료비는 수강자 부담) 운영강좌:""코딩""등 강좌 등 총 70개 강좌 운영방법: ZOOM(https://zoom.us/)에서 실시간 강의 운영기간: 2022. 3. 14.(월) ~ 6. 9.(목) 법정 대체공휴일 휴강 운영시간 주 1회(100분), 총 12주 초등학생: 월~금 16:30 ~ 18:10 / 토 10:30 ~ 12:10 중 고등학생: 월~금 18:30 ~ 20:10 모집기간: 2022. 2. 24. 10:00 ~ 3. 8. 18:00 강좌별 신청시작일시가 상이하므로 3p 수강 신청 일정 꼭 확인 모집인원: 각 반별 20 ~ 25명(대기자 없음) 세부사항 2p 참조 개설 강좌(총 70개 강좌, 강좌별 모집인원 20 ~ 25명, 대기자없음) 초등 저학년/고학년은 학습수준에 따른 것으로 절대적인 것이 아님.","일정"
"수강신청일정: 강좌별 신청 시작일시가 상이하므로 반드시 확인","일정"
"강의실 주소 및 각종 운영 사항을 문자로 안내 예정이므로 신청 후에도 마이페이지에서 전화번호 재확인 권장","기타"
"강의 시작 10분 전 입장 필수","기타"
"출결 확인을 위해 반드시 수강생 성명과 소속학교명으로 참여","기타"
"'개인정보활용동의서'를 읽고 '동의함'에 체크","제출"
"신청기간 내 취소: 2022. 3. 8.(화) 18:00까지 인터넷으로 본인이 직접 취소","기타"
"신청기간 후 취소: 유선 취소 031-8012-6026","기타"
"병원진료 확인서, 체험학습 활동 신청서 등 서류제출 필요","제출"
"스마트폰(태블릿 PC)으로 참여: 앱스토어 또는 플레이스토어에서 'ZOOM Cloud Meetings'앱 설치","기타"
"교재비: 12,000원","비용"
"수강생 준비물: 노트북, 스크래치주니어 설치, 크롬 설치, 교재, 색연필, 필기도구","준비물"
"스크래치 코딩 C(수), D(목), E(금) 감성일러스트와 캐릭터 디자인(스케치북) A(월), B(화), C(수), D(금) 영상제작 교실 A(수), B(목), C(금) 로블록스로 만나는 메타버스 A(월), B(목), C(토) 마인크래프트 배우는 화학과 코딩 건축 A(화) 마인크래프트로 배우는 코딩 특강 !","일정"
"스크래치 코딩 C(수), D(목), E(금) 감성일러스트와 캐릭터 디자인(스케치북) A(월), B(화), C(수), D(금) 2. 25. 10:00~ 마인크래프트 배우는 화학과 코딩 건축 A(화) 13:00~ 마인크래프트로 배우는 코딩 특강 !","일정"
"A(목), B(금) 3. 2. 16:30~ 마인크래프트 배우는 화학과 코딩건축 A(월), B(수), C(목) 토리쌤과 함께하는 한국 팝업!","일정"
"준비사항 수강생 준비물: PC 또는 노트북","준비물"
"준비사항 수강생 준비물: 스케치북, 종이, 미술용 연필, 지우개, 색연필, 사인펜","준비물"
"준비사항 수강생 준비물: 스마트폰, 이어폰, 삼각대","준비물"
"준비사항 수강생 준비물: 1인 1PC, 로블록스 회원가입 PC 및 게임에 익숙치 않은 저학년 학생은 부모님과 함께 수강하는 것을 권장합니다.","준비물"
"준비사항 수강생 준비물: 12색 유성매직, 오공본드 재료비내역: 1회당 4천원 (재료비 총액:48,0원) 주 주제 내 용 비고 1 2022년 달력만들기(클레이조형) 당차고 힘차게 22년 달력을 만들어 우드에 색을 칠하고 호랑이 해 클레이로 호랑이를 만들어 본다.","준비물"
"준비사항: 마인크래프트 에듀케이션 프로그램 다운로드 (Microsoft Store에서 다운 가능)","기타"
"준비사항: 줌(zoom) 수업 참여용 기기(태블릿 혹은 핸드폰), 인터넷이 연결된 실습용 컴퓨터(노트북 가능, 크롬 브라우저 설치 필요)","기타"
"준비사항: ZOOM 수강용 PC나 노트북(웹캠, 스피커, 헤드셋 등), 파이썬 학습용 PC/노트북/스마트기기 중 하나, 인터넷(유선 또는 WIFI)","준비물"
"준비사항: 블렌더3D 소프트웨어(무료)","준비물"
"준비사항: 데스크탑 컴퓨터 (Windows 10 64비트, 쿼드코어 Intel 또는 AMD 2.5GHz 이상, 8GB RAM, DirectX 11 또는 DirectX 12 호환 그래픽 카드)","준비물"
"준비사항: 데스크톱 컴퓨터 (Windows 10 64비트, 쿼드코어 Intel 또는 AMD 2.5GHz 이상, 8GB RAM, DirectX 11 또는 DirectX 12 호환 그래픽 카드)","준비물"
"준비사항: 데스크톱 컴퓨터 (윈도우 10 64bit 또는 맥OS 10.14 모하비 이상)","준비물"
"준비사항 수강생 준비물: 공책과 연필 또는 노트북, 태블릿 등 글을 쓸 수 있는 도구","준비물"
"재료비 내역: 수업 종료 후 원하는 학생에 한해 전자책 발간(재료비 총액:1만원)","비용"
"준비사항 수강생 준비물: 필기도구, 가위, 테이프, 풀","준비물"
"재료비 내역: 50원/1회 택배비 50원 (재료비 총액: 650원)","비용"
"교 재 참고자료: 블렌더 공식 홈페이지 메뉴얼 준비사항 블렌더는 3D 모델링 소프트웨어로 컴퓨터 권장사양을 확인하여 신청해주시기 바랍니다.","준비물"
"타 영재교육기관(대학부설영재교육원, 경기도융합과학교육원, 영재학급 등)에 원서를 제출하거나 또는 합격하여 등록한 학생은 교육지원청부설 영재교육원에 지원 할 수 없음 (2중 지원시 불합격 처리함)","제출"
"영재교육원에 지원하는 학생은 선발기관에서 요구하는 서류(지원서, 자기보고서, 체크리스트 등)를 모두 작성해야 하며, 미 작성 시 지원이 불가하므로 부록1 을 참고하여 모두 작성 후 지원 바람.","제출"
"모집 분야 프로그램 세부 내용은 첨부된 프로그램 안내에서 확인하며, 일부 프로그램은 토요일 수업이 포함되어 있으므로 세부 일정을 확인 바람","일정"
"지원서 제출 시 부록1 의 지원 서류를 확인하여 함께 작성 (미제출 시 지원 불가)","제출"
"모든 지원 과정은 GED시스템에서 학교 추천 절차를 거쳐 지원함 (학생 지원 방법은 첨부된 GED 매뉴얼 참고)","제출"
"타 영재교육기관 원서를 제출하거나 또는 합격하여 등록한 학생은 교육지원청부설 영재교육원 에 지원할 수 없음 (2중 지원시 불합격 처리함)","기타"
"단, 지원하였으나 불합격한 학생은 지원가능 하며, 합격한 학생 중 등록 포기 시 지원 가능함","기타"
"모든 수업은 대면수업이 포함되어 있으므로 수업장소와 수업일정을 확인하고 지원바람","일정"
"영재교육원 수업 및 각종 프로그램에 참가하기 위한 교통 편의는 별도 제공하지 않으므로 수업 장소까지 이동하는 방법은 개인적으로 강구해야 함(학생 안전에 유의하기 바람)","기타"
"제출 대상: 1단계 프로그램 지원자 전원 (미제출 시 지원 불가)","제출"
"작성 기간: 2024. 3. 25.(월) ~ 3. 29.(금) 학생지원 기간에 GED에서 직접 작성","일정"
"작성 방법: GED에서 지원서 작성 시 자기보고서(학생용)에 작성( 1글자 입력 시 2byte)","제출"
"자기보고서는 작성 후 학생 지원기간 동안(교사추천 전까지) 수정이 가능하며, 메모장이나 한글에 작성하여 복사-붙여넣기 가 가능하므로 작성 시 참고 바람","제출"
"자기보고서를 작성하지 않거나 질문내용과 관련 없는 내용을 작성한 경우 또는 지정된 글자수 이내로 작성한 학생은 추첨 대상에서 제외될 수 있으므로, 작성 요령에 맞게 성실하게 작성 바람","제출"
"연구(탐구)해보고 싶은 주제와 내용을 간략히 쓰고 문항별로 띄어쓰기를 포함하여 200자(400byte)이상으로 작성","제출"
"지원방법 - GED시스템을 활용하여 학생이 직접 지원하며, 지원 방식은 동일함 - 선발요강 및 GED 학생 매뉴얼 참고 - 단, 학생지원 과정에서 소속학교는 '경기학교밖학교(지역명)'으로 입력함 (예시: 주소지가 성남인 경우 소속학교는 기관명을 '경기학교밖학교(성남)'으로 검색하여 선택함) - 영재교육원의 장이 정하는 서류 제출(필수, 미제출 시 지원불가) 라.","제출"
"제출서류 및 제출 방법 - 보호자 추천서 및 체크리스트(첨부5. 추천서 서식 참고), 주민등록등본(주소지 확인용) - 사회적배려대상자 전형으로 지원하는 경우 관련 증빙 서류 추가 제출 - 제출기간: 학생지원기간, 2024. 3. 25.(월) ~ 3. 29.(금) 17시까지 - 제출방법: 인편 제출하며, 사전에 전화(031-780-2699) 확인 바람 - 제출처: 주소지 소속 교육지원청으로 제출 성남지역: 성남시 분당구 양현로 20, 경기도성남교육지원청 2층 중등교육지원과(영재교육원) 마.","제출"
"15:30~17:45 융합 (수) 초3,4 20 인공지능과 함께하는 공공디자인 온라인(구글미트) (과학,예술,인공지능) 16:00~17:30 용인 융합 (수) 초3,4 20 지구의 힘으로 디자인해요 온라인(ZEP) (과학,수학,예술) 16:00~17:30 교육일정 및 수업내용은 교육지원청(영재교육원) 상황에 따라 변동 될 수 있음 온라인 수업 - 웹캠 사용 가능한 데스크탑 또는 노트북 준비 필수 2024년 광주하남교육지원청 부설영재교육원 4권역 1단계 프로그램 (초3,4학년) 2024년 광주하남교육지원청 부설영재교육원 4권역 1단계 프로그램 (초3,4학년) 2024년 광주하남교육지원청 부설영재교육원 4권역 1단계 프로그램 (초3,4학년) 2024년 성남교육지원청부설 영재교육원 4권역 1단계 프로그램 (초3학년/A반) 교육일정 및 수업내용은 교육지원청(영재교육원) 상황에 따라 변동 될 수 있음 2024년 성남교육지원청부설 영재교육원 4권역 1단계 프로그램 (초4학년/B,C반) 교육일정 및 수업내용은 교육지원청(영재교육원) 상황에 따라 변동 될 수 있음 2개의 학급(B반, C반)으로 운영되어 반별로 수업 순서(수업방식 포함)는 달라지며, 학생별 반배정 결과는 합격자 발표 시 안내함 2024년 안성교육지원청 부설영재교육원 4권역 1단계 프로그램 (초3,4학년) 교육일정 및 수업내용은 교육지원청 상황에 따라 변동 될 수 있음 2024년 안성교육지원청 부설영재교육원 4권역 1단계 프로그램 (초3,4학년) 교육 일정 및 수업내용은 교육지원청 상황에 따라 변동될 수 있음 2024년 양평교육지원청 부설영재교육원 4권역 1단계 프로그램 (초3,4학년) 교육일정 및 수업내용은 교육지원청(영재교육원) 상황에 따라 변동 될 수 있음 2024년 양평교육지원청 부설영재교육원 4권역 1단계 프로그램 (초3,4학년) 교육일정 및 수업내용은 교육지원청(영재교육원) 상황에 따라 변동 될 수 있음 웹캠 사용 가능한 데스크탑 또는 노트북 준비 필수 2024년 여주교육지원청 부설영재교육원 4권역 1단계 프로그램 (초3,4학년) 교육일정 및 수업내용은 교육지원청(영재교육원) 상황에 따라 변동 될 수 있음 2024년 용인교육지원청 부설영재교육원 4권역 1단계 프로그램 (초3,4학년 A반) 교육일정 및 수업내용은 교육지원청(영재교육원) 상황에 따라 변동될 수 있음 개인 온라인 수업 준비물","준비물"
"1. 수업 시청기기 1개(노트북 또는 태블릿PC 1대)","준비물"
"2. 수업 실습용 기기 2개(데스크톱PC 또는 고사양 노트북 1대 듀얼모니터 1대) 위 3개의 기기가 준비되지 않는 경우에는 수업 활동이 불가하니, 신중히 신청하시기 바람 2024년 용인교육지원청 부설영재교육원 4권역 1단계 프로그램 (초3,4학년 B반) 교육일정 및 수업내용은 교육지원청(영재교육원) 상황에 따라 변동될 수 있음 개인 온라인 수업 준비물 1. ZEP 활용 수업 시청기기 1개(고사양 노트북 1대)","준비물"
"1. 개인 온라인수업 준비물: 줌 수업용 기기 1대(태블릿PC)와 실습용PC 1대(데스크톱 또는 노트북) 가.","준비물"
"줌 수업용 기기로 스마트폰은 불가함(화면 크기가 작아서 수업 참여가 어려움) 다.","준비물"
"줌 수업용 기기는 태블릿PC 화면 크기 이상 필수","준비물"
"실습용 PC는 데스크톱PC 또는 노트북을 권장함(노트북을 사용하는 학생은 반드시 ""마우스""가 별도로 필요함)","준비물"
"웹캠 사용 가능한 데스크탑PC 또는 고사양 노트북은 학생 개별 준비 필수","준비물"
"135분 온라인 Zoom 19~21 6.21.(금) 16:00~18:15","일정"
"135분 온라인 Zoom 22~24 6.28.(금) 16:00~18:15","일정"
"135분 온라인 Zoom 25~27 7.05.(금) 16:00~18:15","일정"
"1. 홈페이지(https://ged.kedi.re.kr)에 접속합니다.","기타"
"2. GED에 처음 오신 분은 회원가입을 합니다.","제출"
"이미 회원가입을 한 학생은 꼭 이전 아이디를 사용하여 로그인 합니다.","기타"
"'회원가입'을 클릭합니다.","기타"
"'회원 이용약관에 동의합니다'를 모두 체크 후 '동의합니다'를 클릭합니다.","제출"
"성명, 성별, 생년월일을 입력 후 '가입이력 조회'를 클릭합니다.","제출"
"아이디를 입력 후 '아이디 중복확인'을 클릭하고 비밀번호와 비밀번호 확인을 모두 입력합니다.","제출"
"회원정보 입력시 가입구분에서 '학생'을 선택하며, 필수사항 모두 입력 바.","제출"
"14세미만 학생인 경우 보호자 정보 모두 입력하고, '작성완료'를 클릭합니다.","제출"
"'로그인 하러가기'를 클릭합니다.","기타"
"아이디와 비밀번호를 입력 후 '로그인'을 클릭합니다.","기타"
"자기보고서 작성 시 주의사항 15분이상 작성할 경우 로그인이 자동 해제되어 저장이 안될 수 있으므로 먼저 지원을 완료하신 후 메모장이나 한글에 작성하여 붙여넣기 바랍니다.","기타"
"학생용, 학부모용 체크리스트 모두 작성: 검사지작성 클릭하여 작성 후 저장","제출"
"8.지원유형선택 전형유형에서 일반전형과 사회통합전형 중 선택","제출"
"사회통합전형은 정원 10%이내에서 별도전형으로 선발하며, 사회통합전형을 선택한 경우 해당 증빙서류를 학교 담당선생님께 제출해야 함","제출"
"9.개인정보제공동의 동의사항을 모두 읽고 체크 후 저장 및 지원 을 클릭","제출"
"2. 지원서를 수정하려면 지원확인/수정/최소 클릭하고 수정 완료 후 저장 클릭","제출"
"작성하지 않은 검사지(체크리스트, 자기보고서)가 있는지 확인하여 모두 작성해야 함","제출"
"검사지 및 첨부파일은 교사 추천 이후에는 저장버튼이 없어지고 수정이 불가하므로 교사 추천 이전에 작성 및 수정 완료해야함","제출"
"추천 마감일까지 추천인 없음 또는 추천서 작성 중으로 나오는 경우 학교 담당선생님께 확인바람","기타"
"지원서 작성시 지원 기관에서 요구하는 서류 모두 작성 해야 지원 가능함(체크리스트, 자기보고서, 지원서 등)","제출"
"꼭 크롬 브라우저를 이용하세요!","기타"
"의견제출인 성명(명칭), 전화번호, 주소 기입","제출"
"개인정보수집동의여부 : 동의 / 미동의","제출"
"의견 (찬반여부 및 구체적인 사유)","제출"
"의견제출인 성명 (서명 또는 인)","제출"
"참가 희망자는 4월 10일부터 17일까지 경기도융합과학교육원 누리집(www.gise.kr)을 통해 신청하면 됩니다.","일정"
"힌트 글 그림 : 조재현 환경보건교육 해양환경교육 과학칼럼에 생태전환교육 환경생활교육 답이 있어요 응모기간 응모대상 까지 2023. 5. 19.(금) 학생 및 일반 참여방법 응모권에 정답을 적어 응모함(북카페에 비치)에 넣어주세요 당첨혜택 당첨자 발표 정답자를 추첨하여 2023. 5. 26.(금) 이후 소정의 선물을 드립니다 당첨자에 한해 개별 연락 지난호(vol.","일정"
"등록기간 : 2023년 3월 6일 ~ 2023년 3월 8일 다.","일정"
"구비서류 : 입후보자 등록서 1통 (교무실에 비치)","제출"
"2023년 3월 3일 성남초등학교운영위원회교원위원선출관리위원회위원장 교원위원 입후보자 등록서 본인은 위 기록이 틀림없음을 확인하며 2023학년도 제28기 성남초등학교운영위원회 교원위원으로 입후보 등록합니다.","제출"
"GED 시스템을 통해 학생이 직접 지원 서류를 작성하여 지원하고, 소속 학교(기관)에서 학교(교사)추천 과정을 통해 영재교육원 선교육 대상자로 추천하며, 추천 인원에 제한이 없음","제출"
"사회적배려대상자 전형의 미충원 인원은 일반전형 선발 인원에 추가하여 선발하며, 사회적배려대상자 전형으로 지원하는 학생은 지원 기간 안에 해당학교로 증빙자료를 제출해야 함","제출"
"동일 전형기간의 영재교육기관에는 이중 지원이 불가함 (이중 지원 확인 시 지원 취소 또는 합격이 취소됨)","기타"
"전형 기간이 다른 타 영재교육기관(대학부설영재교육원, 경기도교육청미래과학교육원, 영재학급 등)에 원서를 제출하였으나 합격자 발표가 나지 않은 경우, 지원은 할 수 있으나 이후 타 영재교육기관에 합격이 된 경우 즉시 영재교육원 지원을 포기하여야 함","기타"
"학생 지원 기간: 2024. 11. 25.(월) ~ 11. 29.(금) 18:00","일정"
"학생 지원 방법: 영재교육원 지원을 희망하는 학생이 GED시스템(http://ged.kedi.re.kr)에서 직접 지원서를 작성하여 제출 (지원학생 GED매뉴얼 참고)","제출"
"사회적배려대상자 전형으로 지원하는 경우 사회통합전형을 선택하여 지원","제출"
"지원 마감시간(29일 18시) 이후에는 지원이 불가하므로 지원 기간 안에 지원해야 함","일정"
"다양한 지원 전형 중에서 지원자가 전형유형을 선택하여 지원해야 하며, 일반전형 이외의 전형으로 지원하는 학생은 지원기간 안에 해당 증빙자료를 추천기관(영재교육원 또는 학교)으로 제출해야 함","제출"
"선교육 참여 방법 - 선교육 프로그램 운영: GED(영재교육종합데이터베이스) 활용 (원격교육 플랫폼) - GED 시스템 온라인학습에 접속하여 동영상으로 제작된 수업에 참여함 - 학년별 총 3주 수업(3가지 주제)이며, 주차별 5차시 수업으로 운영함(총 15차시) - 동영상 수업은 정해진 기간에만 시청이 가능하며, 기간이 종료되면 시청 불가함","일정"
"기타 유의사항 - 오리엔테이션 일정 및 선교육 참여방법은 선교육 대상자 명단 안내 시 함께 안내 예정 - 오리에테이션에서 선교육 참여방법 및 선발평가 관련 사항을 안내하므로 지원 학생 전원 참석(출석)해야 함 - 선교육 수업 내용에서 선교육 평가 문항을 출제함","일정"
"일시: 2025. 1. 15.(수) 10:00~11:30","일정"
"장소: 추후 안내","일정"
"2. 동일 전형 기간의 타 영재교육기관에 원서를 제출하거나 또는 합격하여 등록한 학생은 성남교육 지원청 부설 영재교육원에 지원할 수 없음 (이중 지원시 불합격 처리함) 단, 타 영재교육기관에 불합격한 학생은 지원 가능하며, 합격한 학생 중 등록을 포기한 학생은 지원이 가능함 3. 2025학년도에 성남지역 외 타지역으로 전학 예정자는 지원 및 추천을 제한함 4. 2025년 3월 기준으로 성남 관내 학교 재학생이 아닌 경우 합격이 최소되며, 학교 밖 청소년 의 주소지가 성남시 외 지역으로 변경되는 경우 합격이 취소되거나 제적처리 됨","기타"
"6. 영재교육원 수업 및 각종 프로그램에 참가하기 위한 교통 편의는 별도 제공하지 않으므로 수업 장소까지 이동하는 방법은 개인적으로 강구해야 함(학생 안전에 유의하기 바람) 7. 2026학년도 모집 학년 및 선발 인원은 변동될 수 있음","기타"
"지원방법 - GED시스템을 활용하여 학생이 직접 지원하며, 지원 방식은 동일함 - 선발요강 및 GED 학생 매뉴얼 참고 - 학생지원 과정에서 소속학교가 없는 학교밖청소년의 경우 소속학교를 '경기학교밖 학교(성남)' 으로 입력함 (학년은 출생년도 기준으로 하고, 반은 1반으로 입력함) - 영재교육원의 장이 정하는 서류 제출(필수, 미제출 시 지원 불가) 라.","제출"
"제출서류 및 제출 방법 - 보호자 추천서(서식1 참고), 주민등록등본(주소지 확인용) 각 1부 - 사회적배려대상자 전형으로 지원하는 경우 관련 증빙 서류 추가 제출 - 제출기간: 학생 지원기간, 2024. 11. 25.(월) ~ 11. 29.(금) 18시까지 - 제출방법: 인편 제출하며, 사전에 전화(031-780-2699) 확인 바람 - 제출처: 성남교육지원청부설 영재교육원으로 제출 (주소: 성남시 수정구 수정로 400. 창성중학교 2층 영재교육원) 마.","제출"
"기타 유의사항 - 소속학교가 있는 학교밖청소년은 소속 학교를 통해 지원함 - 지원과 관련한 세부 사항은 선발 요강을 참고함 - 영재교육원 수업 및 각종 프로그램에 참여하기 위한 교통 편의는 별도 제공하지 않으므로 수업 장소까지 이동하는 방법은 개인적으로 강구해야 하며(학생 안전에 유의), - 수업일정과 수업장소를 확인하고 지원 바람 아래 양식의 내용을 작성하여 제출처(영재교육원)로 인편제출하여 주시기 바랍니다.","기타"
"3. 추천 마감일 전에 교사추천이 완료되었는지 확인하기 추천 마감일까지 '추천인없음' 또는 '추천서작성중'으로 나오는 경우 학교담당선생님께 확인 학교심사통과/기관심사1단계심사중 교사(학교)추천 완료 / 선교육대상자로 추천 완료된 상태 1차응시자안내문을 확인하여 오리엔테이션 및 선교육 수업에 출석해야 함","기타"
"5. 선교육 오리엔테이션 및 수업(동영상) 참여하기 - 선교육 오리엔테이션 일정: 2024. 12. 12.(목) - 선교육 수업: 2024. 12. 16.(월) ~ 2025. 1. 3.(금) - 세부 일정은 선발요강 참고 - 선교육 수험표를 출력하여 수험표 및 안내사항 확인 6. 1단계 선발 결과 확인하기 1단계 합격자 발표일: 2024. 1. 10.(금) 예정 발표 방법 - GED시스템에서 확인(1단계 선발 결과 확인방법 참고 ) - 선교육 수험번호로 확인(영재교육원 홈페이지 공지 예정) - 12 - 1단계 선발 결과 확인하기 매뉴얼 1단계 선발 결과 확인 순서 요약 1 홈페이지(https://ged.kedi.re.kr) 접속하여 로그인하기 GED 시스템에서 학생 아이디로 로그인합니다.","일정"
"'2차응시자안내문'에서 영재선발평가 시험일정을 확인하여 시험일에 참석해야 함","일정"
"6. 1단계 합격자는 2단계 영재선발평가에 참여하기","기타"
"영재선발평가 수험표를 출력하여 수험번호 및안내사항 확인","준비물"
"축하합니다 최종합격하였습니다 2단계 최종합격 최종합격한 학생은 합격자 입학 등록을 해야합니다.","기타"
"3 합격 학생 합격자 등록하기 (필수)","제출"
"선발결과 최종 합격한 학생은 합격자 발표일까지 합격자 입학등록을 해야하며, 입학을 포기하고자 하는 학생은 영재교육원( 031-780-2699)으로 연락하여 주시기 바랍니다.","제출"
"3. 개인정보 활용동의 클릭","제출"
"선발요강에서 이후 일정을 확인하고 합격자 발표일에 합격 확인","일정"
"2차응시자 안내문에서 2단계 영재선발평가 시험 일정 확인","일정"
"합격자 등록하기 클릭하여 작성","제출"
"개인정보활용동의 클릭하여 작성","제출"
"2. 기 간: 2025. 3. 7.(금) ~ 2025. 6. 6.(금)","일정"
"제출 방법: 우편 또는 FAX 2025. 6. 6.(금) 18:00 마감일시까지 도착분에 한함","제출"
"제출 양식: 붙임3 의견 제출서다.","제출"
"보내실 곳: 우) 13590 경기도 성남시 분당구 양현로 20 경기도성남교육지원청 학생배치과 학생배치팀","제출"
"FAX) 031-784-7383라.","제출"
"기타 사항 팩스 제출시 도착 여부를 반드시 확인하시기 바랍니다.","기타"
"3. 의견 제출서(서식) 1부.","제출"
"제출 양식: 붙임3 의견 제출서 다.","제출"
"보내실 곳: 우) 13590 경기도 성남시 분당구 양현로 20 경기도성남교육지원청 학생배치과 학생배치팀 FAX) 031-784-7383 라.","제출"
"""미디어크리에터 아카데미""참가자 모집""ZOOM-IN"": 촬영기법의 하나로 대상물을 확대하여 촬영하는 기법으로 미디어를 자세히 집중적으로 교육 일 시 : 2024.04.06.(토)~06.01.(토), 매주(토요일) 10:00~12:00 2시간 9회 실시 장 소 : 분당정자청소년수련관 강의실 모집인원 : 초5~중3 20명(선착순 접수) 내 용 : 미디어크리에이터 전문교육 및 촬영기법 실습, 영화제 작품 출품 등 참 가 비 : 무료(교육비, 기자재비, 식 간식비 등) 회차별 교육내용회차주제내용필요기자재1(04.01.)오리엔테이션 & 청소년 창작물 감상미디어의 개념을 알아보고 우리 생활에서 어떻게 사용되고 있는지 알아보고 청소년이 만든 영상을 분석하는 시간을 가진다.빔프로젝터 or TV2(04.13.)아이템 선정 및 4막 구조 만들기영화를 만들기 위한 아이템을 선정하고 이를 기-승-전-결의 4막 구조로 발전 시켜본다.빔프로젝터 or TV,필기도구3(04.20.)시나리오 작성 및영상문법 학습기-승-전-결의 4막 구조를 10~15개의 씬으로 구성된 시나리오로 발전시키고 이를 영상으로 만들기 위한 '영상문법' (카메라 샷, 구도 등)을 학습해 줄 형식의 콘티를 구성한다.빔프로젝터 or TV,필기도구4(04.27.)촬영 1카메라, 마이크, 삼각대, 조명 등 촬영 장비에 대한 사용법을 숙지하고 시나리오에 맞추어 촬영을 진행한다.빔프로젝터 or TV,카메라, 삼각대, 마이크5(05.04.)촬영 26(05.11.)편집 1편집 프로그램인 '프리미어 프로'의 인터페이스를 익히고, 컷편집과 음악을 넣어보는 연습을 해본다.빔프로젝터 or TV,편집용 노트북7(05.18.)편집 2직접 촬영한 영화 클립을 가지고 편집을 진행한다.","일정"
"연 락 처 : 담당자 김무진 031-729-9535 참가신청 : QR 신청서(선착순) 접수 회차 주제 내용 필요기자재 1(04.01.) 오리엔테이션 & 청소년 창작물 감상 미디어의 개념을 알아보고 우리 생활에서 어떻게 사용되고 있는지 알아보고 청소년이 만든 영상을 분석하는 시간을 가진다.","제출"
"본인은 위 기록이 틀림없음을 확인하며 성남초등학교 2026년도 학부모회 (회장, 부회장, 감사)로 입후보 등록합니다.","제출"
"개인정보 수집 동의 거부 시 입후보자 등록 불가","제출"
"개인정보 제3자 제공 동의 거부 시 입후보자 등록 불가","제출"
"홈페이지 접속 후 회원가입 및 과목 선택","제출"
"교육등록비 납부 후 학습 시작","비용"
"수강신청 및 교육등록비 납부기간: 2021. 8.23.(월) ~ 9.5.(일)","일정"
"개인정보 제3자 제공 동의 예 아니요 수집한 개인정보는 정보 주체의 동의 없이 수집한 목적 외로 사용하거나 제3자에게 제공되지 않습니다.년 월 일성명 : (인)성남초등학교 학부모회 임원선출관리위원장 귀하","제출"
"1. 개인정보 수집 이용 동의(수집하는 개인정보의 항목) 개인정보항목 : 성명, 성별, 생년월일, 연락처, e-mail, 자녀학년, 주소, 경력 (개인정보 수집 목적) 성남초등학교 2026년도 학부모회 임원선출 및 운영을 위해 아래와 같은 목적으로 개인정보를 수집하고자 합니다.","제출"
"(개인정보 제3자 제공 동의 거부권리) 동의를 거부할 수 있으며, 동의 거부 시 성남초등학교 2026년도 학부모회 임원 입후보자 등록은 불가합니다.","제출"
"(방문) 117센터에 방문하여 신고","기타"
"경기도교육청국제교육원에서 2026 청솔랭귀지스쿨 초등 영어회화 Level 1~5 2기를 다음과 같이 진행하오니, 희망하는 학생들은 운영 개요 및 일정을 참고하여 신청하시기 바랍니다.","제출"
"보호자 학생 인솔 필수","준비물"
"신청 기간: 2026. 4. 27.(월) 09:00 ~ 5. 8.(금) 12:00","일정"
"위 사람을 제 26기 성남초등학교 학교운영위원회 지역위원으로 추천합니다.","제출"
"예, 아니요
직업및주요경력
추천사유
위 사람을 제 28기 성남초등학교 학교운영위원회 지역위원으로 추천합니다.","제출"
"개인정보보호법 제15조에 의거 성남초등학교 2023학년도 학교운영위원회와 관련하여 본인의 개인정보를 위와 같이 수집 이용하도록 하는데 아래 항목에 체크하시기 바랍니다.","제출"
"예, 아니오
경 력
사회경력, 운영위원 경력 등 기재
직 업입후보소 견본인은 위 기록이 틀림없음을 확인하며 제28기 성남초등학교운영위원회 학부모위원으로 입후보 등록합니다.","제출"
"드릴 말씀은 학생들의 건강보호 및 코로나19 감염병 확산을 예방하기 위하여 아래와 같이 학교 출입을 제한하고자 하오니 학부모님들의 적극적인 협조 부탁드립니다.
1. 학생 안전을 위해 학생 교육활동 시간 중 특별한 사유 없이 교내 방문 자제","건강·안전"
"2. 등하교 시간대에 학부모님의 자가용 등하교로 교문 주변이 혼잡하오니 부득이한 경우를 제외하고는 도보로 등교(차량 이용할 경우 교문에서 50m이상 떨어진 곳에서 하차 권장)
3. 등하교시 자녀를 배웅하거나 기다리실 때에도 교문에서 5m 떨어진 곳에서 기다리는 것을 원칙으로 합니다.","건강·안전"
"사회통합대상자 학교장 추천서 접수 기간: 2021년 8월 23(월) ~ 8월 31일(화)","일정"
"사회통합대상자 수강신청기간: 2021년 9월 2일(목) ~ 9월 5일(일)","일정"
"확인서 서식의 모든 항목은 필수 기재 항목입니다.","제출"
"정보주체(본인)동의사항 등 본인의 동의한 위 사무에 대한 행정정보를 이용기관이 전자정부법제36조에 따른 행정정보 공동이용을 통해 개인정보 보호법제23조에 따른 건강에 관한 정보나 같은 법 시행령 제19조에 따른 주민등록번호, 여권번호, 운전면허의 면허번호 또는 외국인등록번호가 포함된 행정정보를 처리하는데 동의합니다.","제출"
"일시: 9.23.(화) 17:00~18:30","일정"
"일시: 9.24.(수) 16:00~18:30","일정"
"2) 해당학생의 홈페이지 ID를 정확하게 기재해 주셔야합니다(희망 ID를 적는 것이 아님).","제출"
"3) 사회통합대상자 확인서는 학교 관계자(담임교사 혹은 영재교육담당교사)가 작성해야 하며, 학생이 임의로 작성하여 제출한 경우엔 무효처리 됩니다.","제출"
"5) 확인서에 학교장 직인 날인 후 스캔 또는 사진 촬영하여 학습하기-서류제출에서 신청합니다(팩스/우편/이메일 접수 불가).","제출"
"7) 사회통합대상자 확인서류 제출 후 승인 완료 여부를 확인하신 후에 수강 신청을 하여야 사회통합대상자 혜택을 받을 수 있습니다.","제출"
"접수 기간을 엄수하여 주시기 바랍니다.","일정"
"기간 1: 2021. 8. 23.(월) ~ 9. 5.(일) 회원가입, 수강신청, 교육등록비 납부 - 사회통합대상자의 경우 별도 신청 방법 안내에 따라 신청(11Page 참조)","일정"
"기간 2: 2021. 9. 13.(월) ~ 12. 5.(일) 학습기간 - 총 12주","일정"
"기간 3: 2021. 12. 5.(일) 1학기 학습 종료","일정"
"기간 4: 2021. 12. 6.(월) ~ 12. 31.(금) 복습기간 - 복습기간 중 과제 제출 불가","일정"
"기간 5: 2021. 1. 14.(금) 이후 온라인 이수증 발급","일정"
"기간 6: 2학기 중 전문가 온라인 특강 수강 기회 제공 - 2학기 수강신청자 무료 제공","일정"
"사회통합대상자 확인서 홈페이지 ID는 KAIST 사이버영재교육 홈페이지 'talented.kaist.ac.kr'에 가입한 후 기재할 것","제출"
"1) 확인서 서식의 모든 항목은 필수 기재 항목입니다.","제출"
"5) 확인서에 학교장 직인 날인 후 스캔 또는 사진 촬영하여 '학습하기-마이페이지-사회통합대상심사'에서 신청합니다.","제출"
"7) 사회통합대상자 확인서류 제출 후 승인완료 여부를 확인하신 후에 수강신청을 하여야 사회통합대상자 혜택을 받을 수있습니다.","제출"
"학생들이 자전거를 타고 학교에 등교하지 않도록 지도 부탁드립니다.","건강·안전"
"아울러, 학생들이 방과 후 또는 주말에 자전거를 탈 경우에도 '안전모 착용'과 같은 안전 수칙을 꼭 지킬 수 있도록 지도하여 주시기 바랍니다.","건강·안전"
"야간에는 전조등을 켜거나 발광장치 착용","건강·안전"
"안전속도 준수 등 과속 금지","건강·안전"
"운행 중 휴대전화 및 이어폰 사용 금지","건강·안전"
"자전거 통행 시 유의사항: 항상 안전모(머리 보호)를 착용하고 과속을 하지 않습니다.","건강·안전"
"미끄러지지 않는 운동화나 신발을 신고 갑작스러운 상황에 항상 대비합니다.","건강·안전"
"빗길, 눈길에는 자전거를 이용하지 않고 교통안전표지와 신호등을 준수합니다.","건강·안전"
"눈에 잘 띄도록 밝은 색 옷을 입고 타며 밤에는 자전거를 타지 않습니다.","건강·안전"
"자전거는 타기 전에 상태를 점검합니다.(브레이크 등 안전체크 필수)","건강·안전"
"자전거도로가 있으면 자전거도로에서 타야 합니다.","건강·안전"
"자전거도로가 없으면 도로의 오른쪽 끝부분에 붙어서 통행해야 합니다.","건강·안전"
"어린이, 노인, 신체장애인이 자전거를 탈 때는 인도에서 타도 됩니다.","건강·안전"
"그러나 천천히 타야 하며 보행자의 통행에 방해를 줄 경우 잠깐 멈춰야 합니다.","건강·안전"
"자전거횡단도가 있으면 표지판과 바닥에 자전거횡단도 표시가 되어 있는 곳으로 자전거를 타고 지나갑니다.","건강·안전"
"자전거횡단도가 없으면 자전거횡단도가 없는 횡단보도에서는 자전거에서 내려 끌고 지나갑니다.","건강·안전"
"자전거 사고 시 주변에 도움을 요청합니다.","건강·안전"
"보호자에게 연락하거나 경찰서 112, 소방서 119에 신고합니다.","건강·안전"
"보호자나 경찰이 올 때까지 다른 곳으로 떠나지 말고 기다려야 합니다.","건강·안전"
"사고를 낸 사람의 연락처나 차량번호를 적어둡니다.","건강·안전"
"주변에서 사고를 본 사람의 연락처와 이름을 적어둡니다.","건강·안전"
"주차된 차를 긁거나 부딪쳐 자동차에 손해를 입혔을 경우에는 반드시 연락처를 남깁니다.","건강·안전"
"픽시 자전거 운행 시 브레이크(앞바퀴 뒷바퀴) 장착 필수","건강·안전"
"수족구병 의심증상이 있는 경우 곧바로 가까운 의료기관에 방문하여 진료를 받고 전염력이 없어졌다고 의사가 판정할 때까지 학교(학원 포함)등 사람이 많이 모이는 장소에 가지 않도록 해주시기 바랍니다.","건강·안전"
"등교 시 의사소견서를 담임선생님께 제출 부탁드립니다.","제출"
"4. 의견 수렴 방법: https://forms.gle/2VGHfDoKsonyuT6X7 QR 코드를 스캔하면 설문에 응답하실 수 있습니다.","제출"
"동부교육지원청 수학과학융합교육센터에서 ""스마트 수학 탐험대""를 다음과 같이 진행하니, 관심있는 학생들은 신청하기 바랍니다.","제출"
"신청 기간: 2025. 9. 1.(월) 09:00 ~ 9. 7.(일) 17:00까지","일정"
"장소: 동부교육지원청 2층 정보화교육실(수학)","일정"
"선정 후 불가피하게 참여가 어려운 경우, 행사 일주일 전 참여 취소 연락이 필수입니다.","기타"
"장난감 만들기에 필요한 재료는 사전에 안내하여 준비할 수 있도록 함.","준비물"
"급식기간: 2025년 9월 1일(월) ~ 9월 30일(화) (총 22회)","일정"
"급식비: 4,323원","비용"
"아동의 안전과 위생적인 급식을 위해 개인 물통을 준비하여 주세요.","준비물"
"학교 식중독 예방을 위해 학교장 승인 없이 학부모 등의 임의 간식 제공을 금지합니다.","건강·안전"
"학교 인근에서의 부정불량 식품 매식을 삼가 주시기 바랍니다.","건강·안전"
"알레르기 정보: 알레르기 아동은 식단 옆의 숫자에 해당되는 알레르기 유발식품을 꼭 확인하여 주의바랍니다.","건강·안전"
"상담 신청 방법: 담임교사와 사전 일정, 상담 방법 조율 후 상담 실시","기타"
"상담 신청: 학급별 소통 창구로 개별 신청 (전화, 하이클래스 하이톡 등)","기타"
"교내 Wee 클래스 전문상담교사와의 상담 희망 시 교내번호 117로 문의","기타"
"상담 시작 전 자녀와 대화의 시간을 가지고 학교생활에 대해 담임선생님과 나누기를 원하는 내용을 숙지합니다.","기타"
"사회과 부도를 준비할 수 있도록 사전에 안내를 함.","준비물"
"사회과 부도를 참고하거나 세계 주요 기후에 관한 자료를 미리 조사해 오도록 해서 참고 자료로 활용할 수 있도록 함.","준비물"
"사회과 부도, 스마트 기기 등 다양한 자료를 활용하거나 조사 과제를 미리 부여한 후 자신이 조사한 자료를 참고하도록 함.","준비물"
"지구촌 환경문제를 조사하기 위한 인터넷이 가능한 스마트 기기를 준비하거나 사전에 환경문제에 관한 자료를 수집해서 가지고 올 수 있도록 안내함.","준비물"
"담임교사와 사전 일정, 상담 방법 조율 후 상담 실시","일정"
"학급별 소통 창구로 개별 신청(예: 전화, 하이클래스 하이톡 등)","기타"
"상담 시작 전 자녀와 대화의 시간을 가지고 학교생활에 대해 담임선생님과 나누기 원하는 내용을 숙지합니다.","기타"
"자녀가 픽시 자전거를 이용하거나 구매 요청 시, 반드시 위험성 설명 및 안전 운행 방법 지도(도로에서 스키딩 등 위험행위 금지)","건강·안전"
"자녀가 사용하는 자전거에 브레이크, 후미등 등 안전장치 장착 여부 확인","건강·안전"
"자전거 이용할 경우, 헬멧 보호대 등 보호장구를 반드시 착용하도록 지도","건강·안전"
"SNS, 유튜브 등 위험한 자전거 운행 콘텐츠 노출의 위험성 등 교육","건강·안전"
"음악을 크게 듣거나 시끄러운 PC방에서 몇 시간째 게임을 하거나 큰소리로 떠드는 것 등을 피합니다.","건강·안전"
"물놀이 후나 환절기 감기의 합병증으로 주로 생기는 중이염 등에 주의합니다.","건강·안전"
"소리의 강도를 80dB 이상으로 듣지 마세요.","건강·안전"
"소음 상황 시 이어폰 과사용 주의","건강·안전"
"밀폐형 이어폰 사용 자제","건강·안전"
"1시간 마다 10분 휴식","건강·안전"
"음량 제한 (최대 50%이내)","건강·안전"
"비누를 사용하여 흐르는 물에 자주 손을 깨끗하게 씻습니다.","건강·안전"
"눈을 함부로 비비지 말고, 얼굴을 만지지 않습니다.","건강·안전"
"송파가정통신제2025-153호 브레이크 없는 픽시자전거 이용 시교통안전지도 요청(담당: 생활안전부 414-0644) 브레이크 없는 픽시자전거 이용 시 교통안전지도 요청학부모님 항상 많은 관심과 사랑으로 학생들의 안전교육에 협조해주셔서 감사드립니다.","건강·안전"
"자녀들이 교통법규를 준수할 수 있도록 가정에서도 각별한 지도와 협조 부탁드립니다. 픽시자전거란?","기타"
"눈병이 의심되면 반드시 안과 전문의 진료를 받습니다.","건강·안전"
"전염성 결막염 유무를 파악하고 전염력이 없어질 때까지 등교를 중지합니다.","건강·안전"
"가을철 발열성 질환 감염 예방을 위해 잔디 위에 옷이나 침구를 말리거나 눕거나 잠을 자지 않습니다.","건강·안전"
"야외활동 전 기피제를 사용하고 긴 옷을 입어 피부 노출을 줄입니다.","건강·안전"
"흐르는 물에 30초 이상 세정제로 손을 씻습니다.","건강·안전"
"재채기를 할 때는 옷소매로 입을 가립니다.","건강·안전"
"음식은 85도 이상 익혀서, 물은 끓여 마십니다.","건강·안전"
"야외활동 시 긴 팔, 긴소매 옷을 입습니다.","건강·안전"
"감염이 의심되면 등원 등교하지 않고 병원 진료를 받으세요.","건강·안전"
"신청기간은 2025년 9월 9일(화)부터 9월 12일(금)까지입니다.","일정"
"신청방법은 온라인 링크를 통한 설문지 제출입니다.","제출"
"신청 도서에 대한 정보를 정확하게 적어주세요.","제출"
"외출할 때는 집에 목적지를 알리고 귀가 시간을 지킵니다.","기타"
"등하교 시 혼자 인적이 드문 골목이나 공터 등 위험한 곳을 피합니다.","건강·안전"
"집에 들어갈 때 따라오는 사람이 있는지 확인합니다.","건강·안전"
"집에 혼자 있을 경우 방문객이 오면 문을 열어주지 않습니다.","건강·안전"
"친구가 모르는 사람에게 끌려갈 때는 112에 신고합니다.","건강·안전"
"저학년 또는 혼자 등하교하는 학생은 보호자 동행을 권장합니다.","건강·안전"
"학생 수업 후 귀가 시간을 숙지하고 있어야 합니다.","일정"
"불법찬조금 납부 요구가 있을 시 신고하여 주시기 바랍니다.","기타"
"만일 어느 시점에서 자살을 감행하려는 전조나 불안한 기운을 느낀다면, 주저하지 말고 전문가의 도움을 요청합니다.","건강·안전"
"청소년 모바일 상담 '다들어줄개': 청소년 대상 24시간 무료상담- 익명으로도 상담이 가능하며, SNS나 앱, 문자(1661-5004)를 사용한 상담 제공","기타"
"일시 : 2025년 10월 2일(목) 09:00~14:20","일정"
"장소 : 본교 운동장 (당일 우천 시 본교 체육관에서 진행합니다.)","일정"
"준비물 : 송파초 티셔츠와 편한 바지 입기, 운동화 착용, 개인 물, 모자","준비물"
"행사 진행 중에는 자녀들이 운동회 프로그램에 집중하여 참여할 수 있도록 학생석에 가지 말아주시기 바랍니다.","기타"
"운동장 및 각종 시설은 학생들의 교육 공간이므로 깨끗하게 이용해 주시고, 가지고 오신 물품은 꼭 되가져 가시기 바랍니다.","기타"
"또한 참관 시 물 이외의 음료나 음식물 반입을 금지합니다.","기타"
"학부모님께서는 운동장에 준비된 학부모석(천막과 의자준비)에서 관람해주시기 바랍니다.","기타"
"개인정보보호 차원에서 사진촬영은 유의해주시기 바랍니다.","기타"
"학교도서관에 소장하여 이용하고 싶은 도서가 있는 가정에서는 아래 신청 방법을 참고하시어 신청을 해주시면 적극 반영하도록 하겠습니다.","제출"
"신청기간: 2025. 9. 9.(화) ~ 2025. 9. 12.(금)","제출"
"신청방법: 온라인 링크를 통한 설문지 제출 (아래 자세한 신청 방법 참고)","제출"
"- 최대 2번까지 제출이 가능합니다.https://forms.gle/FuxWWyMk99x3MtR3A 2025. 9. 9.서울송파초등학교장","제출"
"이에 흡연예방교육 자료를 보내드리니 자녀와 함께 아래의 내용을 읽어보시기 바라며, 뒷 페이지의 '가족과 함께하는 흡연예방 퀴즈'의 정답 을 적어 9월 26일(금)까지 보건실로 제출해주세요.","제출"
"9월 26일 금요일까지 보건실로 제출해주세요.","제출"
"신청 기간: 2025년 9월 24일 09:00 ~ 9월 30일 17:00","일정"
"행사 일주일 전 참여 취소 연락이 필수입니다.","기타"
"GED 지원 및 전형료 납부: 2025년 11월 5일~11월 10일 18:00까지","제출"
"창의적 문제해결력 평가 및 창의인성 평가: 2025년 12월 6일 08:30~","일정"
"초등학교 5학년 10.30.(목) 16:30~19:00 16 수학의 아름다움과 경이로움을 만날 수 있는책 여행!","일정"
"초등학교 6학년 10.31.(금) 16:30~19:00 16 지원청 장소 문의처 프로그램 신청 링크 선정 안내: 10. 2.(목)~ 동부 동부교육지원청4층 나눔의 방 (수학) 02-2210-1256 https://forms.gle/zLZpVmLcCjY94T2G7","일정"
"1. 일 정1) 5학년 1반: 11월 19일(수) 08:50~12:102) 5학년 2반: 11월 12일(수) 08:50~12:103) 5학년 3반: 11월 5일(수) 08:50~12:104) 5학년 4반: 10월 22일(수) 08:50~12:102. 장 소 : 한성백제박물관(송파구 위례성대로 71)3. 대 상 : 5학년 학생 전체4. 참가비: 무료5. 준비물: 간편한 복장, 운동화6 .","일정"
"세부일정08:50-09:25 학교 출발 및 한성백제박물관 (학교출발, 도보로 이동)09:25-09:30강사 소개 및 진행 순서 안내09:30-10:00 고구려의 성장과 한강 유역 진출 과정 이해하기 한강 유역 고구려 보루의 구조와 고구려 병사의 일상생활 탐구하기 삼국의 각축과 신라의 한강 유역 진출 과정 이해하기10:00-11:00 가상현실(VR)을 이용한 고구려의 유적과 유물 이해하기 몽촌토성 탐방을 통해 성벽과 보루 이해하기 11:00-11:25고구려 병사 피규어와 입체카드 만들기 11:25-11:30교육 마무리 및 만족도 설문 조사11:30-12:10한성백제박물관 출발 및 학교로 이동 학교 급식 및 5교시 후 하교합니다.7. 당일 교외체험학습 또는 결석 시 담임선생님께 하이톡으로 미리 연락 바랍니다.2025. 9. 30.서 울 송 파 초 등 학 교 장 송파가정통신제2025-169호 5학년 한성백제박물관현장체험활동 안내( 5학년부 414-0644) 08:50-09:25 학교 출발 및 한성백제박물관 (학교출발, 도보로 이동) 09:25-09:30 강사 소개 및 진행 순서 안내 09:30-10:00 고구려의 성장과 한강 유역 진출 과정 이해하기 한강 유역 고구려 보루의 구조와 고구려 병사의 일상생활 탐구하기 삼국의 각축과 신라의 한강 유역 진출 과정 이해하기 10:00-11:00 가상현실(VR)을 이용한 고구려의 유적과 유물 이해하기 몽촌토성 탐방을 통해 성벽과 보루 이해하기 11:00-11:25 고구려 병사 피규어와 입체카드 만들기 11:25-11:30 교육 마무리 및 만족도 설문 조사 11:30-12:10 한성백제박물관 출발 및 학교로 이동 송파가정통신제2025-169호 5학년 한성백제박물관현장체험활동 안내( 5학년부 414-0644) 08:50-09:25 학교 출발 및 한성백제박물관 (학교출발, 도보로 이동) 09:25-09:30 강사 소개 및 진행 순서 안내 09:30-10:00 고구려의 성장과 한강 유역 진출 과정 이해하기 한강 유역 고구려 보루의 구조와 고구려 병사의 일상생활 탐구하기 삼국의 각축과 신라의 한강 유역 진출 과정 이해하기 10:00-11:00 가상현실(VR)을 이용한 고구려의 유적과 유물 이해하기 몽촌토성 탐방을 통해 성벽과 보루 이해하기 11:00-11:25 고구려 병사 피규어와 입체카드 만들기 11:25-11:30 교육 마무리 및 만족도 설문 조사 11:30-12:10 한성백제박물관 출발 및 학교로 이동 송파가정통신제2025-169호 5학년 한성백제박물관현장체험활동 안내( 5학년부 414-0644) 08:50-09:25 학교 출발 및 한성백제박물관 (학교출발, 도보로 이동) 09:25-09:30 강사 소개 및 진행 순서 안내 09:30-10:00 고구려의 성장과 한강 유역 진출 과정 이해하기 한강 유역 고구려 보루의 구조와 고구려 병사의 일상생활 탐구하기 삼국의 각축과 신라의 한강 유역 진출 과정 이해하기 10:00-11:00 가상현실(VR)을 이용한 고구려의 유적과 유물 이해하기 몽촌토성 탐방을 통해 성벽과 보루 이해하기 11:00-11:25 고구려 병사 피규어와 입체카드 만들기 11:25-11:30 교육 마무리 및 만족도 설문 조사 11:30-12:10 한성백제박물관 출발 및 학교로 이동","일정"
"많은 협조 부탁드립니다.1. 급식기간 : 2025년 10월 1일(수) ~ 10월 31일(금) ( 총 17회 )2. 급 식 비 : 4,323원 3. 10월 예정식단표 ( 아래 식단은 학교사정 및 물가변동 등 시장 여건에 따라 변경될 수도 있습니다 )월요일 화요일 수요일목요일 금요일 10/110/210/3기장밥경상도식무국(5.6.16)모듬전(산적&동그랑땡)(1.2.5.6.8.10.15.16)오이도라지초무침(13)배추김치(9)송편급식우유(2)미니후리가케밥(1.2.5.6.9.13.16.18)어묵가쓰오장국(1.5.6)로제떡볶이(1.2.5.6.10.12.13.15.16.18)고구마&김말이튀김(1.2.5.6.8.9.12.13.16.17.18)깍두기(9)감귤주스(13)급식우유(2)개천절열량( )/단백질(g)/칼슘( )677.43/27.41/409.74821.06/27.96/519.41열량( )/단백질(g)/칼슘( )10/610/710/810/910/10아동의 안전과 위생적인 급식을 위해 개인 물통을 준비하여 주세요.- 학교 식중독 예방을 위해 학교장 승인 없이 학부모 등의 임의 간식 제공을 금지하며, 학교 인근에서의 부정불량 식품 매식을 삼가 주시기 바랍니다. 우리학교에서는 전통식문화 계승 발전 및 학교급식 만족도 향상을 위한 다양한 식단 제공과 조리방법 개선을 통해 생애주기에 맞는 식단 작성 및 건강한 급식 제공을 위해 노력하고 있습니다.- 알레르기 정보 : 알레르기 아동은 식단 옆의 숫자에 해당되는 알레르기 유발식품을 꼭 확인하여 주의바랍니다. 알레르기식품 : 1.난류 2.우유 3.메밀 4.땅콩 5.대두 6.밀 7.고등어 8.게 9.새우 10.돼지고기 11.복숭아 12.토마토 13. 아황산염 14.호두 15.닭고기 16.쇠고기 17.오징어 18.조개류(굴, 전복, 홍합 포함) 19.잣- 우리학교 영양기준량(주간평균:652.7 (주간평균 준수범위 : 544 ~ 665 ), (식단하단 영양공급량 표시 : 열량( )/단백질(g)/칼슘( )10/13 그린급식데이 10/1410/1510/1610/17현미밥배추된장국(5.6)오징어떡볶음(5.6.13.17)광어까스 드레싱(1.2.5.6.13)알타리김치(9)멜론급식우유(2)귀리밥닭한마리(5.6.13.15.18)어묵전(1.5.6)도토리묵채소무침(5.6.13)배추김치(9)포도&대추토마토(12)급식우유(2)쇠고기버터비빔밥(2.5.6.13.16)두부김치콩나물국(5.9)굴림만두강정(1.2.5.6.10.12.13.16)깍두기(9)조각배(과일)급식우유(2)오색현미밥근대된장국(5.6)돈육감자조림(2.5.6.10.13)크린베리아몬드멸치볶음(5.6.13)배추김치(9)오렌지(과일)급식우유(2)홍국쌀밥두부새우젓무국(5.6.9)수제비닭볶음(2.5.6.12.13.15.16.18)연근땅콩조림(4.5.6.13)배추김치(9)멜론급식우유(2)630.36/33.84/404.92653.94/32.32/393.19743.92/33.12/449.11612.52/31.57/461.14684.44/32.53/427.8410/20 그린급식데이 10/2110/22 국물없는 날 10/2310/24문어솥밥(5.6)열무된장국(5.6)회오리감자(5)함초김무말랭이무침사과(과일)(13)급식우유(2)옥수수밥옹심이미역국(5.6.13.17.18)바사삭오븐치킨(2.5.6.12.13.15.16.18)오이크래미냉채(5.6.13)배추김치(9)바나나(과일)급식우유(2)토마토미트소스스파게티(1.2.5.6.10.12.13.15.16)맛밤함박스테이크(1.2.5.6.10.12.13.15.16)양상추블루베리샐러드(1.2.5.6)깍두기(9)멜론급식우유(2)15곡밥(5)북어채무국(1.5.6)마파두부(5.6.10.12.13.18)애호박전(1.6)배추김치(9)조각배(과일)급식우유(2)흑미밥쇠고기무국(5.6.16.18)채소계란찜(1.9)어묵우엉잡채(1.5.6.13)배추김치(9)오렌지(과일)급식우유(2)515.19/20.29/388.09752.43/45.30/463.84839.59/33.25/441.83606.11/30.00/454.76611.89/25.77/445.6810/2710/2810/2910/3010/31밤밥참치감자찌개(5.6)언양식불고기&파채레몬소스(1.2.5.6.10.12.13.16.18)파래자반(13)배추김치(9)바나나(과일)급식우유(2)보리밥신김치청국장찌개(5.6.9)닭단호박조림(간장)(5.6.13.15)부추전(1.6)알타리김치(9)감귤급식우유(2)계란볶음밥(1.5.6.10.13.18)자장소스(2.5.6.10.13)유린기(2.5.6.13.15)깍두기(9)급식우유(2)멜론차조밥팽이버섯달걀국(1.5.6)돈육주꾸미볶음(5.6.10.13)감자채볶음배추김치(9)급식우유(2)사과(과일)(13)현미밥이북식닭곰탕(5.6.15.18)고기만두(1.5.6.10.13.16.18)애호박느타리버섯볶음(5.6.13.18)배추김치(9), 감귤급식우유(2)609.14/26.71/423.25682.69/39.04/446.63728.81/35.11/383.88647.91/34.23/420.92657.34/23.73/417.50식재료 원산지 안내품목원산지품목원산지쌀, 잡곡, 콩류국내산(무농약)김치(배추,무,고춧가루)국내산쇠고기/가공품국내산(한우)/국내산닭,오리고기,계란/가공품국내산(무항생제)/국내산돼지고기/가공품국내산(무항생제)/국내산수산물- 오징어 : 국내산- 문어: 모리타니아, 필리핀, 세네갈등- 주꾸미: 베트남2025. 9. 29.서 울 송 파 초 등 학 교 장 월요일 화요일 수요일 목요일 금요일 10/1 10/2 10/3 기장밥경상도식무국(5.6.16)모듬전(산적&동그랑땡)(1.2.5.6.8.10.15.16)오이도라지초무침(13)배추김치(9)송편급식우유(2) 미니후리가케밥(1.2.5.6.9.13.16.18)어묵가쓰오장국(1.5.6)로제떡볶이(1.2.5.6.10.12.13.15.16.18)고구마&김말이튀김(1.2.5.6.8.9.12.13.16.17.18)깍두기(9)감귤주스(13)급식우유(2) 개천절 열량( )/단백질(g)/칼슘( ) 677.43/27.41/409.74 821.06/27.96/519.41 열량( )/단백질(g)/칼슘( ) 10/6 10/7 10/8 10/9 10/10 아동의 안전과 위생적인 급식을 위해 개인 물통을 준비하여 주세요.- 학교 식중독 예방을 위해 학교장 승인 없이 학부모 등의 임의 간식 제공을 금지하며, 학교 인근에서의 부정불량 식품 매식을 삼가 주시기 바랍니다. 우리학교에서는 전통식문화 계승 발전 및 학교급식 만족도 향상을 위한 다양한 식단 제공과 조리방법 개선을 통해 생애주기에 맞는 식단 작성 및 건강한 급식 제공을 위해 노력하고 있습니다.- 알레르기 정보 : 알레르기 아동은 식단 옆의 숫자에 해당되는 알레르기 유발식품을 꼭 확인하여 주의바랍니다. 알레르기식품 : 1.난류 2.우유 3.메밀 4.땅콩 5.대두 6.밀 7.고등어 8.게 9.새우 10.돼지고기 11.복숭아 12.토마토 13. 아황산염 14.호두 15.닭고기 16.쇠고기 17.오징어 18.조개류(굴, 전복, 홍합 포함) 19.잣- 우리학교 영양기준량(주간평균:652.7 (주간평균 준수범위 : 544 ~ 665 ), (식단하단 영양공급량 표시 : 열량( )/단백질(g)/칼슘( ) 10/13 그린급식데이 10/14 10/15 10/16 10/17 현미밥배추된장국(5.6)오징어떡볶음(5.6.13.17)광어까스 드레싱(1.2.5.6.13)알타리김치(9)멜론급식우유(2) 귀리밥닭한마리(5.6.13.15.18)어묵전(1.5.6)도토리묵채소무침(5.6.13)배추김치(9)포도&대추토마토(12)급식우유(2) 쇠고기버터비빔밥(2.5.6.13.16)두부김치콩나물국(5.9)굴림만두강정(1.2.5.6.10.12.13.16)깍두기(9)조각배(과일)급식우유(2) 오색현미밥근대된장국(5.6)돈육감자조림(2.5.6.10.13)크린베리아몬드멸치볶음(5.6.13)배추김치(9)오렌지(과일)급식우유(2) 홍국쌀밥두부새우젓무국(5.6.9)수제비닭볶음(2.5.6.12.13.15.16.18)연근땅콩조림(4.5.6.13)배추김치(9)멜론급식우유(2) 630.36/33.84/404.92 653.94/32.32/393.19 743.92/33.12/449.11 612.52/31.57/461.14 684.44/32.53/427.84 10/20 그린급식데이 10/21 10/22 국물없는 날 10/23 10/24 문어솥밥(5.6)열무된장국(5.6)회오리감자(5)함초김무말랭이무침사과(과일)(13)급식우유(2) 옥수수밥옹심이미역국(5.6.13.17.18)바사삭오븐치킨(2.5.6.12.13.15.16.18)오이크래미냉채(5.6.13)배추김치(9)바나나(과일)급식우유(2) 토마토미트소스스파게티(1.2.5.6.10.12.13.15.16)맛밤함박스테이크(1.2.5.6.10.12.13.15.16)양상추블루베리샐러드(1.2.5.6)깍두기(9)멜론급식우유(2) 15곡밥(5)북어채무국(1.5.6)마파두부(5.6.10.12.13.18)애호박전(1.6)배추김치(9)조각배(과일)급식우유(2) 흑미밥쇠고기무국(5.6.16.18)채소계란찜(1.9)어묵우엉잡채(1.5.6.13)배추김치(9)오렌지(과일)급식우유(2) 515.19/20.29/388.09 752.43/45.30/463.84 839.59/33.25/441.83 606.11/30.00/454.76 611.89/25.77/445.68 10/27 10/28 10/29 10/30 10/31 밤밥참치감자찌개(5.6)언양식불고기&파채레몬소스(1.2.5.6.10.12.13.16.18)파래자반(13)배추김치(9)바나나(과일)급식우유(2) 보리밥신김치청국장찌개(5.6.9)닭단호박조림(간장)(5.6.13.15)부추전(1.6)알타리김치(9)감귤급식우유(2) 계란볶음밥(1.5.6.10.13.18)자장소스(2.5.6.10.13)유린기(2.5.6.13.15)깍두기(9)급식우유(2)멜론 차조밥팽이버섯달걀국(1.5.6)돈육주꾸미볶음(5.6.10.13)감자채볶음배추김치(9)급식우유(2)사과(과일)(13) 현미밥이북식닭곰탕(5.6.15.18)고기만두(1.5.6.10.13.16.18)애호박느타리버섯볶음(5.6.13.18)배추김치(9), 감귤급식우유(2) 609.14/26.71/423.25 682.69/39.04/446.63 728.81/35.11/383.88 647.91/34.23/420.92 657.34/23.73/417.50 식재료 원산지 안내품목원산지품목원산지쌀, 잡곡, 콩류국내산(무농약)김치(배추,무,고춧가루)국내산쇠고기/가공품국내산(한우)/국내산닭,오리고기,계란/가공품국내산(무항생제)/국내산돼지고기/가공품국내산(무항생제)/국내산수산물- 오징어 : 국내산- 문어: 모리타니아, 필리핀, 세네갈등- 주꾸미: 베트남 식재료 원산지 안내 품목 원산지 품목 원산지 쌀, 잡곡, 콩류 국내산(무농약) 김치(배추,무,고춧가루) 국내산 쇠고기/가공품 국내산(한우)/국내산 닭,오리고기,계란/가공품 국내산(무항생제)/국내산 돼지고기/가공품 국내산(무항생제)/국내산 수산물 - 오징어 : 국내산- 문어: 모리타니아, 필리핀, 세네갈등- 주꾸미: 베트남 월요일 화요일 수요일 목요일 금요일 10/1 10/2 10/3 기장밥경상도식무국(5.6.16)모듬전(산적&동그랑땡)(1.2.5.6.8.10.15.16)오이도라지초무침(13)배추김치(9)송편급식우유(2) 미니후리가케밥(1.2.5.6.9.13.16.18)어묵가쓰오장국(1.5.6)로제떡볶이(1.2.5.6.10.12.13.15.16.18)고구마&김말이튀김(1.2.5.6.8.9.12.13.16.17.18)깍두기(9)감귤주스(13)급식우유(2) 개천절 열량( )/단백질(g)/칼슘( ) 677.43/27.41/409.74 821.06/27.96/519.41 열량( )/단백질(g)/칼슘( ) 10/6 10/7 10/8 10/9 10/10 아동의 안전과 위생적인 급식을 위해 개인 물통을 준비하여 주세요.- 학교 식중독 예방을 위해 학교장 승인 없이 학부모 등의 임의 간식 제공을 금지하며, 학교 인근에서의 부정불량 식품 매식을 삼가 주시기 바랍니다. 우리학교에서는 전통식문화 계승 발전 및 학교급식 만족도 향상을 위한 다양한 식단 제공과 조리방법 개선을 통해 생애주기에 맞는 식단 작성 및 건강한 급식 제공을 위해 노력하고 있습니다.- 알레르기 정보 : 알레르기 아동은 식단 옆의 숫자에 해당되는 알레르기 유발식품을 꼭 확인하여 주의바랍니다. 알레르기식품 : 1.난류 2.우유 3.메밀 4.땅콩 5.대두 6.밀 7.고등어 8.게 9.새우 10.돼지고기 11.복숭아 12.토마토 13. 아황산염 14.호두 15.닭고기 16.쇠고기 17.오징어 18.조개류(굴, 전복, 홍합 포함) 19.잣- 우리학교 영양기준량(주간평균:652.7 (주간평균 준수범위 : 544 ~ 665 ), (식단하단 영양공급량 표시 : 열량( )/단백질(g)/칼슘( ) 10/13 그린급식데이 10/14 10/15 10/16 10/17 현미밥배추된장국(5.6)오징어떡볶음(5.6.13.17)광어까스 드레싱(1.2.5.6.13)알타리김치(9)멜론급식우유(2) 귀리밥닭한마리(5.6.13.15.18)어묵전(1.5.6)도토리묵채소무침(5.6.13)배추김치(9)포도&대추토마토(12)급식우유(2) 쇠고기버터비빔밥(2.5.6.13.16)두부김치콩나물국(5.9)굴림만두강정(1.2.5.6.10.12.13.16)깍두기(9)조각배(과일)급식우유(2) 오색현미밥근대된장국(5.6)돈육감자조림(2.5.6.10.13)크린베리아몬드멸치볶음(5.6.13)배추김치(9)오렌지(과일)급식우유(2) 홍국쌀밥두부새우젓무국(5.6.9)수제비닭볶음(2.5.6.12.13.15.16.18)연근땅콩조림(4.5.6.13)배추김치(9)멜론급식우유(2) 630.36/33.84/404.92 653.94/32.32/393.19 743.92/33.12/449.11 612.52/31.57/461.14 684.44/32.53/427.84 10/20 그린급식데이 10/21 10/22 국물없는 날 10/23 10/24 문어솥밥(5.6)열무된장국(5.6)회오리감자(5)함초김무말랭이무침사과(과일)(13)급식우유(2) 옥수수밥옹심이미역국(5.6.13.17.18)바사삭오븐치킨(2.5.6.12.13.15.16.18)오이크래미냉채(5.6.13)배추김치(9)바나나(과일)급식우유(2) 토마토미트소스스파게티(1.2.5.6.10.12.13.15.16)맛밤함박스테이크(1.2.5.6.10.12.13.15.16)양상추블루베리샐러드(1.2.5.6)깍두기(9)멜론급식우유(2) 15곡밥(5)북어채무국(1.5.6)마파두부(5.6.10.12.13.18)애호박전(1.6)배추김치(9)조각배(과일)급식우유(2) 흑미밥쇠고기무국(5.6.16.18)채소계란찜(1.9)어묵우엉잡채(1.5.6.13)배추김치(9)오렌지(과일)급식우유(2) 515.19/20.29/388.09 752.43/45.30/463.84 839.59/33.25/441.83 606.11/30.00/454.76 611.89/25.77/445.68 10/27 10/28 10/29 10/30 10/31 밤밥참치감자찌개(5.6)언양식불고기&파채레몬소스(1.2.5.6.10.12.13.16.18)파래자반(13)배추김치(9)바나나(과일)급식우유(2) 보리밥신김치청국장찌개(5.6.9)닭단호박조림(간장)(5.6.13.15)부추전(1.6)알타리김치(9)감귤급식우유(2) 계란볶음밥(1.5.6.10.13.18)자장소스(2.5.6.10.13)유린기(2.5.6.13.15)깍두기(9)급식우유(2)멜론 차조밥팽이버섯달걀국(1.5.6)돈육주꾸미볶음(5.6.10.13)감자채볶음배추김치(9)급식우유(2)사과(과일)(13) 현미밥이북식닭곰탕(5.6.15.18)고기만두(1.5.6.10.13.16.18)애호박느타리버섯볶음(5.6.13.18)배추김치(9), 감귤급식우유(2) 609.14/26.71/423.25 682.69/39.04/446.63 728.81/35.11/383.88 647.91/34.23/420.92 657.34/23.73/417.50 식재료 원산지 안내품목원산지품목원산지쌀, 잡곡, 콩류국내산(무농약)김치(배추,무,고춧가루)국내산쇠고기/가공품국내산(한우)/국내산닭,오리고기,계란/가공품국내산(무항생제)/국내산돼지고기/가공품국내산(무항생제)/국내산수산물- 오징어 : 국내산- 문어: 모리타니아, 필리핀, 세네갈등- 주꾸미: 베트남 식재료 원산지 안내 품목 원산지 품목 원산지 쌀, 잡곡, 콩류 국내산(무농약) 김치(배추,무,고춧가루) 국내산 쇠고기/가공품 국내산(한우)/국내산 닭,오리고기,계란/가공품 국내산(무항생제)/국내산 돼지고기/가공품 국내산(무항생제)/국내산 수산물 - 오징어 : 국내산- 문어: 모리타니아, 필리핀, 세네갈등- 주꾸미: 베트남 식재료 원산지 안내 품목 원산지 품목 원산지 쌀, 잡곡, 콩류 국내산(무농약) 김치(배추,무,고춧가루) 국내산 쇠고기/가공품 국내산(한우)/국내산 닭,오리고기,계란/가공품 국내산(무항생제)/국내산 돼지고기/가공품 국내산(무항생제)/국내산 수산물 - 오징어 : 국내산- 문어: 모리타니아, 필리핀, 세네갈등- 주꾸미: 베트남 월요일 화요일 수요일 목요일 금요일 10/1 10/2 10/3 기장밥경상도식무국(5.6.16)모듬전(산적&동그랑땡)(1.2.5.6.8.10.15.16)오이도라지초무침(13)배추김치(9)송편급식우유(2) 미니후리가케밥(1.2.5.6.9.13.16.18)어묵가쓰오장국(1.5.6)로제떡볶이(1.2.5.6.10.12.13.15.16.18)고구마&김말이튀김(1.2.5.6.8.9.12.13.16.17.18)깍두기(9)감귤주스(13)급식우유(2) 개천절 열량( )/단백질(g)/칼슘( ) 677.43/27.41/409.74 821.06/27.96/519.41 열량( )/단백질(g)/칼슘( ) 10/6 10/7 10/8 10/9 10/10 아동의 안전과 위생적인 급식을 위해 개인 물통을 준비하여 주세요.- 학교 식중독 예방을 위해 학교장 승인 없이 학부모 등의 임의 간식 제공을 금지하며, 학교 인근에서의 부정불량 식품 매식을 삼가 주시기 바랍니다. 우리학교에서는 전통식문화 계승 발전 및 학교급식 만족도 향상을 위한 다양한 식단 제공과 조리방법 개선을 통해 생애주기에 맞는 식단 작성 및 건강한 급식 제공을 위해 노력하고 있습니다.- 알레르기 정보 : 알레르기 아동은 식단 옆의 숫자에 해당되는 알레르기 유발식품을 꼭 확인하여 주의바랍니다. 알레르기식품 : 1.난류 2.우유 3.메밀 4.땅콩 5.대두 6.밀 7.고등어 8.게 9.새우 10.돼지고기 11.복숭아 12.토마토 13. 아황산염 14.호두 15.닭고기 16.쇠고기 17.오징어 18.조개류(굴, 전복, 홍합 포함) 19.잣- 우리학교 영양기준량(주간평균:652.7 (주간평균 준수범위 : 544 ~ 665 ), (식단하단 영양공급량 표시 : 열량( )/단백질(g)/칼슘( ) 10/13 그린급식데이 10/14 10/15 10/16 10/17 현미밥배추된장국(5.6)오징어떡볶음(5.6.13.17)광어까스 드레싱(1.2.5.6.13)알타리김치(9)멜론급식우유(2) 귀리밥닭한마리(5.6.13.15.18)어묵전(1.5.6)도토리묵채소무침(5.6.13)배추김치(9)포도&대추토마토(12)급식우유(2) 쇠고기버터비빔밥(2.5.6.13.16)두부김치콩나물국(5.9)굴림만두강정(1.2.5.6.10.12.13.16)깍두기(9)조각배(과일)급식우유(2) 오색현미밥근대된장국(5.6)돈육감자조림(2.5.6.10.13)크린베리아몬드멸치볶음(5.6.13)배추김치(9)오렌지(과일)급식우유(2) 홍국쌀밥두부새우젓무국(5.6.9)수제비닭볶음(2.5.6.12.13.15.16.18)연근땅콩조림(4.5.6.13)배추김치(9)멜론급식우유(2) 630.36/33.84/404.92 653.94/32.32/393.19 743.92/33.12/449.11 612.52/31.57/461.14 684.44/32.53/427.84 10/20 그린급식데이 10/21 10/22 국물없는 날 10/23 10/24 문어솥밥(5.6)열무된장국(5.6)회오리감자(5)함초김무말랭이무침사과(과일)(13)급식우유(2) 옥수수밥옹심이미역국(5.6.13.17.18)바사삭오븐치킨(2.5.6.12.13.15.16.18)오이크래미냉채(5.6.13)배추김치(9)바나나(과일)급식우유(2) 토마토미트소스스파게티(1.2.5.6.10.12.13.15.16)맛밤함박스테이크(1.2.5.6.10.12.13.15.16)양상추블루베리샐러드(1.2.5.6)깍두기(9)멜론급식우유(2) 15곡밥(5)북어채무국(1.5.6)마파두부(5.6.10.12.13.18)애호박전(1.6)배추김치(9)조각배(과일)급식우유(2) 흑미밥쇠고기무국(5.6.16.18)채소계란찜(1.9)어묵우엉잡채(1.5.6.13)배추김치(9)오렌지(과일)급식우유(2) 515.19/20.29/388.09 752.43/45.30/463.84 839.59/33.25/441.83 606.11/30.00/454.76 611.89/25.77/445.68 10/27 10/28 10/29 10/30 10/31 밤밥참치감자찌개(5.6)언양식불고기&파채레몬소스(1.2.5.6.10.12.13.16.18)파래자반(13)배추김치(9)바나나(과일)급식우유(2) 보리밥신김치청국장찌개(5.6.9)닭단호박조림(간장)(5.6.13.15)부추전(1.6)알타리김치(9)감귤급식우유(2) 계란볶음밥(1.5.6.10.13.18)자장소스(2.5.6.10.13)유린기(2.5.6.13.15)깍두기(9)급식우유(2)멜론 차조밥팽이버섯달걀국(1.5.6)돈육주꾸미볶음(5.6.10.13)감자채볶음배추김치(9)급식우유(2)사과(과일)(13) 현미밥이북식닭곰탕(5.6.15.18)고기만두(1.5.6.10.13.16.18)애호박느타리버섯볶음(5.6.13.18)배추김치(9), 감귤급식우유(2) 609.14/26.71/423.25 682.69/39.04/446.63 728.81/35.11/383.88 647.91/34.23/420.92 657.34/23.73/417.50 식재료 원산지 안내품목원산지품목원산지쌀, 잡곡, 콩류국내산(무농약)김치(배추,무,고춧가루)국내산쇠고기/가공품국내산(한우)/국내산닭,오리고기,계란/가공품국내산(무항생제)/국내산돼지고기/가공품국내산(무항생제)/국내산수산물- 오징어 : 국내산- 문어: 모리타니아, 필리핀, 세네갈등- 주꾸미: 베트남 식재료 원산지 안내 품목 원산지 품목 원산지 쌀, 잡곡, 콩류 국내산(무농약) 김치(배추,무,고춧가루) 국내산 쇠고기/가공품 국내산(한우)/국내산 닭,오리고기,계란/가공품 국내산(무항생제)/국내산 돼지고기/가공품 국내산(무항생제)/국내산 수산물 - 오징어 : 국내산- 문어: 모리타니아, 필리핀, 세네갈등- 주꾸미: 베트남 식재료 원산지 안내 품목 원산지 품목 원산지 쌀, 잡곡, 콩류 국내산(무농약) 김치(배추,무,고춧가루) 국내산 쇠고기/가공품 국내산(한우)/국내산 닭,오리고기,계란/가공품 국내산(무항생제)/국내산 돼지고기/가공품 국내산(무항생제)/국내산 수산물 - 오징어 : 국내산- 문어: 모리타니아, 필리핀, 세네갈등- 주꾸미: 베트남 식재료 원산지 안내 품목 원산지 품목 원산지 쌀, 잡곡, 콩류 국내산(무농약) 김치(배추,무,고춧가루) 국내산 쇠고기/가공품 국내산(한우)/국내산 닭,오리고기,계란/가공품 국내산(무항생제)/국내산 돼지고기/가공품 국내산(무항생제)/국내산 수산물 - 오징어 : 국내산- 문어: 모리타니아, 필리핀, 세네갈등- 주꾸미: 베트남 영양교육 우리나라 전통 명절 '추석' 우리 지역 제철 식재료","건강·안전"
"졸업앨범 구매 희망 여부를 정확히 표시하여 신청서를 담임 선생님께 제출해 주시고, 구매를 희망하시면 졸업앨범 대금을 스쿨뱅킹 계좌로 기일 내에 납입하여 주시기 바랍니다.","제출"
"또한 앨범 추가 신청 및 신청 후 취소는 어려울 수 있음을 알려드립니다.1. 앨범 가격: 78,0원2. 스쿨뱅킹 납부 기간: 2025.10.27.(월) ~ 2025.10.29.(수) 2025. 10. 15.서 울 송 파 초 등 학 교 장 --------------절----------------취----------------선------------- 6학년 졸업앨범 구매 신청서 10월 17일 금요일까지 담임선생님께 제출반이름졸업앨범 구매를 희망함졸업앨범 구매를 희망하지 않음보호자 확인(서명 또는 인) 구매 희망 여부에 (O 또는 )로 표시하시고, 보호자 확인 칸에 날인하여 주시기 바랍니다.","비용"
"인플루엔자 예방접종 방문 확인서소속 : (서울송파초등)학교 ( )학년 ( )반 성명: 위의 학생은 정부가 지원하는 2025-2026절기 인플루엔자 국가예방접종 대상으로 예방접종을 받기 위해 병원에 방문하였음을 확인합니다. 인플루엔자 접종관련 방문 내역 - 방문 병원명 : 발행일 : 2025년 월 일 기관 또는 보호자 확인 : (서명) 학생 또는 보호자가 ""예방접종도우미 누리집(https://nip.cdc.go.kr)""에서도 예방접종 확인 가능 인플루엔자 접종을 계획이 없거나 예방접종이 불가능한 경우 아래에 보호자 확인 서명 부탁드립니다.보호자확인 : (서명) 붙임1 예방접종 시행 동의서 질병관리본부에서는 안전한 예방접종 시행을 위해 보호자(법정대리인)가 동행하여 예방접종을 실시하도록 하고 있습니다.","건강·안전"
"귀하께서 접종대상자가 단독으로 의료기관에서 예방접종 받는 것에 동의할 경우 인플루엔자 예방접종 시행 동의서와 예진표를 작성하여, 접종대상자가 의료기관에 제출하고 예방접종을 받을 수 있도록 하여 주시기 바랍니다.","건강·안전"
"'예방접종 예진표'와 '소아청소년 대상 인플루엔자 예방접종 시행 동의서'는 반드시 보호자(법정대리인)가 작성하여야 하며, 관련 서식은 예방접종도우미 홈페이지(https://nip.cdc.go.kr) 예방접종관리 관련자료 다운로드에서 다운로드하여 사용하실 수 있습니다.","건강·안전"
"1. 예방접종하고자 하는 해당 백신을 표시해 주십시오. 인플루엔자: 3가 백신(국가비용지원)","제출"
"2. 인플루엔자 예방 백신 이외에 접종받지 않은 다른 백신이 있다면 함께 접종 받으시겠습니까?","제출"
"예 / 아니오 함께 접종 받기 원하는 백신을 직접 작성해 주십시오.( )3. 자녀의 예방접종 예진표를 작성하셨나요?","제출"
"예 / 아니오 4. 자녀가 예방접종 후 급성 중증 이상반응 발생 여부 관찰 등을 위하여 접종 후 20~30분간 접종 기관에 머무를 수 있도록 반드시 사전에 알려주십시오.","제출"
"예 5. 예방접종 후 이상반응 설명 및 미동행 확인 등을 위하여 연락 가능한 연락처를 정확하게 작성해 주십시오(휴대 전화번호: ) 접종 당일 자녀의 건강상태 및 의사의 예진 결과에 따라 예방접종이 연기될 수 있습니다.","제출"
"피접종자(대상자) 성명: 피접종자(대상자)와의 관계 : 보호자(법정대리인) 성명 : 20 년 월 일본인(법정대리인, 보호자) 성명: (서명/인) 붙임2 예방접종 예진표 송파가정통신제2025-175호 2025~2026절기 인플루엔자 독감 국가 무료 예방접종 안내 (담당: 보건교사 420-6013) 학부모님 가정에 건강과 행복이 가득하길 기원합니다.","제출"
"본교의 예방접종 현황을 파악하고자 하오니 번거로우시겠지만 뒷면의 예방접종 방문확인서를 작성하시어 보건실로 제출해 주시기 바랍니다.","제출"
"독감예방접종의 면역력은 접종 후 2주일부터이므로 빠른 시일내에 접종 부탁드립니다.","건강·안전"
"(2회 접종대상자) '25.9.22.(월) ~ '26.4.30.(목)","일정"
"(1회 접종대상자) '25.9.29.(월) ~ '26.4.30.(목)","일정"
"예방접종을 위해 의료기관 방문 시 반드시 보호자가 동반해야 합니다.","건강·안전"
"부득이하게 보호자가 함께 방문하기 어려운 경우 사전에 보호자(부모 또는 법정 대리인)가 작성한 '예방접종시행동의서' 및 '예방접종예진표'를 지참 시 의사 예진 후 예방접종 가능","건강·안전"
"붙임1 서식은 반드시 보호자(부모 또는 법정대리인)가 작성","제출"
"예방접종 전후 주의사항, 이상반응 등 반드시 사전숙지 필요","건강·안전"
"인플루엔자 진단 받은 경우 등교 중지(출석인정결석 가능)","건강·안전"
"의사소견서(확인서) 제출 - 진단명, 격리기간 명시","제출"
"인플루엔자 접종을 계획이 없거나 예방접종이 불가능한 경우 보호자 확인 서명 부탁드립니다.","제출"
"안전한 예방접종을 위하여 아래의 질문사항을 잘 읽어보시고, 본인(법정대리인, 보호자) 확인란에 기록하여 주시기 바랍니다.","제출"
"예방접종을 하기 전에 피접종자의 예방접종 내역을 예방접종통합관리시스템으로 사전 확인하는 것에 동의합니다.","제출"
"필수예방접종의 다음접종 및 완료 여부에 관한 정보를 휴대전화 문자로 수신하는 것에 동의합니다.","제출"
"예방접종 후 이상반응 발생 여부와 관련된 문자를 휴대전화로 수신하는 것에 동의합니다.","제출"
"일시: 2025. 11. 3.(월) ~ 11. 14.(금)","일정"
"일시: 2025. 11. 10.(월) 3교시","일정"
"일시: 2025년 10월 22일(수) 14:30~16:30","일정"
"신청방법: Google Forms 제출 (링크 또는 QR코드) 또는 e알리미 회신","제출"
"아픈 증상을 적어주십시오.( ) 예 아니오약이나 음식물(계란 포함) 혹은 백신접종으로 두드러기 또는 발진 등의 알레르기 증상을 보인 적이 있습니까? 예 아니오과거에 예방접종 후 이상반응이 생긴 일이 있습니까?","제출"
"있다면 예방접종명을 적어주십시오.","제출"
"(예방접종명: ) 예 아니오선천성 기형, 천식 및 폐질환, 심장질환, 신장질환, 간질환, 당뇨 및 내분비 질환, 혈액 질환으로 진찰 받거나 치료 받은 일이 있습니까?","제출"
"있다면 병명을 적어주십시오.( )","제출"
"경련을 한적이 있거나 기타 뇌신경계 질환(길랭-바레 증후군 포함)이 있습니까?","제출"
"암, 백혈병 혹은 면역계 질환이 있습니까?","제출"
"최근 3개월 이내에 스테로이드제, 항암제, 방사선 치료를 받은 적이 있습니까?","건강·안전"
"최근 1년 동안 수혈을 받았거나 면역글로불린을 투여받은 적이 있습니까?","건강·안전"
"최근 1개월 이내에 예방접종을 한 일이 있습니까?","건강·안전"
"(여성) 현재 임신 중이거나 또는 다음 한 달 동안 임신할 가능성이 있습니까?","건강·안전"
"본인(법정대리인, 보호자) 성명 : (서명)","제출"
"접종대상자와의 관계 :","제출"
"본인(법정대리인, 보호자) 확인","제출"
"필수예방접종의 다음접종 및 완료 여부에 관한 정보를 휴대전화 문자로 수신 하는 것에 동의합니다.","제출"
"오늘 아픈 곳이 있습니까?","건강·안전"
"약이나 음식물(계란 포함) 혹은 백신접종으로 두드러기 또는 발진 등의 알레르기 증상을 보인 적이 있습니까?","건강·안전"
"과거에 예방접종 후 이상반응이 생긴 일이 있습니까?","건강·안전"
"선천성 기형, 천식 및 폐질환, 심장질환, 신장질환, 간질환, 당뇨 및 내분비 질환, 혈액 질환으로 진찰 받거나 치료 받은 일이 있습니까?","건강·안전"
"내가 읽은 책의 결말 창의적으로 재해석하기 - 책의 결말을 새로 써보고 내가 상상하는 주인공의 모습 그리기 - 도서관에서 활동지 수령 후 성실히 작성하면 상품 증정","기타"
"우리 가족 함께 책 읽기 챌린지 - 일정 기간 가족 구성원 중 2인 이상이 함께 책을 읽는다 - 책을 읽은 후 배부된 활동지에 책 줄거리, 참여 소감 등을 적는다 - 성실히 참여한 가족에게 '우리 가족이 함께 읽고 싶은 책' 증정","제출"
"우리 교육청은 2026년 늘봄학교 추진과 관련하여 명칭으로 인한 학교 현장의 혼란을 최소화하고자, 학부모님과 교직원분들의 소중한 의견을 듣는 늘봄학교 명칭 관련 설문조사를 진행합니다.","제출"
"격리 일자가 적힌 의사소견서 또는 등교가능한 일자가 적힌 소견서를 제출해 주시기 바랍니다.","제출"
"일시 및 장소: 11.14.(금) 10:00~12:00 시청각실","일정"
"알레르기 아동은 식단 옆의 숫자에 해당되는 알레르기 유발식품을 꼭 확인하여 주의바랍니다.","건강·안전"
"등교 시간: 9:40~10:00","일정"
"아침돌봄교실: 07:30~09:50 (1시간 연장)","일정"
"고농도 미세먼지 발생 시에는 실외 활동을 자제하시기 바랍니다.","건강·안전"
"학생들이 등 하교 시 보건용 마스크(KF)를 착용할 수 있도록 안내 부탁드립니다.","건강·안전"
"1. 조사내용: 늘봄학교 명칭 관련 설문조사2. 조사기간: 2025. 10. 13.(월) ~ 10.24.(금)","일정"
"1. 급식기간 : 2025년 12월 1일(월) ~ 2026년 2월 11일(수) ( 총28회 )","일정"
"2. 급식비 : 4,323원","비용"
"학교 식중독 예방을 위해 학교장 승인 없이 학부모 등의 임의 간식 제공을 금지하며, 학교 인근에서의 부정불량 식품 매식을 삼가 주시기 바랍니다.","건강·안전"
"알레르기정보: 알레르기 아동은 식단 옆의 숫자에 해당되는 알레르기 유발식품을 꼭 확인하여 주의바랍니다.","건강·안전"
"본교는 학년말 탄력적인 학사 운영에 따라 수업 시간이 변경되오니 학부모님들께서는 하교 시각을 꼭 확인해주시기 바랍니다.","일정"
"금년 배정 발표일은 2026년 1월 29일(목)입니다.","일정"
"중학교 입학등록은 학교에서 배부한 배정통지서를 지참하여 배정받은 중학교에 방문하여야 하며, 등록은 배정통지서 교부일인 1월 29일(목)부터 가능합니다.","일정"
"접수기간 2026. 1. 5.(월)~2026. 1. 16.(금)","일정"
"3월3일(화) 일정 안내 - 1학년: 입학식 후 급식하지 않고 12시에 하교","일정"
"2~6학년: 4교시 수업, 급식 후 하교","일정"
"돌봄교실은 정상 운영, 단 1학년은 3.4.(수)부터 운영됨","일정"
"1학년은 3. 4.(수)~3. 6.(금) 4교시 수업, 급식 후 하교","일정"
"일시: 2025년 10월 2일(목)","일정"
"장소: 서울송파초등학교 운동장","일정"
"운동회 당일 학교 출입은 본 안내장으로 확인합니다.","기타"
"10:40~10:50 학부모 줄다리기(희망자)","일정"
"학부모님께서는 학부모석에서만 관람해 주시고 사진 촬영 시 개인정보 보호에 유의하여 주시기 바랍니다.","기타"
"물 이외의 음료나 음식물 반입을 금지합니다.","건강·안전"
"13:40~13:50 학부모 줄다리기(희망자)","일정"
"수강기간: 2026. 3. 9.(월) ~ 2026. 5. 29.(금) 총 12주","일정"
"수강신청 기간: 2026. 3. 4.(수) 12시 ~ 2026. 3. 5.(목) 14시 (선착순 아님, 정원 초과시 전산 추첨 후 개별 안내)","일정"
"수강신청 방법: 코디마스터 프로그램을 활용한 스마트폰(온라인) 접수.","기타"
"예비 후순위 포함하여 동일시간 중복 신청 불가","기타"
"수강신청 문자는 3. 3.(화) 13시에 일괄 발송되며, 미수신 시 꼭 접수 기한 내에 방과후지원실로 문의하여야 함.","일정"
"3. 5.(목) 15시부터 전산 추첨하며, 추첨 결과는 3 5.(목) 16시부터 스마트폰 접수 URL에 접속하여 신청결과 확인이 가능합니다.","일정"
"수강료 납부: 2026. 3. 23.(월) ~ 3. 25.(수)에 스쿨뱅킹 계좌에서 출금 예정","비용"
"납부기간 내 학교 스쿨뱅킹 통장 출금, 또는 신용카드 납부 처리(자동승인)되오니 통장잔액을 미리 확인하시기 바랍니다.","비용"
"이체일정과 이미 결제 되면 환불 후 재결제가 어려우니 결제 전에 계좌나 카드변경사항 있으시면 이체일정 전에 꼭 바꾸시 바랍니다.","비용"
"2026학년도 자유수강권 대상자는 60만원의 범위 내에서 지원하며, 자세한 사항은 자유수강권 안내 사항을 참고하시기 바랍니다.","비용"
"50% 미만 출석 시 다음 분기 지원이 중지될 수 있습니다.","기타"
"방과후교실 수업 중 고가의 물품(휴대폰, 닌텐도 등)을 소지하다 분실 또는 파손될 경우, 보상 처리가 불가합니다.","건강·안전"
"이에 따른 불미스러운 일이 생기지 않도록 사용 및 소지를 금하고 있습니다.","건강·안전"
"2026년 서울송파초등학교 방과후교실 위탁운영사 미래엔에듀파트너가 코디마스터 프로그램을 이용하여 수강신청을 받기 위하여 아래와 같이 개인정보활용 동의를 요청합니다.","제출"
"수집항목: 학생 이름, 학년, 반, 번호, 보호자 성명 및 휴대폰번호","제출"
"동의를 거부할 경우 방과후교실에 참여할 수 없습니다. 수집된 모든 개인정보는 이용 목적(방과후교실 수강신청, 설문조사, 가정통신문, 문자알림) 이외의 용도로 활용되지 않으며, 보유기간 이후 자동 삭제됨을 알려드립니다.","제출"
"개인정보보호법 제 15조, 제 22조에 근거하여 학생과 학부모의 개인정보에 대해 정보 주체의 동의를 받고자 합니다.","제출"
"수강 신청 기간 : 코디마스터 신청 화면에서 신청기간 내 학부모 직접신청 및 취소 가능함 나.","일정"
"신청 기간 이후 : 수강 중인 해당 강좌 강사님께 직접 취소 연락, 방과후 지원실이나 학교로 전화하셔도 취소 반영(처리)이 되지 않습니다.","기타"
"AfterEdu.kr/ABCDEFG123456789"" 아동명 2) 희망강좌 확인 및 신청 문자 링크를 접속하여 학생명과 신청기간을 반드시 확인한 후, 수강신청을 터치하여 신청화면으로 이동합니다. 강좌명을 터치하면 강좌에 대한 상세 정보를 확인하실 수 있습니다. 강좌명 우측의 ""신청하기"" 버튼을 터치하면 신청이 완료됩니다.","제출"
"010-5794-66400학년0반0번 김송파코딩마스터신청합니다.교육대상본교 1학년 ~ 6학년교육장소도서관건물 2층 컴퓨터 1실신청기간2026년 3월 4일 (수) ~ 3월 5일 (목) 각반 선착순 마감 시 추첨 (정원 30명)교육기간2026년 3월 9일(월) ~ 5월 29일(금) 12주 수업 공휴일 및 재량휴업일 : 5/1(금), 5/4(월) 자율휴업일, 5/5(화) 어린이날, 5/25(월) 대체공휴일 (수강료에 포함되지 않습니다.)과정명디지털주니어A1,2학년월,목월 1:00-1:50수강료:(차시별금액)22차시 4,800원/ 105,600원교재비:(교재10%할인)14,0원 12,600원목 1:50-2:40디지털주니어B1,2학년금1:00-2:40수강료:(차시별금액)11차시 9,600원/ 105,600원교재비:(교재10%할인)14,0원 12,600원스마트오피스3,4학년월2:00-4:05수강료:(차시별금액)10차시 12,0원/ 120,0원교재비:(교재10%할인)28,0원 25,200원코딩마스터3,4학년화1:50-3:55수강료:(차시별금액)11차시 12,0원/ 132,0원교재비:(교재10%할인)37,0원 33,300원창의융합클래스3~6학년목,금2:50-4:05수강료:(차시별금액)23차시 7,200원/ 165,600원교재비:(교재10%할인)28,0원 25,200원SW자격챌린지4~6학년수1:50-4:20수강료:(차시별금액)12차시 14,400원 /172,800원교재비:(교재10%할인)18,0원 16,200원신청방법( , 중택1) 링크신청https://naver.me/F8uT0r2K e알리미에서 받은 URL 클릭하여 신청 / 우측 QR코드 문자신청010-5794-6640(예) 0학년 0반 0번 김송파 코딩마스터 신청합니다.교육상담 010-5794-6640 (송희진 선생님)유의사항 컴퓨터 교육의 연속성을 위해서 제1기 수강생에게 제2기 우선 수강의 기회가 있습니다. 수강료 인출, 자유수강권, 다자녀 지원, 환불 등 수강 유의사항은 송파초 방과후교실 프로그램의 기준에 의하여 처리됩니다.","비용"
"010-5794-6640 0학년0반0번 김송파 코딩마스터 신청합니다.","제출"
"3. 서울송파초등학교장 송파가정통신제 2026-2호 2026학년도 방과후 컴퓨터교실 1분기 수강신청 안내 월 화 수 목 금디지털주니어 A (1~2학년)1:00-1:50 디지털주니어 B (1~2학년)1:00-2:40 스마트오피스 (3~4학년)2:00-4:05 코딩마스터 (3~4학년)1:50-3:55 SW자격챌린지(4~6학년)1:50-4:20 디지털주니어 A (1~2학년)1:50-2:40 창의융합클래스(3~6학년)2:50-4:05 창의융합클래스(3~6학년)2:50-4:05 교육대상 본교 1학년 ~ 6학년 교육장소 도서관건물 2층 컴퓨터 1실 신청기간 2026년 3월 4일 (수) ~ 3월 5일 (목) 각반 선착순 마감 시 추첨 (정원 30명) 교육기간 2026년 3월 9일(월) ~ 5월 29일(금) 12주 수업 공휴일 및 재량휴업일 : 5/1(금), 5/4(월) 자율휴업일, 5/5(화) 어린이날, 5/25(월) 대체공휴일 (수강료에 포함되지 않습니다.) 과정명 디지털주니어A 1,2학년 월,목 월 1:00-1:50 수강료:(차시별금액) 22차시 4,800원/ 105,600원 교재비:(교재10%할인) 14,0원 12,600원 목 1:50-2:40 디지털주니어B 1,2학년 금 1:00-2:40 수강료:(차시별금액) 11차시 9,600원/ 105,600원 교재비:(교재10%할인) 14,0원 12,600원 스마트오피스 3,4학년 월 2:00-4:05 수강료:(차시별금액) 10차시 12,0원/ 120,0원 교재비:(교재10%할인) 28,0원 25,200원 코딩마스터 3,4학년 화 1:50-3:55 수강료:(차시별금액) 11차시 12,0원/ 132,0원 교재비:(교재10%할인) 37,0원 33,300원 창의융합클래스 3~6학년 목,금 2:50-4:05 수강료:(차시별금액) 23차시 7,200원/ 165,600원 교재비:(교재10%할인) 28,0원 25,200원 SW자격챌린지 4~6학년 수 1:50-4:20 수강료:(차시별금액) 12차시 14,400원 /172,800원 교재비:(교재10%할인) 18,0원 16,200원 신청방법( , 중택1) 링크신청 https://naver.me/F8uT0r2K e알리미에서 받은 URL 클릭하여 신청 / 우측 QR코드 문자신청 010-5794-6640(예) 0학년 0반 0번 김송파 코딩마스터 신청합니다.","일정"
"1~2분기 연속과정 :2026년 8월 시험 응시예정 수강료172,800원 교재비18,0원16,200원","비용"
"자전거, 킥보드, 인라인스케이트 등은 공원이나 자전거 도로 등 차량이나 보행자와의 충돌 없이 안전하게 이용할 수 있는 장소에서 타도록 합니다.","건강·안전"
"전동형 킥보드는 어린이(만 13세 미만) 운전 금지","건강·안전"
"가급적 사용을 지양하되, 사용 시 반드시 원동기 면허 이상 보유","건강·안전"
"안전모(헬멧) 착용","건강·안전"
"안전모 미착용 적발 시 범칙금 2만원","건강·안전"
"2인 이상 탑승 적발 시 벌침금 4만원","건강·안전"
"교통신호를 준수하고, 자전거 도로를 이용해 통행","건강·안전"
"보도 주행 적발 시 범칙금 3만원","건강·안전"
"횡단보도를 건널 경우 킥보드에서 내려서 킥보드를 밀면서 걸어서 횡단","건강·안전"
"차량을 이용한 등 하교는 금합니다.","건강·안전"
"학교 주변은 어린이보호구역으로 주 정차 금지 구역이며, 다른 학생들의 안전을 위해 차량을 이용한 등 하교는 자제 부탁드립니다.","건강·안전"
"몸이 불편하거나 아픈 경우(다리 부상) 등 정상적인 등교가 어려운 학생에게만 보호자가 동반할 경우 예외적으로 허용합니다.","건강·안전"
"이러한 이유로 우리 학교에서는 바퀴 달린 탈 것(자전거, 전동킥보드, 바퀴 달린 신발 등)을 이용한 등 하교를 금지(학부모와의 동승 포함)하고 학생들이 걸어서 통학하는 것을 원칙으로 하고 있으며 자동차의 경우 스쿨존 이외에서만 승 하차 할 수 있도록 가정에서도 협조와 지도를 부탁드립니다.","건강·안전"
"아울러 주말이나 휴일에 자전거를 탈 경우에도 아래와 같은 안전 수칙을 꼭 지킬 수 있도록 지도 바랍니다.","건강·안전"
"자동차를 이용한 등 하교는 스쿨존을 제외한 위치에서 승 하차하여 등 하교를 할 수 있도록 합니다.","건강·안전"
"안전수칙을 철저히 지키고 보호장비를 꼭 착용하여 등 하교 시간을 제외한 시간에 탈 수 있도록 합니다.","건강·안전"
"서비스가 필요하신 학부모님은 신청하시기 바랍니다.","제출"
"아래 내용을 참고하시어 서비스를 신청해주세요.","제출"
"신청기간 : 3월 4일 ~ 3월 20일까지 (신청 상시 가능 / 단, 할인 상품 종료 될 수 있음)","일정"
"T-안심알리미 신청 안내 (상시 가능 / 뒷면 참조 하세요)","제출"
"이용료 : 33,0원 / 1년 배송료 : 3,0원 (수익자부담) 단말기 구매비 : 0원 (1회 무상)","비용"
"이용료 : 3,300원 / 1개월 배송료 : 3,0원 (수익자부담) 단말기 구매비 : 11,0원 (1회성)","비용"
"신청기간: 2026.3.3.~3.31까지 (신청기간 이후에는 무료체험 상품은 종료됩니다.)","일정"
"신청앱 접속시 '새학기 특별 할인 이벤트' 상품(~3.13까지)도 선택 가능합니다.","일정"
"사회적 배려 대상자 상품을 신청하시고, 증빙서류를 반드시 제출 바랍니다.","제출"
"기존 이용자는 서비스 종료 1개월 전 APP(팝업 공지)에서 연장 신청할 수 있습니다.","기타"
"구글 및 앱스토어 에서 ""T안심알리미"" 검색 후 앱 설치하기","기타"
"약관동의 및 서비스 가입인증","제출"
"step 2 등하교 안심알리미 선택","기타"
"배너 선택 및 지역, 학교 선택","기타"
"가입상품 선택 (결제)","비용"
"기초생활, 차상위계층, 장애인은 증빙서류 제출 시 월 이용료 지원 (단말기 구매비용 발생)","비용"
"서비스 가입 조건: 단말기 11,0원 (1회성), 배송비 3,0원, 이용료 무료(졸업까지)","비용"
"증빙서류 미제출시 서비스 종료","제출"
"증빙서류 제출기한: 26.5.30","일정"
"제출방법: 이메일 접수(hck1@nate.com)","제출"
"2. 택배 수령 후 단말기는 자녀의 책가방 외부에 착용해 주세요. (사용 설명서 필독)","기타"
"학년/반 선택, 기존 가입자는 학년 반 변경","기타"
"자녀정보 입력, 학년, 반 선택","제출"
"가입유형 선택 시 일반인이 아닌 학부모 회원으로 가입","제출"
"변경된 학교 정보 입력","제출"
"작성된 내용은 건강한 학교생활을 위한 근거자료로만 활용이 되고 비밀이 보장되오니 아래 내용을 성실하게 기재하시어(반드시 부모님께서 직접 작성) 3월 6일(금요일)까지 담임선생님께 제출해 주시기 바랍니다.","제출"
"개인정보의 수집 및 이용목적에 동의합니다.","제출"
"학교에서의 사고 질병 발생 시 신속한 응급처치가 이루어질 수 있도록 응급처치 및 절차에 대한 권한을 학교에 위임합니다.","제출"
"의약품 투약(해열진통제, 소화제, 감기약 등 일반의약품)에 동의합니다.","제출"
"건강조사서 활용에 대한 동의서 미 제출자는 동의로 간주합니다.","제출"
"미세먼지 민감군에 해당하는 학생은 (미세먼지 관련 기저질환: 천식, 알러지, 아토피, 호흡기질환, 심혈관질환 등)이 있는 경우 학년 초 의사진단서 제출 시, 미세먼지 농도가 나쁨 이상인 경우, 학부모의 사전 연락(문자, 전화 등)으로 질병 결석으로 인정 가능합니다.","건강·안전"
"소아청소년 고위험 기저질환자에 해당하는 학생은 아래 표를 참고 하시어 진단명을 반드시 기록하시고 진단서와 같이 3월 6일(금)까지 담임선생님께 제출하여 주시기 바랍니다.","제출"
"취학전 예방접종 내역 (학생 건강기록부(NEIS) 입력사항) 2026년 취학 아동은 초등학교 입학 전까지 만 4~6세에 받아야 하는 추가 예방접종을 해야 합니다.","건강·안전"
"접종완료여부를 확인 후 누락된 접종이 있으면 빠른 시일 내(입학 후 3월이내)에 접종을 완료해 주시기 바랍니다.","건강·안전"
"아래표를 확인하시고 빠트린 접종이 있으시면 빠른 시일내에 예방접종을 완료하여 자녀의 면역력을 높여 주시기 바랍니다.","건강·안전"
"1. 예방접종도우미 사이트(http://nip.cdc.go.kr)에 가입 -""우리아기 등록하기""로 자녀 등록","기타"
"2. ""예방접종 내역조회""로 4종 필수예방접종 내역 확인","기타"
"접종을 하지 않은 경우 가까운 의료기관 또는 보건소에서 예방접종 실시 (입학 전 완료 요망)","건강·안전"
"예방접종을 완료하였으나, 전산내역이 없는 경우 접종을 받았던 의료기관에 전산등록 요청","건강·안전"
"3. 별도로 ""예방접종증명서""를 발급 받아 학교에 제출해야 하는 대상","제출"
"학년-반 번호 이름 응급상황 시 연락처 (연락이 안될 경우를 대비하여 3순위까지 확보하고자 합니다)","제출"
"보호자 1 (학생과의 관계 : )","제출"
"보호자 2 (학생과의 관계 : )","제출"
"보호자 3 (학생과의 관계 : )","제출"
"본교 재학중인 형제자매 ( )학년 이름( ), ( )학년 이름( )","제출"
"개인정보보호법 시행에 따라 다음 항목에 대해 개인정보수집 동의 여부를 체크 하여 주시기 바랍니다.","제출"
"1. 현재 치료 중,관리중인 질병 질병명(발병시기) 없음 있음","제출"
"진료 병원명 복용약물 없음 있음","제출"
"2. 수술병력 수술명(수술연도)","제출"
"3. 언어 장애 유무 없음 있음","제출"
"6. 시력 이상 유무 없음 안경착용 난시 사시 기타","제출"
"7. 약품, 식품 알레르기 종류 주의사항","제출"
"알레르기를 일으키는 음식이 있다면 급식시간에 먹지 않도록 자녀에게 반드시 주의 부탁드립니다.","건강·안전"
"1. 개인정보 제공 동의서 (해당칸에 표시)","제출"
"2026년 월 일 보호자 : (서명)","제출"
"1. 일주일 동안 다음 음식을 대체로 몇 번이나 먹습니까?","제출"
"채소(김치제외)","제출"
"7. 밥을 먹기 전이나 밖에서 놀다 돌아와서 비누로 손을 씻는다.","건강·안전"
"8. 하루에 세 번 이상 이를 닦는다.","건강·안전"
"9. 자동차를 탈 때 안전벨트를 맨다.","건강·안전"
"10. 인라인스케이트 롤러블레이드 스케이트보드 또는 자전거 등을 탈 때 헬멧을 쓰고 보호대를 착용한다.","건강·안전"
"27. 상담을 받고 싶으면 누구와 상담하고 싶은지 기록해 주세요.","기타"
"6. 감염병 관련'소아청소년 고위험 기저질환자'에 해당하는 학생은 아래 표를 참고 하시어 진단명을 반드시 기록하시고 진단서와 같이 3월 6일(금)까지 담임선생님께 제출하여 주시기 바랍니다.","제출"
"- 매월 2~3회 그린급식데이(채식의 날)를 운영합니다.- 학교 식중독 사고 예방관리를 위하여 학교장 허락 없이 학부모 등의 임의 간식제공을 금지하며, 안전한 식생활을 위해 학교 밖 불량식품 매식 등을 삼가하여 주시기 바랍니다.","건강·안전"
"우유 급식/미급식 신청은 수시로 받으며 매월 1일 적용됩니다.","제출"
"아래 내용을 읽어보시고""식품알레르기""가 있는 아동의 학부모님께서는 아래 내용 3월 5일(목)까지e-알리미로 회신하여 주시기 바랍니다.","제출"
"동의 비동의 식품알레르기가 있는 학생만 작성 제출해 주세요.1. 식품알레르기 원인식품을 모두 기록 하세요.( )2. 병원 진단을 받은 적이 있으세요? 있다 없다2-1. 병원진단을 받은적이 있는 경우 검사시기?","제출"
"극소량만 먹어도 위험 익혀먹을 경우 먹어도 된다 음식에 섞여 있는 경우 골라내고 먹을 수 있다. 조금은 먹어도 된다.5. 식품알레르기 관련 영양 상담을 영양교사에게 받기를 희망합니까?","기타"
"희망합니다 희망하지 않습니다.5-1. 상담희망시 연락처 남겨주세요.( )6. 자녀분의 식품알레르기 증상에 관하여 학교에 전달하고 싶은 사항을 기록해 주세요.","제출"
"본교에서는 전교생을 대상으로 무상 우유급식을 실시하고 있습니다.하지만 개인의 건강상의 문제(찬우유 배앓이, 알레르기, 소화장애, 아토피질환) 등으로 우유급식이 곤란할 경우 미급식 신청서를 받고자 합니다.우유미급식 신청서는 3월 5일(목)16:00까지 e-알리미로 제출하여 주시기 바랍니다.","제출"
"학기 중 미급식 신청은 담임선생님을 통해 신청서 제출하시기 바랍니다.","제출"
"2차(면담) 심사 기간: 2026. 10. 30.(금) ~ 11. 1.(일)","일정"
"출품원서 접수 이후 지도교원은 변경할 수 없으나, 부득이한 경우 지도교원 변경사유서를 제출해야 합니다.","제출"
"출품원서 접수 기간: 2026. 9. 3.(목)~9. 10.(목), 09:00~17:00","일정"
"( 학기 중 미급식 신청은 담임선생님을 통해 신청서 제출)","제출"
"장 소 : ""송파초 학부모회""임원선출관리위원회(교무실) 또는 이메일(keikos@sen.go.kr) 제출다.","제출"
"기 간 : 2026. 3. 5.(목) 14:00 ~ 3. 11.(수) 12:00 라.","일정"
"구비 서류 : 학부모회 임원 입후보자 등록서 1통(가정통신문으로 배부)(양식은 본교 교무실에 비치 및 학교홈페이지 공지사항에 탑재)","제출"
"선거 일시 : 2026. 3. 18.(수) 12:30~나.","일정"
"3. 제출 기한: 2026년 9월 8일(화) 16:00까지(기한 엄수)","제출"
"4. 제 출 물: 각 학급 담임 선생님께 제출","제출"
"서식3 작품설명서(A4 20쪽 이내, 50MB 이내)","제출"
"서식4 작품요약서(A4 1쪽 이내, 3MB 이내)","제출"
"제출 방법: 온라인 심사시스템(https://ssei.sen.go.kr/contest/) 접속","제출"
"접수자용 ID: science68, PW: science68","기타"
"출품자는 면담 대기 시간까지 대기실에 입실 필요","일정"
"단체작품은 팀 구성원 전원이 2차 면담 심사에 참석 필수","일정"
"면담 심사 시 즉석에서 작품 시연 준비 필요","제출"
"과학탐구일지, 연구과정 포트폴리오 준비","제출"
"동일 작품으로 타 대회 중복 출품 불가","기타"
"자료 미제출 및 면담심사 불참 시 자동 심사 제외","기타"
"출품서약서, 개인정보 제공 동의서 제출 필요","제출"
"개인 참가자: 스캔하여 PDF 파일 제출","제출"
"단체 참가자: 팀원 모두 각각 작성 후 통합 제출","제출"
"작품설명서 A4용지 규격 20쪽 이내","제출"
"평소 라운드형 티셔츠 사이즈 기준 선택","준비물"
"티셔츠 사이즈 제출 기한: 3월 11일(수)","제출"
"1. 작품설명서 작성 (A4 용지규격 표지 포함 20쪽 이내, 한글(HWP)파일을 사용하여 작성) 가.","제출"
"그림(삽화) 또는 사진 첨부: 출품자 식별 불가능하도록(모자이크 등) 처리 1) 작품설명서 설명에는 가능하면 삽화, 설계도, 회로도 등을 포함 2) 관련 사진이 추가되면 심사하는 데 도움이 됨 3) 그림이나 사진 등 이미지 처리는 문서에 포함 및 글자처럼 취급을 함 (반드시 디지털 이미지 사용) 다.","제출"
"작품설명서 본문 작성","제출"
"1) 신명조체로 작성","제출"
"2) 쪽 수를 표기함","제출"
"3) 본문 내용은 11포인트로 하고 제목 등은 13~15포인트로 함","제출"
"4) 작품설명서 내용에 인적 사항이 드러나지 않도록 유의","제출"
"작품설명서 용량은 50MB 이내, 작품요약서는 A4 1쪽 이내(3MB 이내)로 함","제출"
"표절검사 실시: 출품자는 서울교육포털(http://ssem.or.kr) 표절검사시스템(카피킬러캠퍼스 표절검사)을 활용하여 표절검사를 실시할 것","제출"
"검사설정: 표절기준 6어절, 인용/출처 표시문장 제외, 법령/성경 포함문장 제외, 목차/참고문헌 제외","제출"
"작품요약서는 1쪽 이내 작성, 3MB이내, 파일명(익명 처리): 작품요약서(학교명_학생명).hwp","제출"
"1. 용지는 배부하지 않음. 반드시 종이로 출력바람 (우드락 등에 부착하지 말 것, 대면 심사 시 칠판에 자석으로 붙일 예정)","제출"
"2. 규격을 준수하여 작성하여야 함. 단, 같은 규격으로 실사 출력하여 제출할 수 있음","제출"
"3. 작품설명표 본문에는 작품의 제작 동기, 내용, 제작과정, 사용방법, 가치 또는 전망 등 요점만 선명하게 기재함(글자 크기, 색상, 그림, 삽화를 포함하여 본인이 자유롭게 구성)","제출"
"4. 전시번호가 들어갈 원의 지름은 8cm로 하고, 번호는 기입하지 않고 비워 둠 - 추후 필요 시 융합과학교육원에서 부여함","제출"
"5. 작품설명표의 내용은 반드시 본인이 작성하여야 함","제출"
"1차 서면 심사: 2026. 9. 21.(월)~10. 5.(월) (초4~6학년, 중1~3학년, 고1~2학년 학교장 추천자)","일정"
"2차 면담 심사: 2026. 10. 30.(금), 10. 31.(토), 11. 1.(일) (1차 서면 심사 통과 작품: 초등부 100, 중학부 100, 고교부 100 예정)","일정"
"출품원서 접수 및 서류 제출","제출"
"학생 및 교원 서명 후 스캔하여 PDF 파일로 변환하여 파일 첨부 제출","제출"
"단체일 경우 참가 학생 각각 1장씩 작성 후 파일 1개로 통합하여 제출","제출"
"작품설명서는 A4 20쪽 이내, 50MB 이내 파일 등록","제출"
"서면 심사를 위해 학교명, 학생명 익명 처리 후 등록, 학교, 개인 식별 가능 사진 모자이크 처리","제출"
"온라인 심사시스템에 접수자용 ID, PW로 로그인 후 직접 등록","제출"
"2027년 서울과학전람회 변경사항 - 예선대회 대회일정: 당해 5월 2주~6월 1주(예정)","일정"
"2027년 서울과학전람회 변경사항 - 본선대회 대회일정: 당해 6월 3주(예정)","일정"
"출품서약서: 본인은 제68회 서울과학전람회 예선대회에 참가함에 있어 표절 및 대리 연구 작품이 아니며, 다른 대회에 중복 출품하지 않았음을 서약합니다.","제출"
"개인정보 제공 이용에 대한 동의를 거부할 수 있으며 거부할 경우 제68회 서울과학전람회 예선대회 안내 및 참가에 제한될 수 있습니다.","제출"
"지도교원 확인서: 본인은 지도교원으로서 위 학생이 제68회 서울과학전람회 예선대회에 참가함에 있어 학생의 출품 작품이 표절 및 대리(대행) 연구 작품이 아님을 검증시스템을 통해 충분히 확인하였습니다.","제출"
"조견표를 참고하되, 가정에서 평소에 입는 라운드형 티셔츠의 사이즈를 기준으로 선택하시면 더 정확합니다.","준비물"
"가정에서 학생 티셔츠 사이즈를 측정하여 기록해오기","준비물"
"사이즈 조견표를 참고하여 숫자 15~18 또는 S, M, L, XL, XXL로 기록","준비물"
"제16기 학교운영위원회 학부모위원을 3월 중에 전체 학부모회의에서 민주적이고 공정한 절차에 따라 직접투표에 의하여 선출합니다.","일정"
"학부모 및 교원위원 선출 시기: 2026. 3. 21.까지","일정"
"지역위원 선출 시기: 2026. 3. 30.까지","일정"
"초등안심벨 활용 방법: 평소 가방 어깨끈 등에 부착하여 휴대","건강·안전"
"실제 위급 상황에서만 사용하도록 지도해주세요.","건강·안전"
"경고음이 매우 크므로 장난 사용에 주의해주세요.","건강·안전"
"가방 어깨끈 등 손이 잘 닿는 곳에 부착해주세요.","건강·안전"
"미사용 시 대기 시간은 약 2년이나, 아이 안전을 위해 2~3개월마다 충전을 권장합니다.","건강·안전"
"1. 실제 위급 상황에서만 사용하도록 지도해주세요.2. 경고음이 매우 크므로 장난 사용에 주의해주세요.3. 가방 어깨끈 등 손이 잘 닿는 곳에 부착해주세요.4. 미사용 시 대기 시간은 약 2년이나, 아이 안전을 위해 2~3개월마다 충전을 권장합니다.","건강·안전"
"본교에서는 체계적인 학생선수 학습권 보장 및 출결 관리를 위하여 학생선수 현황을 다음과 같이 조사하고자 하오니, 3월 9일(월)까지 선수등록확인서, 연간활동계획서, 개인정보수집/이용 위탁 제공 동의서를 1학년 3반으로 제출해주시기 바랍니다.","제출"
"지역 및 전국대회 참가 시 출결에 대한 학교장 확인서를 발급하니 사유 발생 1주일 전 반드시 대회공문을 지참하여 1학년 3반(2층)으로 방문 바랍니다.","기타"
"부상 발생의 최소화를 위해 준비운동과 정리운동 필수","건강·안전"
"차량 이동 시 반드시 안전벨트 착용 등","건강·안전"
"개인정보동의서 ( )","제출"
"2. 개인정보동의서 연간활동계획 개인학생선수로서 상기 모든 활동이 학생과 학부모의 충분한 검토와 협의에 의해 계획되었고, 모든 활동은 보호자 본인이 책임지고 안전하게 지도할 것을 전제로 본 활동계획서를 제출합니다.","제출"
"동의 미동의 2026년 월 일학부모 성 명: (서명 또는 인)학 생 성 명: (서명 또는 인)","제출"
"우측 상단의 학습마당을 클릭, 수강신청을 클릭합니다.","기타"
"부모자녀관계 탭의 ""자녀관계 개선을 위한 어울림 프로그램""을 수강합니다.","기타"
"인성 생활지도 탭의 ""자녀의 성교육 및 성폭력 예방을 위한 교육""을 수강합니다.","기타"
"아이가 한 말을 중심으로 담임선생님과 상담 전화를 합니다.","기타"
"평소와 다른 행동을 하거나, 표정이 어두울 때도 상담 전화를 합니다.","기타"
"담임선생님과 자녀를 믿고 문제를 잘 해결할 수 있도록 지지해주고 부모님 생각을 분명하게 전달합니다.","기타"
"담임교사를 믿고 협조해주시고 담임교사 조치 후 자녀의 상황을 유심히 관찰해 주세요.","기타"
"담임교사 및 학교폭력담당교사, 학교폭력 전담 조사관을 믿어주시고 적극적으로 협조해주세요.","기타"
"자녀의 말만 듣고 판단하시기보다는 정확한 상황 파악을 위해 학교와 협조해주세요.","기타"
"상대측 학생을 훈계하거나 다른 학생에게 사안에 대해 직접 물어보지 않도록 합니다.","기타"
"본교 교사, 상대방 학부모에게 폭언이나 불쾌감을 줄 수 있는 언행을 하지 않습니다.","기타"
"확인되지 않은 사실, 사실 여부와 상관없이 개인의 명예가 훼손될 수 있는 내용을 전달하거나 SNS에 유포하지 않습니다.","기타"
"학교폭력 사안 발생 시 담임교사 또는 생활안전부장에게 즉시 신고해 주세요.","기타"
"아이가 한 말을 중심으로 담임선생님과 상담 전화를 합니다.(평소와 다른 행동을 하거나, 표정이 어두울 때도 상담 전화를 합니다.) 사람은 누구나 자기중심적으로 말을 하게 됩니다.","기타"
"학부모님께서 잘 판단하셔서 선택하시면 됩니다. 학교가 명백한 학교폭력 사안으로 인지한 경우, 즉시 접수처리하여 이를 보호자께 안내함 (1)을 선택하신 경우, 담임선생님과 자녀를 믿고 문제를 잘 해결할 수 있도록 지지해주고 부모님 생각을 분명하게 전달합니다.","기타"
"당부 말씀 - 담임교사 및 학교폭력담당교사, 학교폭력 전담 조사관을 믿어주시고 적극적으로 협조해주세요.","기타"
"실제로 자를 이용해서 길이를 재는 문제기 때문에 반드시 자를 준비하도록 함.","준비물"
"성희롱 성폭력 피해를 입었을 때는 아이의 잘못이 아니므로 걱정 말고, 부모님이나 선생님께 꼭 이야기하도록 교육해주세요.","건강·안전"
"감염병이 의심되면 담임 선생님께 연락하고 병원에서 진료받기","건강·안전"
"진료결과 감염병으로 확인되면 의사 소견서 받기(병명과 전염 여부, 등교중지기간 기록)","건강·안전"
"완치 후 등교할 때 등교 가능하다는 의사 소견서를 담임 선생님께 제출하기","제출"
"결핵 치료를 제대로 하면 완치가 가능한 질병이며 처방된 결핵약을 정해진 시간에 규칙적으로 복용","건강·안전"
"결핵은 6~18개월 이상 매일 약을 복용해야 함","건강·안전"
"결핵 예방을 위해 하루 3회 이상 창문 열기로 환기 실시","건강·안전"
"결핵 예방을 위해 균형잡힌 영양섭취하고 무리한 다이어트, 편식 금지","건강·안전"
"결핵 예방을 위해 규칙적인 식사와 수면, 체력 강화","건강·안전"
"결핵 예방을 위해 기침하는 사람은 꼭 마스크 쓰기","건강·안전"
"2주 이상 기침 지속하면 결핵검사 하기 (병원, 보건소)","건강·안전"
"결핵 예방을 위해 청결한 위생습관(양치질, 손씻기, 기침예절) 실천","건강·안전"
"DPT(디프테리아, 백일해, 파상풍) 필수예방접종 5차 완료","건강·안전"
"각 항목의 동의 여부를 체크하여 3월 20일(금)까지 제출","제출"
"학생건강상태조사서에 작성해주신 접종사항을 바탕으로 빠뜨린 접종이 있으신 아동은 빠른 시일내에 예방접종을 완료하여 자녀의 면역력을 높여 주시기 바랍니다.","건강·안전"
"다쳤거나 아프면 우선 담임선생님의 허락을 받고 보건실을 방문합니다.","건강·안전"
"응급이 아닌 경우 쉬는 시간을 이용합니다.","건강·안전"
"보건실을 방문하여 학년, 반, 이름을 말합니다.","건강·안전"
"아픈 부위와 증상에 대해 자세히 이야기합니다.","건강·안전"
"가정에서 약을 먹었거나 약물 부작용이 있으면 보건선생님께 반드시 알립니다.","건강·안전"
"안정 후에도 증상이 호전되지 않으면, 병원 진료나 가정에서 안정합니다.","건강·안전"
"보호자 인계를 원칙으로 자녀에게 연락이 가능한 전화번호를 꼭 알려주세요.","기타"
"싫은 느낌이 들 때는 자신의 느낌이나 생각을 분명하고 정확히 표현하도록 교육해주세요","기타"
"아래 내용을 충분히 숙지하신 후, 항목별로 동의 여부를 결정해 주시기 바랍니다.","제출"
"다만, 거부 시 해당 항목의 서비스 이용이 제한될 수 있음을 인지하시고, 빠짐없이 확인하신 후 서명해 주시기 바랍니다.수집된 개인정보는 안내된 이용 목적 외의 용도로 활용되지 않으며, 보유기간 종료 시 즉시 파기합니다.","제출"
"동의를 거부할 경우 디벗 접속이 불가하며, 교육용 구글 Workspace 및 해당 계정을 통한 에듀테크를 이용한 수업에 참여할 수 없습니다.개인정보 수집 이용에 동의합니다.","제출"
"동의를 거부할 경우 해당 서비스를 활용한 수업 활동 및 디지털 학습 자료 이용이 제한될 수 있습니다.개인정보 수집 이용에 동의합니다.","제출"
"개인정보 수집 이용에 대한 동의를 거부할 수 있습니다.","제출"
"동의를 거부할 경우 패들렛을 활용한 맞춤형 학습 지원 및 수업 활동 참여가 제한될 수 있습니다.개인정보 수집 이용에 동의합니다.","제출"
"동의를 거부할 경우 캔바를 활용한 디자인 실습 및 협업 수업 참여가 제한될 수 있습니다.개인정보 수집 이용에 동의합니다.","제출"
"동의를 거부할 경우 한글과 컴퓨터를 활용한 개별 타자 학습 기록 저장이 제한될 수 있습니다.개인정보 수집 이용에 동의합니다.","제출"
"4. 개인정보 수집 이용에 대한 동의를 거부할 수 있습니다.","제출"
"만 14세 미만 학생인 경우 반드시 법정대리인의 동의가 필요합니다.","제출"
"학생: ( )학년 ( )반 ( )번 성명( ) (서명 또는 인)","제출"
"보호자(법정대리인): 성명( ) (서명 또는 인)","제출"
"동의를 거부할 경우 카훗을 활용한 실시간 퀴즈 수업 참여 및 개별 성취도 확인이 제한될 수 있습니다.개인정보 수집 이용에 동의합니다.","제출"
"수업 외 시간에는 정해진 위치에 바르게 보관","건강·안전"
"충전이 필요한 경우 지정된 장소에서 안전하게 수행","건강·안전"
"수업 시간에는 교사의 안내에 따라 필요한 경우에만 사용","건강·안전"
"수업과 무관한 앱, 사이트, 게임 등에 접속하지 않음","건강·안전"
"온라인에서도 예의 있는 말과 행동 준수","건강·안전"
"타인의 정보(이름, 사진, 계정 등)를 저장하거나 공유하지 않음","건강·안전"
"저작권이 있는 자료를 허락 없이 사용하거나 복제하지 않음","건강·안전"
"유해하거나 부적절한 정보, 모르는 링크 등에 접근하지 않음","건강·안전"
"사이버 괴롭힘이나 디지털 문제 상황 발생 시 주변에 도움 요청","건강·안전"
"보호자로서 자녀의 스마트기기 사용 시간을 관찰하며 조절","기타"
"자녀가 기기와 액세서리를 소중히 사용하도록 지도","기타"
"스마트기기 학습 상황을 점검하고 주제로 수시로 대화","기타"
"디벗 고장/파손, 분실 시 수리(수리비 20%, 최대 4만원 부담), 구입(구입비 90% 부담) 및 반납","비용"
"참가 동의서를 3월 31일(화)까지 담임 선생님께 제출","제출"
"준비물: 수영복, 물안경, 수모, 개인 수건 1~2개, 수영 가방(보조가방)","준비물"
"자신의 물건에는 이름을 꼭 씁니다.","준비물"
"학생 특별교육 또는 심리치료 조치 시 반드시 학부모 참여(학부모도 특별교육 이수)","제출"
"안내된 내용을 살펴보신 후 계정관리 위임 동의서, 개인정보 수집 및 이용 제3자 제공 및 국외이전 동의서를 작성하여 3월 20일(금)까지 담임 선생님께 제출해주시면 감사하겠습니다.1. SEN스쿨이란?","제출"
"이에 학생들이 디벗 기기를 올바르게 사용할 수 있도록 디벗 관리 약속 을 가정에서도 함께 지도 부탁드리며, 디벗 기기의 파손 및 분실 시 대처 방법과 지원 상황(뒷면)을 안내하니 참고하시기 바랍니다.","기타"
"2) 자녀가 ""디벗""기기와 액세서리를 소중히 사용하며, 분실 파손하지 않도록 지도하겠습니다.3) 스마트기기 학습의 상황을 점검하고 이를 주제로 수시로 자녀와 대화하겠습니다.","기타"
"수업 활용 도구: 본체 기기(크롬북), 전용 펜, 기타 액세서리(마우스 등) 디벗 고장/파손, 분실 시 교육청 안내 절차대로 수리(수리비의 20%, 최대 4만원 부담), 구입(구입비의 90% 부담)하고 반납해야 되며, 이에 따른 비용이 소요될 수 있음을 안내합니다.","비용"
"감염병 위기경보 단계가 ""심각""일 경우 생존수영교육 계획이 변경될 수 있으며 개인 일정이나 건강상의 이유 등으로 생존수영교육 참여가 힘들 경우 가정학습 또는 수영장 참관 수업 등 별도 교육을 받아야 합니다.","건강·안전"
"참가( ) 불참( ) (불참사유 : )","제출"
"일시: 2026년 3월 25일(수) 08:20 ~ 09:00","일정"
"장소: 송파초등학교(백제고분로400 일대)","일정"
"자녀와 함께 어린이 안전수칙을 반복 지도해 주시기 바랍니다.","건강·안전"
"등 하교 시 안전한 이동 경로와 행동 요령을 지도해 주시기 바랍니다.","건강·안전"
"아래 내용을 살펴보시고 관심 있는 학생들은 대회 요강을 확인하여 기한 내에 서류를 제출하여 주시기 바랍니다.","제출"
"자연관찰캠프 대회 제출 기한: 5월 21일(목) 18:00까지(기한 엄수)","제출"
"제출 방법: 팀 지도교사 선생님께 제출","제출"
"제출물 서식 개최 요강 붙임 파일 확인","제출"
"과학동아리 창의력 페스티벌 대회 제출 기한: 5월 12일(화) 18:00까지(기한 엄수)","제출"
"대회 심사 일정: 자연관찰캠프 초5,6 보고서제출마감 5.21.(목)","일정"
"대회 심사 일정: 과학동아리 창의력페스티벌 참가신청서활동계획서 5.12.(화)","일정"
"학부모와 지역사회가 동참하여 교육현장에서'청탁금지법'이 뿌리내리고 불법찬조금 등의 관행이 근절될 수 있도록 적극 협조해 주실 것을 당부 드립니다.","기타"
"서울시교육청의'2026년 불법찬조금 근절 대책'에 따라 불법찬조금 모금 관련 사례 발생 시 학교장 등이 인지하지 못한 경우에도 처벌을 받을 수 있으며, 학교도 불이익 조치를 받을 수 있으니, 불법찬조금 납부 요구가 있을 시에는 아래 신고처로 신고하여 주시기 바랍니다.","기타"
"아스파탐이 분해되어 생성되는 페닐알라닌은 페닐케톤뇨증(PKU) 환자에게 부작용을 일으킬 수 있기 때문에 사용 전에 꼭 확인해야 합니다.","건강·안전"
"신선한 자연식품 위주로 되도록 집에서 만들어 먹는다.","기타"
"첨가물의 종류와 함량을 확인하고 되도록 넣지 않거나 적게 들어있는 식품을 구입한다.","기타"
"햄, 소시지, 어묵 등은 끓는 물에 한 번 데쳐 내거나 담가두면 첨가물 잔존량을 줄일 수 있다.","기타"
"특정 식품첨가물만 과다 섭취하지 않도록 주의한다.","기타"
"진단조사 참여 기간 : 4월 13일(월) ~ 4월 22일(수)","일정"
"초등학교 1학년 학생 대상 진단조사는 한국지능정보사회진흥원에서 개발한 '유아동 스마트폰 과의존 척도(9문항)'를 활용하여 진행되며, 보호자가 직접 참여하여 귀댁 자녀의 스마트폰 과의존 정도를 측정합니다.","일정"
"보호자께서는 아래 안내에 따라 진단조사에 참여하여 결과 확인 후, 치유서비스 지원에 대한 동의 여부를 선택하여 도움받으시길 바랍니다.","제출"
"조사 결과 미디어 과의존 주의 또는 위험 사용자군에 해당하는 경우, 보호자님께 2026년 청소년 미디어 과의존 치유서비스 동의 안내 및 2026년 미디어 과의존 치유서비스 동의서 를 보내드릴 예정입니다.","제출"
"우리 아이들이 이러한 차이를 자연스럽게 받아들이고, 서로를 존중하는 마음을 가질 수 있도록 가정에서도 함께 이야기 나누어 주시길 부탁드립니다.""그 아이는 장애인이지?""라는 말 대신 ""그 친구는 어떤 친구니?""라고 물어봐 주세요.","기타"
"유치원 운영 및 회의 안건에 대하여 의견이 있으신 분은 메일로 의견을 주시면 안건 심의 시 반영하도록 하겠습니다.","기타"
"1주일 중 1회 지구 사랑 식단 실천하기","기타"
"지구의 날(4월 22일) 밤 8시, '10분 소등' 국민 캠페인 참여하기","일정"
"1일 1기후행동, 학교와 가정에서 함께 실천해요","기타"
"초록 독서(지구를 위한 책 읽기)","기타"
"지구를 위한 달리기, '줍깅'","기타"
"쓰지 않는 플러그 뽑기","기타"
"본교 학생 중 Microsoft Office 365 서비스 이용을 원하시는 분께서는 아래의 방법에 따라 계정을 생성하시어 서비스를 이용하시길 바랍니다.","제출"
"이용약관 및 개인정보 수집 및 이용 동의","제출"
"휴대폰 인증으로 본인 확인 (학생 휴대폰이 없는 경우 학부모 휴대폰으로 인증 가능)","기타"
"여름철 갈증 해소: 20~30분 간격으로 적은 양의 물을 나누어 마셔요.","건강·안전"
"개인위생 철저(음식 섭취 전, 조리 전, 용변 후 비누를 이용한 손 씻기 실천)","건강·안전"
"학생이 장염 또는 설사 3회 이상, 복통, 구토, 발열 등 증상으로 치료를 받은 경우 담임 또는 보건교사에게 반드시 연락","건강·안전"
"모집기간: 2026년 4월 15일(수) ~ 4월 22일(수)","일정"
"또래상담 기초교육 8시간 필수 참가","일정"
"신청 동의서를 작성하여 E-알리미 회신 부탁드립니다.","제출"
"식중독 예방 손씻기 캠페인 식중독 예방 손씻기 캠페인 식중독 예방 손씻기 캠페인 식중독 예방과 감염병 예방은 내 손으로최근 노로바이러스 등 식중독 및 감염병 증세가 계절에 관계없이 지속적으로 발생하고 있으므로 가장 손쉬운 예방법인 손 씻기를 실천하여 주시기 바랍니다.","건강·안전"
"식중독 예방과 감염병 예방은 내 손으로최근 노로바이러스 등 식중독 및 감염병 증세가 계절에 관계없이 지속적으로 발생하고 있으므로 가장 손쉬운 예방법인 손 씻기를 실천하여 주시기 바랍니다.","건강·안전"
"아울러, 가정에서의 협조해 주실 사항을 알려드리니 준수하여 주시기 바랍니다.- 개인위생 철저(음식 섭취 전, 조리 전, 용변 후 비누를 이용한 손 씻기 실천)- 학생이 장염 또는 설사 3회 이상, 복통, 구토, 발열 등 증상으로 치료를 받은 경우 담임 또는 보건교사에게 반드시 연락 식품의약품안전처 자료 인용","건강·안전"
"2. 교육 일시 : 2026년 4월 29일(수) ~ 5월 20일(수) 13:50~15:00 / 수요일 방과 후 교육","일정"
"3. 교육 장소 : 위(Wee) 클래스 2층 / 문의 02-414-0644(내선 117)4. 교육 내용 : 또래상담 기법 등 또래상담 활동 방법","일정"
"신청기간: 연중(수시 접수)","일정"
"신청방법: 전화문의 위클래스 상담사 414-0644(내선 117)","기타"
"신청방법: 홈페이지 비공개 게시물 작성","기타"
"행사일시: 2025년 10월 25일(토) 14:00 ~ 20:00","일정"
"행사장소: 광주시청 WASBE 광장","일정"
"14:00~17:30 청소년 청년 체험부스(56동)_리플렛 스탬프 날인 후 사은품 증정","일정"
"보호자의 주도하에 대중교통으로 활동장소 이동 및 집합","기타"
"추진시기에 학생을 통해 가정통신문으로 별도의 참여 신청서가 배부됩니다.","제출"
"- 학 생 : 동의 미동의- 보호자 : 동의 미동의","제출"
"학생상담뿐 아니라 자녀양육에 대한 보호자상담도 지원하오니 사전예약 후 학부모상담을 하실 수 있습니다.","기타"
"대면상담과 비대면상담 병행 운영에 따라 상담방법은 선택 가능합니다.","기타"
"단, 대중교통 이용 시 교통비 개별지참","비용"
"네이버폼 QR코드를 활용한 신청서 제출","제출"
"무섭거나 속상한 일이 생기면 믿을 수 있는 어른에게 꼭 말하기","건강·안전"
"아이의 생활 변화(무기력, 불안, 과도한 공격성 등)를 세심히 살펴주세요.","기타"
"힘든 일이 있을 때는 혼자 고민하지 말고 전문가와 상담하세요.","기타"
"학생 학부모 예산편성의견 접수","제출"
"사업명, 물량 및 소요예산액을 기재해주세요.","제출"
"의견이 있으신 학생 학부모님께서는 제안서를 작성하여 제출해 주시면 검토 후 수용 가능한 사업은 적극 반영할 예정입니다.","제출"
"2. 제출방법: 학교 이메일(pd7653@korea.kr) 또는 행정실 방문 제출","제출"
"3. 제출기간 : 2023. 12. 15.(금) ~ 2023. 12. 21.(목)","제출"
"필 요 성 이 사업을 해야 하는 필요성(이유나 목적) 등을 적어 주세요.","제출"
"사업내용 및 기대효과 사업내용을 구체적으로 적어 주세요. 사업대상(수혜자), 사업기간, 사업량, 추진방법 등에 대하여 1장 이내로 간략하게 작성 개인정보 활용 안내 및 동의 개인정보항목: 학년, 반, 성명, 연락처 보유목적: 예산편성 의견수렴 보유 및 이용기간: 1년위 사항의 개인정보 제공에 동의합니다.","제출"
"동 의 비동의 사업대상(수혜자), 사업기간, 사업량, 추진방법 등에 대하여 1장 이내로 간략하게 작성 개인정보 활용 안내 및 동의 개인정보항목: 학년, 반, 성명, 연락처 보유목적: 예산편성 의견수렴 보유 및 이용기간: 1년위 사항의 개인정보 제공에 동의합니다.","제출"
"뒷면의 사항을 충분히 읽어보신 후, 개인정보 분야에 대한 각 항목에 동의 여부를 체크하시고 서명하신 후, 3월 6일(금)까지 각 반 담임선생님께 제출해주시면 감사하겠습니다.","제출"
"1. 사회통합전형대상자 증빙서류를 소속 학교 영재업무담당교사에게 제출","제출"
"3. 영재업무담당교사는 학교장 확인서(부록2)를 스캔하여 PDF파일로 GED시스템(http://ged.kedi.re.kr) 교사추천서 작성란에 첨부하여 업로드","제출"
"1) 지원 기간: 2025. 10. 10.(금) ~ 10. 17.(금) 18:00","일정"
"2) 지원 방법: 희망 학생이 GED시스템(http://ged.kedi.re.kr)에서 지원서 제출","제출"
"3) 일반전형 이외의 전형으로 지원하는 학생은 지원 기간 안에 해당 증빙자료를 추천기관(영재교육원 또는 학교)으로 제출","제출"
"1) 학교(교사) 추천 기간: 2025. 10. 20.(월) ~ 10. 22.(수)","일정"
"3) 사회통합전형대상자인 경우 학교에서 증빙서류 확인 후 GED에 학교장확인서 첨부하고 교사 추천(증빙서류는 학교 자체 보관)","제출"
"3) 선교육 오리엔테이션 일시: 2025. 10. 30.(목) 16:00~17:30","일정"
"4) 선교육 오리엔테이션 방법: 실시간 원격수업 (ZOOM ID: 881 224 5214, 암호: 2025)","일정"
"5) 온라인 선교육 참여 방법: 개별적으로 GED(영재교육종합데이터베이스)에 접속 로그인 후 회차별 동영상(수업) 시청","기타"
"8) 선교육 이수 기준: 동영상 수업 93%이상(14차시) 출석","기타"
"1) 선발 평가 응시대상자 명단 발표 일시: 2025. 11. 27.(목) 17:00(예정)","일정"
"2) 발표 방법: GED시스템에서 학생 개별 확인","일정"
"5) 선발 평가 일시: 2025. 12. 6.(토) 10:00~11:30","일정"
"6) 선발 평가 장소: 경기도광주하남교육지원청 3층 대강당(내부사정으로 변경될 수 있음)","일정"
"예 아니오 개인정보 수집 이용 동의합니다.","제출"
"예 아니오 민감정보(건강상태) 개인정보 수집 이용 동의합니다.","제출"
"예 아니오 긴급 위기상담","제출"
"4. 미동의 시 제한 사항 : 학생 긴급상황시 원활하고 빠른 조치에 어려움을 초래할 수 있습니다.긴급 위기상담이용 및 개인정보 수집 이용 동의합니다.","제출"
"예 아니오 긴급 위기상담이용 및 개인정보 수집 이용 동의합니다.","제출"
"예 아니오 교육활동 영상자료(초상권)","제출"
"학교전반교육활동 촬영 및 게재가 불가할 수 있습니다.개인정보 수집 이용 동의합니다.","제출"
"예 아니오 학교홈페이지","제출"
"개인정보 수집 이용 동의합니다.","제출"
"제3자 정보제공에 동의합니다.","제출"
"학생 앱 가입 시 성명 띄어쓰기 없이 입력(영어이름도 띄어쓰기 없이 입력)","준비물"
"소속학교가 없는 학생은 보호자추천서 부록4 교육지원청 제출","제출"
"4. 학교밖청소년의 경우 증빙서류(보호자추천서, 등본) 2025.10.21.(화)18:00까지 인편 제출 (경기도 광주시 광주대로 178, 광주하남교육지원청 2층 지역교육과 영재교육담당자)","제출"
"일시: 2025. 12. 19.(금) 17시 이후(예정)","일정"
"지원 학생이 GED에 접속하여 합격 여부 개별 확인","기타"
"GED 시스템 확인 방법은 지원 학생 매뉴얼 참고","기타"
"학교장추천위원회 회의록 사본과 객관적 증빙서류 첨부","제출"
"소득분위 8분위(기준중위소득 160%) 이하 증명","제출"
"이혼으로 인한 한부모가정의 경우 주민등록등본 기준 거주를 같이하는지 확인","제출"
"사회통합 전형 대상자 확인 증빙 서류는 제출일로부터 7일 이내 발급한 서류여야 함","제출"
"사회통합전형대상자는 별도 전형으로 교사 추천 기간에 학교 영재업무 담당교사가 증빙서류를 확인 후 학교장 확인서를 작성하여 스캔본(PDF파일)을 GED 시스템에서 업로드","제출"
"영재교육원의 장이 정하는 서류 제출(필수, 미제출 시 지원 불가)","제출"
"안전한 학부모 총회가 될 수 있도록 e알리미 가정통신문 회신을 통해 비대면으로 임원을 선출하게 되었습니다.","제출"
"보호자 추천서(부록4 서식 참고)","제출"
"주민등록등본(주소지 확인용)","제출"
"사회통합전형대상자 전형으로 지원하는 경우 관련 증빙 서류 추가 제출","제출"
"제출기간: 학생 지원기간, 2025. 10. 10.(금) ~ 10. 17.(금) 18시까지","일정"
"제출방법: 인편 제출하며, 사전에 전화(031-280-7225) 확인 바람","제출"
"영재교육원 수업 및 각종 프로그램에 참가하기 위한 교통 편의는 별도 제공하지 않으므로 수업 장소까지 이동하는 방법은 개인적으로 강구해야 하며(학생 안전에 유의), 수업일정과 수업장소를 확인하고 지원 바람","기타"
"부록4 소속 학교가 없는 학교밖청소년 보호자 추천서 서식 아래 양식의 내용을 작성하여 제출처(영재교육원)로 인편제출하여 주시기 바랍니다.","제출"
"운영 기간: 2025. 11. 3.(월) ~ 11. 24.(월)","일정"
"학부모 연수 참여를 희망하는 학부모님께서는 신청 링크 또는 QR 코드 접속을 통해 개별 신청하여 주시기를 바랍니다.","제출"
"신청방법: http://m.site.naver.com/1Py31","제출"
"일시 : 2024. 9. 2.(월) 09:30 ~ 11:30","일정"
"대중교통이나 인근 주차장을 이용해 주시길 바랍니다.","기타"
"참가 희망을 원하는 학생은 아래 사항을 확인하시고 신청서 및 동의서를 작성하셔서 4월 3일(금)까지 담임선생님께 제출하시기 바랍니다.","제출"
"운영 기간 : 2026년 4월 ~ 2026년 12월","일정"
"운영 시간 : 매주 월요일 또는 수요일 13:00~14:20(반편성이후 요일 및 시간 조정)","일정"
"인근학교 학생들은 안전하게 등하교할 수 있도록 보호자가 반드시 동행해야 합니다.","기타"
"해당 ( )안에 표시 후 확인란에 서명해 주세요.","제출"
"( )초등학교 ( )학년 ( )반 이름","제출"
"( )참가 가능 요일월( ) 수( ) 가능한 요일 모두 표해주세요.","제출"
"귀가 방법자율귀가( ) 학원귀가( ) 돌봄교실( ) 늘봄교실( )학부모 동행 귀가( ) 인근학교의 경우 학부모동행 필수","제출"
"참가 희망 시작성학생 연락처보호자 연락처개인정보제공동의수집항목: 신청서 기재 사항 수집목적: 2026학년도 기초학력 공유학교 참가 아동 관리보유기간: 신청일로부터 2026학년도 기초학력 공유학교 교육활동 종료일까지 동의함(신청서 제출 시, 동의함으로 간주함) 2026. 3.","제출"
"학부모 (인 또는 서명)학생 (인 또는 서명)경안초등학교장 귀하","제출"
"도보 등교 적극 권장","기타"
"체육관 쪽 1번 교문 차량 주정차 금지 (차량 통행과 학생 도보가 겹쳐 위험, 혼잡)","건강·안전"
"차량 등교시 하차는 3번 교문(빌라옆/구.시계탑)","기타"
"등하교시간 학교 주변 한 방향 통행 협조(부분 일방통행 시간 참조)","기타"
"학부모 차량 교내 진입(회차) 불가","기타"
"학교 주변 정차/하차 지양(가정에서 꼭 지켜주세요)","기타"
"1. 부분 일방통행: 아침 8시-9시, 오후 12시 50분-13시 20분, 14시 30분 - 15시","일정"
"2. '광주 고시텔'과 '쌍용자동차' 쪽 도로에서 학교 방향로 차량 진입 불가","기타"
"2. 8:50까지 등교입니다.","일정"
"등교 시간 잘 지켜주세요.","일정"
"또한 이번 공사 구역이 지상과 가까운 1층~3층인 점을 감안하여 공사 기간 내내 학교가 전면 폐쇄됩니다.","일정"
"등교중지: 해열제 복용 후 등교하지 말고 가정에서 충분히 안정 취하기","건강·안전"
"다른 사람의 신체를 함부로 촬영하지 않습니다.","건강·안전"
"동의 없는 촬영물, 영상, 상대방의 외모에 대한 평가 등을 하지 않도록 합니다.","건강·안전"
"전화번호, 학교 등 개인정보를 함부로 알려주지 마세요.","건강·안전"
"행사명: 2024학년도 1학년 현장체험학습","일정"
"일시: 2024년 10월 18일(금)","일정"
"장소: 퇴촌 금원수목원","일정"
"2025학년도 학부모회 임원에 출마하고 싶으신 학부모님께서는 아래 내용을 참고하시어, 뒷면의 학부모회 임원 입후보자 신청서를 작성하셔서 3월 10일(월)까지 담임선생님께 제출하시기 바랍니다.","제출"
"후보등록 방법 : 뒷면의 입후보자 신청서를 작성하여 제출","제출"
"후보등록 장소 : 각 반 담임선생님께 제출","제출"
"후보등록 기간 : 2025. 03. 05(수) - 03. 10(월)","일정"
"코로나 19로 인하여 e알리미를 통하여 동의서를 온라인으로 수집하고자 하오니 개인정보 수집 이용 및 제3자 제공 관련 내용을 숙지하시어 동의 여부를 e알리미를 통해 제출해주시기 바랍니다.","제출"
"e알리미를 통해 수집하는 개인 정보 목록(목적 포함)을 확인해주세요.","기타"
"각 업무별 개인정보 수집 이용 동의 및 개인정보 제3자 제공 관련하여 모두 동의 시, e알리미에 서명을 첨부하여 회신해주세요.","제출"
"항목별로 동의 여부가 다르거나 비동의 시, 담임선생님을 통해 서면으로 체크하여 제출해주세요.","제출"
"사정에 의해 개인정보 제공에 동의하지 않은 경우 미리 담임교사와 연락하여 다른 대안을 마련하시기 바랍니다.","기타"
"동의 거부 시 불이익 사항을 꼼꼼히 확인하신 후 동의 여부를 체크해 주십시오.","기타"
"본인확인을 위한 고유식별정보 수집 동의(주민등록번호)","제출"
"본인확인을 위한 고유식별정보 제3자 제공 동의(주민등록번호)","제출"
"본인확인을 위한 고유식별정보 수집 이용 동의(주민등록번호)","제출"
"미동의 시 불이익은 없으나 해당 부분에 대해 직접 서류를 제출해야함","제출"
"신청기간: 2020.06.01.(월) 09:00~2020.06.03.(수) 17:00","일정"
"신청방법: 본원 홈페이지(http://www.gise.kr/) 회원가입 후 로그인 → 상단 메뉴 체험활동 → 체험학습신청 클릭 → 체험학습 신청게시판 검색(강좌명 검색어: 미래과학) → 해당 학년별 수강하고자 하는 프로그램 클릭 후 자료입력 → 수강신청","제출"
"경기도융합과학교육원 홈페이지에 제작 후 소감 기록 (사진 첨부 가능)","제출"
"경기도융합과학교육원 홈페이지에서 만족도 조사 실시","제출"
"신청기간: 2020.06.12.(금) 18:00 ~ 2020.06.13.(토) 17:00 (연중 1회 신청)","일정"
"평일과 주말에 가족 내 일상으로 운동을 스케줄에 넣어 같이 해 주십시오.","기타"
"가능하다면 주간 혹은 월간 계획을 세워서 잘 실천하고 있는지 점검해보는 것도 좋습니다.","기타"
"외출 전에 거울이나 옷차림 확인하기","기타"
"나갔다 들어오면 손을 씻기","건강·안전"
"늦은 시간에 식사하지 않기","건강·안전"
"이런 노력에도 불구하고 학교나 가정에서의 적응의 어려움을 보이거나 신체상의 왜곡을 보이는 경우, 지나친 걱정이나 불안, 우울감에 시달릴 때는 반드시 정신건강 전문가와 상의해 주시길 바랍니다.","기타"
"이에 정보통신윤리교육 및 스마트기기 관리 사이트를 안내하오니 참고하시어 가정에서 지도해주시기 바랍니다.","기타"
"스마트폰 사용 습관 확인 한국정보화진흥원 스마트쉼센터 홈페이지 '스마트폰 과의존 유아동척도(관찰자용/성인용)' 활용","기타"
"신청방법: e알리미 가정통신문 입후보자 신청서, 개인정보수집동의서 회신","제출"
"등록일시: 2020년 6월 10일 ~ 6월 16일 (7일간)","일정"
"구비서류: 입후보자 신청서, 개인정보수집동의서 각 1통","제출"
"선거일시: 2020년 6월 23일 14:00","일정"
"학생들의 인터넷 스마트폰 이용에 따른 유해정보 차단 및 스마트폰 역기능 예방을 위해 무료 앱 보급을 안내해 드리니, 인터넷 스마트폰 이용을 올바르게 할 수 있도록 가정에서 지도하여 주시기 바랍니다.","기타"
"'구글 플레이 스토어'에서 그린i-Net, 그린아이넷, PC 관리 등으로 검색하여 무료로 다운로드 하신 후에 편리하게 사용할 수 있습니다.","기타"
"어린 자녀들의 컴퓨터 이용시간을 학부모님들이 관리할 수 있는 기능을 적절히 활용하는 것도 도움이 될 것입니다.","기타"
"방법 : e알리미 가정통신문 회신","제출"
"기간 : 2020년 6월 10일 ~ 6월 16일까지 (7일간)","일정"
"늦는 경우에는 꼭 연락을 해 주려무나.","기타"
"가정폭력 피해신고 112에 꼭 연락하세요.","건강·안전"
"본교에서는 학생들이 공감 소통하고, 배려와 존중하는 태도를 실천하며, 긍정적인 인성을 갖추기 위해 10월 12일부터 10월 23일까지 '2학기 인성교육 실천주간'을 아래와 같이 운영하고자 하오니, 가정에서도 자녀들의 바른 인성 함양을 위한 실천 운동에 적극 참여해 주시기 바랍니다.","일정"
"밥상머리교육, 자녀에게 책 읽어주기, 기본생활습관형성, 예절교육, 자녀와의 고민 상담 등 자녀들과 함께할 수 있는 다양한 활동을 함께 실천해 주시기 바랍니다.","기타"
"이에 인성교육 실천 운동을 확산하기 위해 10월 12일부터 10월 23일까지 '2학기 인성교육 실천주간'을 아래와 같이 운영하고자 하오니, 가정에서도 자녀들의 바른 인성 함양을 위한 실천 운동에 적극 참여해 주시기 바랍니다.","일정"
"밥상머리교육을 통한 가족사랑 실천하기","기타"
"기본생활습관 형성 예절 교육, 밥상머리 교육, 자녀 책 읽어주기, 자녀와의 고민 상담 등 가정에서 자녀들과 함께할 수 있는 다양한 활동을 실천해 주십시오.","기타"
"매주 수요일 가족 사랑의 날을 실천해 봅시다.","기타"
"별첨 바른 언어 사용 서약서 나는 오늘부터 욕설, 비방, 은어, 잘못된 인터넷 언어를 사용하지 않고 바르고 아름다운 우리말을 사용하여 언어폭력 및 학교폭력을 줄이고 바른 인성을 함양할 것을 가족과 친구와 선생님들 앞에서 약속합니다.","제출"
"교육시간동안 주차를 원하시면 접수 시 말씀해 주시기 바랍니다.","기타"
"각 차수별 교육프로그램의 내용은 동일하오니 1~5차 교육일정에서 선택하여 신청해 주시기 바랍니다.","제출"
"일정 변경은 교육 시작 14일 전까지 가능","기타"
"1학년: 모루세트, 깔끔이접시, 파일, 딱풀, 매직스펀지, 면봉, 모양자세트, 목공용풀, 뿅뿅이, 스티커눈알, 백상지, 모양스티커, 아이스크림막대, 젓가락연습용 새우깡, 칼라종이컵, 박스테이프, 투명양면테이프, 유성매직, 네임펜, 동전자석, 클레이, 둥근색종이, 탈지면, 털실, 모양포스트잇, 스크레치페이퍼, 지퍼백, 미니화분, 비닐장갑, 라벨지, 아크릴스프레이, 카드링, 무씨, 강낭콩씨앗, 배양토","준비물"
"2학년: 비즈팔찌만들기, 색연필, 싸인펜, 색도화지, 양면색종이, 작품이름표, 투명양면테이프, 콩주머니 찰흙, 풍선, 클립, 고무찰흙, 나무젓가락, 포스트잇, 긴고무줄, 아이스크림막대, 수수깡, 지끈, 활핀, 스티로폼공, 비닐장갑, 비석치기, 산적꼬지, 라벨지, 네임펜, 셀로판테이프","준비물"
"3학년: 명화체험달력만들기, OHP필름, 검은색도화지, 네임펜, 딱풀, 4절도화지, 8절도화지, 모루세트, 미니파래트가방, 백상지, 붓펜, 스크래치액자만들기, 색도화지, 지점토, 찰흙, 종이컵, 코팅필름, 만지락하드유토, 같은색단면색종이, 목공풀, 화선지","준비물"
"4학년: 8절칼라퍼레이드아트팩, 검은색도화지, 스크랩북앨범, 도화지, 두꺼운도화지, 딱풀, 무지손수건, 유성매직, 머메이드지, 우드락본드, A4흰색도화지, OHP필름, 스트로폼공, 접착용수철, 투명테이프, 포스트잇, 색연필, 찰흙, 종이컵","준비물"
"5학년: 캐스터네츠, 트라이앵글, 우드블럭, 도화지(8절, 4절, 2절), 플라잉칼라, 찰흙, 무지상장용지, 스템프A4도화지(미색), 조각용지우개, 조각도(세모칼, 둥근칼), 한석봉 물로쓰는 수필서예, 타원5칸접시화홍세필320낱자루, 화선지, 동양화채색붓, 서예깔판, 스크레치페이퍼, 검정도화지, 포스터칼라, 자연생태학습용(방울토마토, 봉선화, 메시지콩, 미모사, 패랭이꽃)","준비물"
"6학년: 주머니만들기, 유성매직세트, 도화지(8절, 4절), 네임펜, 투명테이프, 물로쓰는서예세트, 서예붓, 먹물, 붓펜, 공예용철사, 8절양면색상지, 털실, 목공풀, 30CM자, 커팅매트, 접시, 칼라종이접시, 일회용장갑, 일회용비닐, 종이컵, 번호스티커, 코팅필름, 옹이토, 숟가락, 흰도화지, 방울토마토키우기","준비물"
"1. 일주일에 두 번 이상 '가족식사의 날'을 가진다.","기타"
"2. 정해진 장소에서 정해진 시간에 함께 모여 식사한다.","기타"
"3. 가족이 함께 식사를 준비하고 함께 먹고 함께 정리한다.","기타"
"4. TV는 끄고, 전화는 나중에 한다.","기타"
"5. 대화를 할 수 있도록 천천히 먹는다.","기타"
"6. 하루일과를 서로 나눈다.","기타"
"7. '어떻게 하면 좋을까?'식의 열린 질문을 던진다.","기타"
"8. 부정적인 말은 피하고 공감과 칭찬을 많이 한다.","기타"
"9. 아이의 말을 중간에 끊지 말고 끝까지 경청한다.","기타"
"10. 행복하고 즐거운 가족식사가 되도록 노력한다.","기타"
"집중신청기간 3.2.(월)~3.20.(금), 주민센터 또는 온라인 신청","제출"
"교육비원클릭 신청 시스템(http://oneclick.moe.go.kr)에서 간편하게 신청 필요 여부를 확인하실 수 있습니다.","기타"
"내용: 2020년 3월 2일(월) ~ 3월 20일(금) 연중 신청 가능하나 학년초부터 지원받을 수 있도록 집중신청기간에 신청하는 것이 유리","일정"
"신청 방법(택1): 방문신청 또는 온라인 신청(공인인증서 필요)","제출"
"방문신청: 학부모 주민등록주소지 읍면동 주민센터 방문","제출"
"온라인 신청: 복지로(http://www.bokjiro.go.kr) 또는 교육비 원클릭 시스템(http://oneclick.moe.go.kr)","제출"
"제출 서류: 신청서, 소득재산신고서, 금융정보등 제공 동의서, 각종 증빙자료","제출"
"일시 및 대상: 2020년 6월말 ~ 2020년 10월","일정"
"참가비: 학생승마 96,000원(체험비 90,000원, 보험료 6,000원)","비용"
"신청서 제출 마감일: 2020년 6월 12일(금)까지","제출"
"출석확인 방식이 지문인식기 도입으로 사용 미동의 시 강습이 제한됩니다.","기타"
"전체 참여승마장은 생활 속 거리두기 지침(실내체육시설)을 준수하며 강습 시 마스크 착용, 손 소독, 일정 간격유지 등을 준수합니다.(미준수 시 강습 제한될 수 있음)","건강·안전"
"성폭력, 인권교육, 비위 사실 인지 시 신고하시기 바랍니다.","기타"
"안전 Dream 앱을 다운 받습니다.","준비물"
"사전등록신청을 눌러 본인인증을 합니다.","제출"
"정보를 입력합니다.(대상정보, 사진 및 지문정보 등)","제출"
"장소: 서울대학교 관악캠퍼스 (도착장소는 가정통신문 내에 별도로 안내함)","일정"
"일정: 2020년 6월 6일 ~ 7월 4일(매주 토요일)","일정"
"참가비: 150,000원(학생/1인) 교육비, 교재비, 관리비, 식비, 보험료 등 기타 제반비용 모두 포함","비용"
"홈페이지 신청: 명지대학교 영재교육센터 홈페이지 (https://www.metaschool.org) 접속","제출"
"회원가입 및 로그인 후 ""명품융합과학교실"" 배너 클릭 - 신청하기","제출"
"정보입력 - 결제 - 신청완료 문자 확인","제출"
"학부모님들께서는 개인이 준비하는 기본 학습준비물과 학교에서 제공하는 학습준비물의 범위를 참고 하시어 학교와 중복 구입하지 않도록 협조하여 주시고, 자녀들이 공용 물품을 소중히 여기고 아껴 쓰는 습관을 갖도록 지도해 주시기 바랍니다.","기타"
"신뢰하는 어른에게 사정을 말하고 도움을 요청하세요.","건강·안전"
"모든 메시지와 사진을 저장해 두어야 합니다.","건강·안전"
"학생들이 거침없이 꿈꾸고, 당차게 도전할 수 있도록 경기도교육청과 마을공동체가 연계하여 2020 경기꿈의학교 참여 학생을 다음과 같이 모집합니다 꿈의학교란, 경기도 내 학교 안팎의 학생과 청소년들이 자유로운 상상력을 바탕으로 무한히 꿈꾸고, 질문하고, 스스로 기획 도전하면서 삶의 역량을 기르고 꿈을 실현해 나가도록 학교와 마을교육공동체 주체(학부모, 마을활동가, 주민, 교육지원청, 지자체 등)가 지원하고 촉진하는 학교 밖 교육활동으로 학생꿈조사 상위 11개 분야(스포츠, 과학, 요리, 미술, 인문 사회, 영상 영화, 음악, 창업, 생태, 뮤지컬 연극, 진로 등)를 교육생태계 기반으로 하는 미래 교육입니다.자녀분들의 적극적인 참여 신청을 부탁드리며, 꿈을 응원합니다.","제출"
"신청 대상: 경기도 내 초 중 고 학생 및 동일 연령대 학교 밖 청소년 운영 기간: 5월~12월(주말, 방과후, 방학기간에 운영) 운영 차시 경기도 내 학생 1인당 꿈의학교 1개만 참여 가능 80%이상 출석 시 학교생활기록부 기재(12월 중, 별도 평가 없음) 비용: 무료 꿈의학교별 특성에 따라 운영 기간, 시간, 활동내용, 장소 등 모든 내용이 동일하지 않으므로 꿈의학교 홈페이지에서 확인하시기 바랍니다.","일정"
"신청 기간: 2020.4.1.(수) 오후 2시부터~각 꿈의학교별 모집 마감까지 신청 방법 1. '경기꿈의학교' 홈페이지 검색창에 경기꿈의학교 를 검색 후, 홈페이지 (http://village.goe.go.kr) 접속","일정"
"2. 모바일 알림장 '아이엠스쿨' 모바일 알림장 '아이엠스쿨' 실행 후, 중앙 2020 경기꿈의학교 신청하기 배너 선택 (상세 방법 아래 확인 2020년 4월 24일 풍덕초등학교장 모바일 알림장'아이엠스쿨'로'꿈의학교'신청하기 '아이엠스쿨'설치 및 회원가입 방법 OOOO 학교OOOO 학교OOOO 학교 OOOO 학교 OOOO 학교 OOOO 학교 7) 자녀 이름 입력 후, 학교명 검색8) ㅇㅇㅇㅇ학교 검색 후 선택 버튼 선택9) 학년, 반 선택 후 완료 버튼 선택 10) 성별, 동의란 선택 후, 저장 후 다음단계 버튼 선택 11) 저장 후 시작 선택(주변 관심 학교가 있을 경우 학교명을 검색하세요.)12) 시작하기 버튼 선택 ""꿈을 키우며 함께 성장하는 학교"" 풍덕 통신 2020학년 경기 꿈의 학교 참여 학생 모집 안내 담 당 안전생활진로부 교무실 261-0052(505) 2020-34호 FAX 261-0055 꿈의학교란, 경기도 내 학교 안팎의 학생과 청소년들이 자유로운 상상력을 바탕으로 무한히 꿈꾸고, 질문하고, 스스로 기획 도전하면서 삶의 역량을 기르고 꿈을 실현해 나가도록 학교와 마을교육공동체 주체(학부모, 마을활동가, 주민, 교육지원청, 지자체 등)가 지원하고 촉진하는 학교 밖 교육활동으로 학생꿈조사 상위 11개 분야(스포츠, 과학, 요리, 미술, 인문 사회, 영상 영화, 음악, 창업, 생태, 뮤지컬 연극, 진로 등)를 교육생태계 기반으로 하는 미래 교육입니다.","제출"
"1) 아이엠스쿨 앱 아이콘 선택 2) 2020 경기꿈의학교 신청 하기 배너 선택 3) 내 주변 지역 꿈의학교 확인 후, 신청을 원하는 꿈의학교 아이콘 선택 4) 하단 파란색 글자 꿈의학교 활동명 선택 5) 참여신청 버튼 선택 6) 로그인 버튼 선택 후, 로그인 및 신청 진행 경기마을교육공동체 계정이 없으신 학부모님께서는 회원 가입을 부탁드립니다.","제출"
"1) Play 스토어 실행 (아이폰은 앱 스토어) 2) '아이엠스쿨' 검색 후 설치 버튼 선택 3) 아이엠스쿨 앱 아이콘 선택 4) 회원가입 계정 선택 (카카오톡, 페이코, 페이스북, 네이버, 휴대전화번호 중 택 1) 5) 회원가입 정보 입력, 휴대폰 인증 후 가입하기 버튼 선택 6) 만나러 가기 버튼 선택 7) 자녀 이름 입력 후, 학교명 검색 8) ㅇㅇㅇㅇ학교 검색 후 선택 버튼 선택 9) 학년, 반 선택 후 완료 버튼 선택 10) 성별, 동의란 선택 후, 저장 후 다음단계 버튼 선택 11) 저장 후 시작 선택(주변 관심 학교가 있을 경우 학교명을 검색하세요.) 12) 시작하기 버튼 선택","제출"
"바쁜 아침시간에, 특히 맞벌이 가정에서는 여건상 어려움이 많으시겠지만, 자녀들의 안전 등하교를 위해 학부모님들이 기쁜 마음으로 봉사에 참여해 주시리라 믿습니다.","기타"
"다 음 활동내용 : 등교시간 학교 주변 교통지도 활동대상 : 본교 전교 학부모님 (가족, 지인의 대체 봉사 가능함) 활동시간 : 오전 8:20 ~ 9:00(40분) 연중 활동일 : 1인 2일 정도(학급 당 4일 봉사함) 활동장소활동인원수주민센터 사거리 횡단보도 2명/동부아파트 정문 앞 횡단보도 건너편 1명 , , 3명동문아파트 CJ빌리지 횡단보도/동부아파트 105동 앞 횡단보도 , , , 4명우성빌라 삼거리 횡단보도 , 2명더샾이스트포레 정문 건너편 1명 활동장소 및 활동인원 앞으로도 안전한 등하교 지도에 만전을 기하는 풍덕초등학교가 될 것을 약속드리며, 학부모님의 지원과 도움을 받고자 합니다.","일정"
"아울러 어머니들의 안전을 위하여 가입비 없이 나눔포털1365(http://www.nanumkorea.go.kr) 회원가입(지역명: 용인)과 동시에 상해보험 가입됩니다.","기타"
"봉사활동 일정표(2020.5.27.~2021.4.8.) 봉사 구역도 2020년 5월 21일 풍 덕 초 등 학 교 장 ""꿈을 키우며 함께 성장하는 학교"" 풍덕 통신 녹색어머니회 활동 안내 담 당 안전생활지도부 교무실 261-0052(113) 2020-43호 FAX 261-0055 활동장소 활동인원수 주민센터 사거리 횡단보도 2명/동부아파트 정문 앞 횡단보도 건너편 1명 , , 3명 동문아파트 CJ빌리지 횡단보도/동부아파트 105동 앞 횡단보도 , , , 4명 우성빌라 삼거리 횡단보도 , 2명 더샾이스트포레 정문 건너편 1명 담당 학급 녹색어머니 봉사일 담당 학급 녹색어머니 봉사일 2-1(4일) 5/27,5/28,5/29,6/01 4-1(4일) 10/16,10/19,10/20,10/21 2-2(4일) 6/02,6/03,6/04,6/05, 4-2(4일) 10/22.10/23.10/26,10/27 2-3(4일) 6/08,6/09,6/10,6/11 4-3(4일) 10/28.10/29.10/30,11/02 2-4(4일) 6/12,6/15,6/16,6/17 4-4(4일) 11/03,11/04,11/05,11/06 2-5(4일) 6/18,6/19,6/22,6/23 4-5(4일) 11/09,11/10,11/11,11/12 2-6(4일) 6/24,6/25,6/26,6/29 4-6(4일) 11/13,11/16,11/17,11/18 2-7(4일) 6/30,7/01,7/02,7/03 4-7(4일) 11/19,11/20,11/23,11/24 6-1(4일) 7/06,7/07,7/08,7/09 4-8(4일) 11/25,11/26,11/27,11/30 6-2(4일) 7/10,7/13,7/14,7/15 3-1(3일) 12/01,12/02,12/03(3학년 6월1일 분반으로 4일에서 3일씩 재배정함) 6-3(4일) 7/16,7/17,7/20,7/21 3-2(3일) 12/04,12/07,12/08 6-4(4일) 7/22,7/23,7/24,7/27 3-3(3일) 12/09,12/10,12/11 6-5(4일) 7/28,7/29,7/30,7/31 3-4(3일) 12/14,12/15,12/16 6-6(4일) 8/03,8/04,8/05,8/06 3-5(3일) 12/17,12/18,12/21 6-7(4일) 8/07,8/24,8/25,8/26 3-6(3일) 12/22,12/23,12/24 6-8(4일) 8/27,8/28,8/31,9/01 3-7(3일) 12/28,12/29,12/30 5-1(4일) 9/02,9/03,9/04,9/07 1-1(4일) 12/31,1/04,1/05,1/06 (2021년) 5-2(4일) 9/08,9/09,9/10,9/11 1-2(4일) 1/07,3/15,3/16,3/17 (2021년) 5-3(4일) 9/14,9/15,9/16,9/17 1-3(4일) 3/18,3/19,3/22,3/23 (2021년) 5-4(4일) 9/18,9/21,9/22,9/23 1-4(4일) 3/24,3/25,3/26,3/29 (2021년) 5-5(4일) 9/24,9/25,9/28,9/29 1-5(4일) 3/30,3/31,4/01,4/02 (2021년) 5-6(4일) 10/05,10/06,10/07,10/08 1-6(4일) 4/05,4/06,4/07,4/08 (2021년) 5-7(4일) 10/12,10/13,10/14,10/15 계 165일","일정"
"2020학년도 경기도용인교육지원청 관내 영재교육대상자 3월 선발에 관한 사항을 아래와 같이 안내하오니, 선발에 응시하고자 하는 학생들은 아래의 희망신청서를 6월 10일(수요일) 까지 각 학급 담임교사에게 제출하여 주시기 바랍니다.","제출"
"등교일이 아니어서 희망신청서를 제출하지 못할 경우에는 2학년 3반 으로 전화주시기 바랍니다.","제출"
"반드시 GED 사이트 상의 온라인 지원을 해야 합니다.","제출"
"출품서류 제출 기간: 2020. 6. 19.(금)~6. 25.(목)","일정"
"제출 서류: 대회 출품 추천 목록 1부, 출품 원서 1부, 출품 서약서 1부, 작품 요약서 1부, 개인정보 제공동의서 1부, 작품 설명서 3부","제출"
"작품 설명서 파일 신청 희망 시 풍덕초 5-7에 연락요망","기타"
"작품 반입/면담 심사: 2020. 8. 8.(토)","일정"
"비대면 심사(영상)를 희망하는 경우 영상 파일 및 공문을 제출합니다.","제출"
"작품 반출: 2020. 8. 8.(토)","일정"
"상담 기간: 2020년 9월 7일 ~ 9월 11일(상담기간 이후에도 수시 상담 가능)","일정"
"상담 기간 : 2020년 4월 13일 ~ 4월 30일","일정"
"상담 시간 : 9시 30분 ~ 16시","일정"
"상담 방법 : 담임교사 전화","기타"
"먼저, 담임교사에게 학교폭력 사실을 알리세요. 증거를 확보하세요.","기타"
"교문 앞에서 아이를 기다려 주세요.","일정"
"아이와 친구, 교사에게 정확한 경위를 확인합니다. 잘못을 인정하세요.","기타"
"아이의 잘못과 부모의 책임을 인정합니다. 진심으로 사과하세요.","기타"
"아이와 함께 사과하고 회복을 지원합니다. 아이의 학교생활에 관심을 가지세요.","기타"
"자녀와 많은 대화를, 선생님과는 정보 공유를","기타"
"수시로 다양한 방법으로 자녀의 행동발달 상황과 교우관계를 파악하여야 합니다.","기타"
"자녀에게 사소한 폭력이나 장난이라도 당하는 입장에서는 심각한 폭력이 될 수 있음을 교육합니다.","건강·안전"
"평소 다른 친구에게 모욕적인 말투를 쓰는 자녀, 잘난 체하는 행동의 자녀, 유별난 복장을 하는 자녀에 대한 지도를 철저히 해주세요.","기타"
"자녀와 대화, 문자, 이메일, 전화 등을 통한 수시 관심 및 조언을 하고, 핸드폰 문자, 카톡 등 SNS 메세지, 블로그 등을 관심을 가지고 살핍니다.","기타"
"수집항목: 자녀의 학년 반, 학부모 성명, 휴대폰 번호","제출"
"미동의 시 동의를 거부할 수 있으며, 미동의 시 각종 교육활동 관련 안내 및 참여에 제한이 있을 수 있습니다.","제출"
"수집항목: 학교명, 학생성명, 학생주민등록번호, 계좌번호, 예금주성명, 예금주 생년월일, 연락처, 학생식별번호","제출"
"미동의 시 학교에서 진행하는 건강검진을 할 수 없으며, 개인적으로 검진을 받아야 합니다.","제출"
"수집항목: 학생 성명, 전화번호, 주소, 주민등록번호, 가족사항, 본교 형제관계, 학생 실태 등","제출"
"미동의 시 학생신상파악이 미흡하여 담당교사의 심도 있는 학생 지도에 어려움을 초래할 수 있습니다.","제출"
"또한, 코로나 19로 학년별 등교일이 상이하여 e알리미를 통해 동의서를 온라인으로 수집하고자 하오니 개인정보 수집 이용 및 제3자 제공 관련 내용을 숙지하시어 동의 여부를 e알리미를 통해 제출해주시기 바랍니다.","제출"
"- 각 업무별 개인정보 수집 이용 동의 및 개인정보 제3자 제공 관련하여 모두 동의 시, e알리미에 서명을 첨부하여 회신해주세요.(모두 동의 시 서명 한번으로 제출) - 항목별로 동의 여부가 다르거나 비동의 시, 파일을 출력하시어 체크해 주시고, 등교일에 담임선생님께 제출해주세요.","제출"
"가입인증키는 일주일 공개 후 삭제 예정, 이후에는 학교 정보담당교사에게 문의(031-261-0052-512)","기타"
"교육비 대상자 선정 결과에 대한 이의제기는 결과를 통지받은 날부터 90일 이내 신청가능합니다.","제출"
"이의신청 집중접수 기간 운영: 2021. 5. 17.(월) ~ 5. 28.(금)","일정"
"교육비 지원 신청서 제출 이후 취소하고자 하는 경우, 읍면동 주민센터 또는 학교와 상담하여 주시기 바랍니다.","기타"
"2021년도 교육급여 및 교육비 지원 안내 - 집중신청기간 3.2.(화)~3.19.(금), 주민센터 또는 온라인 신청","제출"
"신청기간: 2021년 3월 2일(화) ~ 3월 19일(금)","일정"
"연중 신청 가능하나 학년초부터 지원받을 수 있도록 집중신청기간에 신청하는 것이 유리","기타"
"기초생활(교육급여)수급자, 한부모가족보호대상자, 법정차상위 계층에 해당되어도, 반드시 신청해야 합니다.","제출"
"교육급여 신청 후 지원대상자에 탈락해도 소득재산 기준에 따라 초중고 교육비 지원은 받을 수 있으므로 교육급여, 교육비 동시 신청하는 것이 유리","기타"
"신청 방법 - 방문신청: 학부모 주민등록주소지 읍면동 주민센터 방문","제출"
"신청 방법 - 온라인 신청(공인인증서 필요): 복지로(http://www.bokjiro.go.kr), 교육비 원클릭 시스템(http://oneclick.moe.go.kr)","제출"
"필요 서류: 통장사본, 신분증, 신청서, 소득재산신고서, 금융정보등 제공 동의서, 각종 증빙자료 등 (신청, 신고서식은 주민센터에 비치되어 있음)","제출"
"출마를 희망하는 현재 4, 5학년 학생은 2020.12.21(월) 21시 까지 e알리미로 꼭 회신해주시기 바랍니다.","제출"
"후보자등록신청서 1부","제출"
"공약서 1부(공약서 양식은 자유롭게 작성)","제출"
"후보자 신청: 2020.12.21(월) 21시까지 e알리미 회신, 담당교사 메일로 서류 제출","제출"
"최종 후보자 추천: 2020.12.22(화) 21시까지 e알리미 회신","제출"
"선거포스터 제출: 2020.12.24(목) 담당교사(5-6) 사진 파일(1장)","제출"
"소견발표 영상 제출: 2020.12.28(월) 담당교사(5-6) 동영상 파일(2분)","제출"
"투표일: 2020.12.30(수) 2교시 창체 중앙선거관리위원회 온라인투표","일정"
"운영기간: 2021.3.15.(월) ~ 별도 안내 시까지","일정"
"1~2학년 3~6학년 비고 교시 시간 교시 시간 등교시간 08:50-09:00 등교시간 08:40-08:50 전학년 수업 종료 후 급식 후 하교합니다.","일정"
"(1학년은 3월 16일(화)부터 적용) 학년별 요일별 하교시간은 주간학습안내를 참조하여 주시기 바랍니다.","일정"
"6학년 학부모님을 대상으로 2021학년도 중학교 신입생 배정을 위한 학부모 온라인 설명회를 다음과 같이 개최하고자 하오니 참석하시어 자녀의 원서 작성에 참고하시기 바랍니다.","일정"
"1. 일 시 : 2020. 10. 28. (수) 14:00","일정"
"2. 방 법 : ZOOM시스템을 활용한 온라인 설명회 ZOOM시스템 주소 안내: 당일 13:00 2020.10.28.(수) E알리미로 전송","일정"
"3. 참석자 사전 준비사항 - (필수) PC 또는 노트북(인터넷 연결, 이어폰 연결)","준비물"
"(권장) 웹카메라, 헤드셋(마이크) / 노트북은 내장되어 있음","준비물"
"(S/W 설치) PC 또는 노트북에 Zoom S/W 설치(Zoom 접속 방법 참고)","준비물"
"PC로 참여 - 프로그램 다운로드: https://zoom.us/download","준비물"
"ZOOM 홈페이지를 통해 최신 버전의 프로그램 다운로드 설치","기타"
"스마트폰으로 참여 - 앱스토어 또는 플레이스토어에서 ZOOM Cloud Meetings 앱 설치","기타"
"3월 8일(월) 10:00까지 e알리미로 회신하여 주시기 바랍니다.","제출"
"기초수급 및 차상위 가정 - 주민등록등본, 수급자(자격)증명서 필요","제출"
"한부모 가정, 조손가정 - 주민등록등본, 자격증명서류 필요","제출"
"맞벌이 가정 - 재직증명서 또는 재직확인서, 기타 취업증명 서류, 주민등록등본 필요","제출"
"코로나19 대응 의료진 가정 - 재직증명서 또는 재직확인서, 기타 취업증명 서류, 주민등록등본 필요","제출"
"모든 서류의 개인정보를 최소화하여 제출(주민번호비공개등)","제출"
"봉사활동 실적 연계사이트를 활용하는 경우, 학생은 봉사활동 계획서 및 확인서를 학교에 제출할 필요가 없으나 사전 담임교사와 상담 필요","제출"
"사전 봉사활동계획서(학교홈페이지 탑재)를 제출하여 학교장이 승인(허가)한 경우에만 봉사활동 실적으로 입력할 수 있음","제출"
"1. 운영기간 : 2021. 3. 15.(월) ~ 긴급돌봄 종료시(전면 등교수업 시까지)","일정"
"2. 운영시간 : 학년별 교육과정에 따른 운영 시간과 동일 적용","일정"
"4. 운영장소 : 본관 3층 방과후 1,2교실(신청자 모집 후 대상자에게 정확한 장소를 따로 공지 예정)","일정"
"지정된 장소에서 쌍방향 원격수업이 가능한 기기(노트북, 패드, 휴대폰 등) 및 이어 폰 또는 마이크 기능이 있는 헤드셋을 지참하여 등교 나.","준비물"
"2) 가정에서 발열 체크 후 이상 없을 시 등교하며 반드시 마스크 착용해야 합니다.(여분의 마스크 지참) 3) 등교 전 자가진단을 필수로 하며 학교에서 발열 체크 후 37.5도 이상 체온이 측정되는 경우와 코로나 임상증상이 발현되는 경우 즉시 귀가 조치합니다.","건강·안전"
"계획 단계: 주제선정, 목표 및 계획 수립, 계획서 학교 제출, 학생 봉사활동추진위원회 심의","제출"
"조사 기간: 2021년 9월 13일(월)~2021년 10월 31일(일)","일정"
"참여 방법: 모바일 수요조사(URL 또는 QR코드를 통해 참여 가능)","제출"
"현재 1~5학년 자녀가 2명 이상일 경우 자녀 수만큼 각각 설문 참여","제출"
"신청 방법: 학부모 주민등록주소지 읍면동 주민센터 방문","제출"
"신청 방법: 복지로(http://www.bokjiro.go.kr) 온라인 신청","제출"
"신청 방법: 교육비 원클릭 시스템(http://oneclick.moe.go.kr) 온라인 신청","제출"
"제출 서류: 통장사본, 신분증, 신청서, 소득재산신고서, 금융정보제공 동의서, 각종 증빙자료","제출"
"신청시기: 2022년 6월 29일(수)~2022년 9월 30일(금)","일정"
"교육급여 학습특별지원금 신청 누리집(https://edupoint.kosaf.go.kr)을 통해 신청","제출"
"3~5월 교육급여 수급권자는 6월 29일부터 바로 신청 가능","일정"
"6월 신규 교육급여 수급권자는 7월 25일부터 신청 가능","일정"
"7월 신규 교육급여 수급권자는 8월 22일부터 신청 가능","일정"
"사용기한: 지급 완료 시점~2022년 12월 31일(토)까지","일정"
"영어 말하기 한마당 (English Speaking Festival) 참가 신청서 및 원고 학년 반 이름 : 휴대폰 번호: 학부모 확인: (인) 참가자및분야 학년 반 이름 분야 ( storytelling / speech ) 제목 영어로 작성해주세요.","제출"
"소개 한 두 문장으로 간략하게, 한글로 작성해주세요.","제출"
"분량 약 ( ) 분내용 안내 사항- 제목과 내용은 영어로, 소개는 한글로 작성해주세요.- 3분 내외의 분량- 글씨 크기 11포인트, 줄 간격 160%, 함초롬돋움체 영어로 작성해주세요.","제출"
"내용 영어로 작성해주세요.","제출"
"집중신청기간: 2022년 3월 2일(수)~3월 18일(금)","일정"
"교육비의 경우 교육비원클릭신청시스템(http://oneclick.moe.go.kr)을 통해 확인 필요","제출"
"연중 신청 가능하나 학년 초부터 지원받을 수 있도록 집중신청기간에 신청하는 것이 유리","일정"
"온라인 신청: 복지로(http://www.bokjiro.go.kr)","제출"
"온라인 신청: 교육비 원클릭 시스템(http://oneclick.moe.go.kr)","제출"
"공동인증서 필요","제출"
"제출 서류: 통장사본, 신분증, 신청서, 소득재산신고서, 금융정보제공 동의서, 각종 증빙자료 등","제출"
"신입생의 경우 입학 이후 신규신청 필요","제출"
"초등학교 신입생의 경우 교육급여만 신청을 원하는 기초생활수급가구는 관할 주민센터에 문의","기타"
"보호자는 학부모회, 봉사단체(예, 교통봉사단)의 활동에 참여하기 위해 노력한다.","기타"
"보호자는 민원 또는 상담으로 인해 학교 방문시 사전 연락을 통해 협의한 후 방문하도록 한다.","기타"
"보호자는 학생의 학습권 보장, 교원의 교육활동 보호를 위해 긴급사항 이외에는 수업시간에 교실 또는 특별실을 방문하거나 연락하지 않는다.","기타"
"보호자는 교원의 사생활 보호를 위해 가능한, 근무시간 이후에는 교원의 개인 연락처로 연락하지 않으며 긴급사항(학생 실종, 유괴, 질병 등)의 경우에는 예외로 한다.","기타"
"학생(자녀)의 평소와 다른 이상 행동(불면, 폭식 등) 또는 질병(발열, 기침 등)을 관찰한다.","건강·안전"
"학생(자녀)의 인터넷 스마트폰 사용시 중독 증상(과도한 사용시간 등)을 주의한다.","건강·안전"
"학생(자녀)의 청소년 유해 매체(음란물, 폭력물, 게임 등) 중독 증상을 관찰한다.","건강·안전"
"학생(자녀)가 폭력서클(예, 일진)에 관심을 가지거나 참여할 경우를 주의한다.","건강·안전"
"학생(자녀)의 건강한 학교생활을 위해 가정 신상의 문제 발생 등을 상담한다.","기타"
"학생은 질병(예, 머릿니)에 걸리지 않도록 자신의 두발을 깨끗하게 관리하도록 노력한다.","건강·안전"
"학생은 피부병에 걸리지 않도록 자신의 용모를 깨끗하게 관리하도록 노력한다.","건강·안전"
"흉기 등 사람의 신체 생명 또는 시설을 해할 우려가 있는 물건","건강·안전"
"성냥, 라이터, 폭죽 등 인화물질 및 전열기","건강·안전"
"도박에 관련된 물건","건강·안전"
"본교 이외의 단체 및 대회에 참가, 또는 방문을 하고자 할 때에는 학교장의 사전 승인 또는 허가를 얻어야 한다.","제출"
"학생과 보호자는 학교장 특별교육에 참여하기 위한 동의서 서식17 를 사전에 제출한다.","제출"
"설문표 서식6학교생활인권규정 운영 평가 체크리스트(학부모용) 서식6학교생활인권규정 운영 평가 체크리스트(학부모용) 서식6 학교생활인권규정 운영 평가 체크리스트(학부모용) 학교생활인권규정 운영 평가 체크리스트(학부모용) 본 평가항목은 민주적 학교문화 조성을 목적으로 학부모의 의견을 수렴하기 위한 설문조사입니다.","제출"
"20 년 월 일신청인 성명 (서명) 서식16이의제기 답변서 서식16이의제기 답변서 서식16 이의제기 답변서 이의제기 답변서 (담당자: 구운초등학교 , 031-294-3232) 20 년 월 일구운초등학교장 (직인생략) 서식17학교장 특별교육 동의서 서식17학교장 특별교육 동의서 서식17 학교장 특별교육 동의서 학교장 특별교육 동의서 위 내용에 따라 학교장 특별교육에 동의합니다.","제출"
"국외여행을 하고자 할 때에는 학교장의 승인 또는 허가를 얻어야 한다.","기타"
"캠핑 등을 하고자 할 때에는 사전에 학교장의 허가를 받아야 한다.","기타"
"본교에서는 보호자에게 인계하여 가정학습을 시행하고자 안내하오니 적극 협조하여 주시기 바랍니다.","기타"
"제출방법: '보호자 확인서'를 (담임)교사에게 사진으로 전송, 메일, 출력물 지참 등 편리한 방법으로 제출","제출"
"가정학습 시 특이사항 발생 시 즉시 (담임)교사에게 연락(문자 등)하여 주시기 바랍니다.","기타"
"성찰실에 있는 동안 수업활동에 참여할 수 없으며 1일 2회 이상 누적될 경우 보호자 인계 요청을 받을 수 있습니다.","건강·안전"
"주어진 교육 프로그램에 따라야 합니다.","건강·안전"
"스마트워치, 스마트폰, 노트북, 태블릿 등 전자기기는 사용 불가합니다.","건강·안전"
"지정된 자리에 앉아야 하며 자리 이동을 할 수 없습니다.","건강·안전"
"물 이외의 음식 또는 음료수는 먹을 수 없습니다.","건강·안전"
"꼭 필요한 질문 이외의 대화를 할 수 없습니다.","건강·안전"
"바른 자세로 앉아 있어야 하며 잠을 자거나 엎드려 있을 수 없습니다.","건강·안전"
"정해진 성찰 과제를 실시해야 합니다.","건강·안전"
"명확한 자살 시도 계획이 있는 경우 즉각 보호자에게 연락, 전문기관(위센터, 병의원 등) 연계 조치","건강·안전"
"학생생활교육위원회 출석 및 의견 제출 요청서","제출"
"본 위원회는 초·중등교육법 제18조에 의거하여 학생생활교육위원회를 아래와 같이 개최하고자 하니 관련 학생의 보호자께서는 출석하여 의견을 진술해 주시기 바랍니다.","일정"
"부득이 출석하지 아니한 때에는 의견서를 작성하여 보내주시기 바랍니다.","제출"
"본인은 사회봉사 및 특별교육을 이수하기 위하여 개인정보보호법에 따라 다음 항목에 따른 개인정보 제공 및 활용에 동의합니다.","제출"
"긍정적 행동지원 보호자 동의서학년-반학생명본인은 위 학생의 보호자로서 구운초등학교에서 실시하는 긍정적 행동지원과 관련한 운영 방침과 결정 사항을 확인하였습니다.내용 동의여부자녀의 긍정적 행동 형성을 위한 학교의 지원 계획 및 운영에 보호자로서 동의합니다.","제출"
"자녀의 긍정적 행동 형성을 위한 학교의 지원 계획 및 운영에 보호자로서 동의하지 않습니다.","제출"
"동의여부란에 "" "" 표시하시면 됩니다.보호자 (인)20 년 월 일구운초등학교장 귀하 학년-반 학생명 내용 동의여부 자녀의 긍정적 행동 형성을 위한 학교의 지원 계획 및 운영에 보호자로서 동의합니다.","제출"
"학년-반 학생명 내용 동의여부 자녀의 긍정적 행동 형성을 위한 학교의 지원 계획 및 운영에 보호자로서 동의합니다.","제출"
"-일일점검 카드를 매일 확인하고 ( )를 격려하겠습니다.-( )가 선생님 지시에 따르지 않았을 때 가족이 대화하는 시간을 갖겠습니다.","기타"
"3. 특별교육 이수는 반드시 이수증을 제출하여야 하며, 이수증이 없으면 무단결석으로 처리한다.","제출"
"1. 학생 자기변론서 1부.","제출"
"2. 목격자 확인서 1부.","제출"
"3. 사실 확인서 1부.","제출"
"의견서 등을 제출하지 않을 시 진술의 기회를 포기한 것으로 간주하여 학교에서 조사하여 작성한 학생 사안 조사서 등을 토대로 사안을 심의할 것임을 알려드립니다.","제출"
"추가로 제출할 자료가 있으면 제출해 주시기 바랍니다","제출"
"따라서 학생과 학부모(보호자)(대리인)께서는 기피 여부 결정이 끝날 때까지 잠시 대기실로 이동하여 기다려 주시기 바랍니다.","기타"
"불복절차는 서면으로 통지되며, 궁금하신 내용은 담당자에게 연락주시기 바랍니다.고생 많으셨습니다.","기타"
"불복절차: 조치결정 통지를 받은 날로부터 5일 이내에 서면으로 재심의 신청 가능","기타"
"퇴학의 경우 15일 이내 또는 10일 이내에 경기도학생징계조정위원회에 재심 청구 가능","기타"
"행정심판은 처분이 있음을 안 날부터 90일 이내, 처분이 있었던 날부터 180일 이내에 청구 가능","기타"
"행정소송의 경우 처분이 있음을 안 날부터 90일 이내, 처분이 있은 날부터 1년 이내에 청구 가능","기타"
"조치결정 통지서 수령 확인 및 서명","제출"
"학생 및 보호자는 특별한 사유가 없는 한 즉시 자료 제출","제출"
"개인정보 제공 및 활용 동의서 작성","제출"
"(땅)(위원장) 위원분들께서는 위원회 종료 후 본 위원회 의결서의 내용을 확인하시고 서명해 주시기 바랍니다.","제출"
"의결서 서명 ('징계 의결서' 위원 서명) 징계 조치 확인 후 '징계 의결서' 서명 신청인 소속학교 학년반 학생성명 보호자성명 주소 신청내용 기피대상자 신청이유 "" 학생생활교육위원회""규정 제8조제2항에 따라 위와 같이 신청합니다.","제출"
"20년 월 일 학생: (서명)보호자: (서명)","제출"
"상기와 같이 사회봉사를 의뢰하며, 학생 및 보호자의 인적사항, 상담내용, 사회봉사 활동에 필요한 관련 정보를 제공하는데 동의합니다.","제출"
"신청서 작성(온라인)","제출"
"2023. 3. 23.(목) 19:00~20:00(예정)","일정"
"표본으로 추출된 자녀가 2명 이상일 경우 자녀 수 만큼 각각 설문 참여","제출"
"교육급여 신청 후 지원대상자에 탈락해도 소득재산 기준에 따라 초중고 교육비 지원은 받을 수 있으므로 동시 신청이 유리","기타"
"모국어를 사용하는 강사가 단계별로 친절히 가르치는 동영상 강의(VOD)를 PC나 모바일 기기로 접속하여 언제든지 원하는 장소에서 편리하게 학습할 수 있는 좋은 기회이오니, 한국어 학습이 필요한 다문화가정 학생 및 학부모(보호자) 모두 기한 내 신청하여 주시기 바랍니다.","제출"
"신청 기간: 2023. 3. 6. (월) ~ 3. 17. (금) 정기 신청 시 3.20.(월)까지 승인","일정"
"상시 신청: 정기 기간에 신청하지 못한 사람은 수시 신청 가능하나, 이때는 2주 단위로 승인 예정","일정"
"신청서 작성 및 학습 사이트 미리보기","제출"
"Students and parents from multicultural families who need to learn Korean should apply by the deadline.","제출"
"Due Date: 2023. 3. 6. ~ 3. 17. Approval by 3.20 (Mon)","일정"
"Who do not apply during the regular period can apply at any time, but in that case, approval will be made units of 2 weeks","일정"
"Fill out the application form and preview the Learning site","제출"
"표 - 2023년도 범정부 온종일 돌봄 수요조사 - 범정부(교육부, 보건복지부, 여성가족부) 합동으로 초등학교 재학생 보호자를 대상으로 2023년 온종일돌봄 수요조사를 실시하고자 합니다.","제출"
"조사 결과는 온종일돌봄 서비스 확대 및 질 제고 등을 위한 정책 자료로 활용되오니, 적극 참여해 주시기 바랍니다.","제출"
"초등학생에게 학교 정규 수업시간 전후에 제공하는 공적 돌봄서비스 (초등돌봄교실, 학교돌봄터, 다함께돌봄센터, 지역아동센터, 청소년방과후아카데미) 동 조사는 사전 수요 파악을 위한 조사이며 실제 돌봄서비스 신청과는 별개임 보호자께서는 아래 URL 또는 QR코드에 접속하시어 수요조사에 적극 참여해 주시기 바랍니다.","제출"
"교육급여 바우처 사용처 제한 기준 유흥 사행업종, 청소년 출입불가 업종, 상품권 성인용품 등의 사용만을 제한하고, 그 외는 모두 사용 가능 우리 학교에서는 저소득층 가구 고등학교 학생을 지원하기 위해 교육급여 및 교육비를 지원하고 있으니, 지원을 희망하는 가정에서는 아래 내용을 참고하여 신청 바랍니다.","제출"
"교육급여 교육비 지원 항목 지원대상 및 신청방법 교육급여 신청 후 지원대상자에 탈락해도 소득재산 기준에 따라 초중고 교육비 지원은 받을 수 있으므로 교육급여, 교육비 동시 신청하는 것이 유리 문의 : 풍덕초등학교(261-0052), 중앙상담센터(1544-9654), 보건복지부 콜센터(129), 경기에듀콜센터(031-1396), 한국장학재단 상담센터(1599-20) 2023. 3.","제출"
"교육급여 바우처 사용처 제한 기준 유흥 사행업종, 청소년 출입불가 업종, 상품권 성인용품 등의 사용만을 제한하고, 그 외는 모두 사용 가능 2023학년도 교육급여 및 교육비 지원 안내- 집중신청기간 3. 2.(목)~3. 17.(금), 주민센터 또는 온라인 신청 - 구분 초등학생 중학생 고등학생 교육급여 415,0원(연 1회) 589,0원(연 1회) 654,0원(연 1회) 지급 방법: 신청인 명의의 카드(신용 체크카드)에 포인트 충전 예외 지원: 카드 발급 이용 곤란자를 위해 선불카드 제공(신청인의 주소로 공카드 배송 본인 수령 확인 절차 진행 포인트 충전 지원) 지급받을 카드 등록 방법은 붙임 참조(기존, 신규 수급권자 모두 해당) 문의: 한국장학재단 상담센터(1599-20) 교 육 비 방과후학교 자유수강권, 교육정보화(PC, 인터넷통신비) 등 현재 교육급여 및 교육비를 지원받고 있는 경우에 별도의 신청은 필요하지 않지만, 교육비의 경우 혹시 누락되지는 않았는지 교육비원클릭신청시스템(http://oneclick.moe.go.kr)을 통해 확인해 보시기 바랍니다. 교육급여는 확인 필요 없음 구 분 내 용기 간 2023. 3. 2.~ 3. 17. 신청(집중신청기간 운영) 연중 신청 가능하나 학년 초부터 지원받을 수 있도록 집중신청기간에 신청하는 것이 유리 지원 대상 교육급여 가구의 소득과 재산(자동차 포함)을 계산한 월 ""소득인정액""이 기준 중위소득 50% 이하인 학생('23년 4인 가구 기준 월 약 270만원) 교육비 기초생활급여수급자, 한부모가족보호대상자, 법정차상위대상자, 가구의 소득과 재산(자동차 포함)을 계산한 월 ""소득인정액""이 기준 중위소득 60% 이하인 학생('23년 4인 가구 기준 월 약 324만원) 방과후학교 자유수강권 지원의 경우 기준 중위소득 80%까지 확대 지원 신청 방법(택1) 방문신청 온라인 신청(공동인증서 필요) 학부모 주민등록주소지 읍면동 주민센터 방문 복지로(http://www.bokjiro.go.kr) 교육비 원클릭 시스템(http://oneclick.moe.go.kr) 제출 서류 통장사본, 신분증, 신청서, 소득재산신고서, 금융정보제공 동의서, 각종 증빙자료 등 (신청, 신고서식은 주민센터에 비치되어 있음) 구 분 내 용바우처 신청권자 만 14세 이상 학생 본인 보호자(교육급여 신청인, 세대주 또는 성인 세대원) 지원수단 신청인 명의의 카드(신용 체크카드)에 포인트 충전 (예외 지원) 카드 발급 이용 곤란자를 위해 선불카드 제공(신청인의 주소로 공카드 배송 본인수령 확인 충전 지원) 바우처 신청기간 (기존수급자 사전 신청) 2023. 3. 2.(목) ~ 2023. 3. 20.(월) (기존 및 신규 수급자 신청) 2023. 3. 29.(수) ~ 2024. 6. 28.(금) 2023학년도('23. 3월~'24. 2월) 교육급여 수급권자 대상 사용기간 바우처 배정일 ~ 2024. 8. 31.(토) 신청방법 온라인 신청(간편인증, 공동 금융인증서를 통한 본인 확인 필수) 교육급여 바우처 신청 누리집https://e-voucher.kosaf.go.kr 신청 QR 코드 문 의 한국장학재단 상담센터(1599-20) 구분 사용제한 업종 유흥업종 일반 유흥주점 룸살롱, 단란주점, 맥주홀, 칵테일바, 요정, 주류판매점 등무도 유흥주점 무도 유흥주점, 카바레, 나이트클럽, 극장식 주점 등위생업종 피부미용실, 사우나, 안마시술소, 발 마사지, 스포츠마사지, 네일아트, 지압원 등 대인서비스 레저업종 골프장, 골프연습장, 스크린골프장, 노래방, 사교춤, 전화방, 비디오방, 헬스클럽, 스키장, 당구장, PC방 등사행업종 카지노, 복권방, 오락실 등기타업종 성인용품점, 총포류판매 2023학년도 교육급여 및 교육비 지원 안내(무상교육 제외교)- 집중신청기간 3. 2.(목)~3. 17.(금), 주민센터 또는 온라인 신청 - 구분 무상교육 제외교 고등학생 교육급여 개인 지급(연 1회, 654,0원) 지급 방법: 신청인 명의의 카드(신용 체크카드)에 포인트 충전 예외 지원: 카드 발급 이용 곤란자를 위해 선불카드 제공 (신청인의 주소로 공카드 배송 본인 수령 확인 절차 진행 포인트 충전 지원) 지급받을 카드 등록 방법은 붙임 참조(기존, 신규 수급권자 모두 해당) 문의: 한국장학재단 상담센터(1599-20) 학교로 지원 입학금, 수업료, 교과서대 교 육 비 방과후학교 자유수강권, 교육정보화(PC, 인터넷통신비), 고교학비(입학금, 수업료, 학교운영지원비) 현재 교육급여 및 교육비를 지원받고 있는 경우에 별도의 신청은 필요하지 않지만, 교육비의 경우 혹시 누락되지는 않았는지 교육비원클릭신청시스템(http://oneclick.moe.go.kr)을 통해 확인이 필요합니다.","제출"
"기 간 : 2023년 3월 3일(금) 10:00 ~ 3월 8일(수) 15:00까지 (3일간)라.","일정"
"구비서류 : 사진 1매, 입후보자 등록서 및 개인정보 수집 이용 제공 동의서,행정정보 공동이용 사전동의서 1통 (교무실 비치)2. 위원선거가.","제출"
"3월 중에 전체 학부모를 대상으로 민주적 절차에 따라 학부모 전체회의에서 투표로 선출 또는 전자적 방법(공공영역 온라인 투표서비스 등)에 의하여 운영위원 선출 절차를 거치게 됩니다.","일정"
"e알리미(2024년 1학기 상담주간 가정통신문)로 기한내에(3.18.(월)-3.22.(금)) 담임께 신청","제출"
"7. 설문결과 제출하기","제출"
"학교폭력 실태조사 객관식 문항에 응답하고 설문 결과를 제출한 후 실태조사 기간 내 1회에 한하여 응답 내용 수정이 가능합니다.(본인의 참여번호 필요)","제출"
"1. 일정 : 9. 23.(월) 09:00 ~ 10. 22.(화) 18:00(기간 중 24시간 참여 가능)","일정"
"우리 학생들을 학교폭력으로부터 안전하게 보호하기 위하여, 자녀가 조사에 참여할 수 있도록 적극적으로 독려해 주시고, 솔직한 응답 및 비밀보장을 위해 가정에서 개별적으로 참여할 수 있도록 지도 부탁드립니다.","기타"
"같은 부서, 같은 학년이라도 시간이 다를 수 있으니 신청을 희망 시, 시작하는 시간 확인 부탁드립니다.","기타"
"수강료 외의 재료비가 별도인 강좌가 있음을 꼭 확인 부탁드립니다.","비용"
"아래 내용을 자세히 살펴보시고 기한 안에 희망하는 부서를 신청해 주시기 바랍니다.","제출"
"1. 수강 신청 기간 : 2024년 8월 19일(월) 18:00 부터 8월 23일(금) 12:00 까지","일정"
"2. 수강 추가 취소기간 : 2024년 8월 26일(월) - 2024년 8월 30일(금)","일정"
"4. 수강 신청 방법 : 1) 각 부서 강사님께 문자로 개별 수강신청(선착순 모집으로 신청기간 및 시간 엄수)","제출"
"3) 2개 이상의 부서를 신청 가능하나 시간이 겹치지 않게 신청 부탁드립니다.","기타"
"4) 프로그램 관련 기타문의는 부서 강사님께 연락바랍니다.","기타"
"5. 수강료 징수: 2024년 9월 2일(월) - 2024년 9월 6일(금)","비용"
"납부방법: 9월 6일(금)까지 스쿨뱅킹 입금 혹은 신용카드 결제","비용"
"총 수강시간의 1/2경과 전(총 수강 시간의 50%까지): 이미 납부한 수강료의 1/2 해당액 (이미 구입한 도서 및 재료구입비는 제외)","비용"
"신청 후 부득이하게 수강이 힘들게 될 경우 즉시 강사에게 연락 부탁드리며 광주초 방과후학교 교육활동 중단사유서(광주초 홈페이지-다함께마당-방과후교실 공지사항 게시판)를 작성하여 교무실 김시은 실무사님께 제출하는 시점부터 환불처리됩니다.","제출"
"2. 참여하기 버튼 클릭","제출"
"1. 수강 신청 기간 : 2024년 8월 19일(월) 18:00 부터 - 8월 23일(금) 12:00 까지","일정"
"4. 수강 신청 방법 : 각 부서 강사님께 문자로 개별 수강신청(선착순 모집으로 신청기간 및 시간 엄수)","제출"
"2개 이상의 부서를 신청 가능하나 시간이 겹치지 않게 신청 부탁드립니다.","기타"
"프로그램 관련 기타문의는 부서 강사님께 연락바랍니다.","기타"
"자유수강권 대상자 아동 3번 연속 결석 시(또는 총 수업일수의 50% 이상) -담당교사와 상담 후 지원금 중지 및 수강료 부담금으로 전환됩니다.","기타"
"일시 : 2024. 10. 30 (수) 14:30 장소 : 광주초등학교 강당 2024년 10월 11일 광 주 초 등 학 교 장 -2- 표 2024 관악부 연주회 안내 경기도 광주시 중앙로 123번길22 (Tel :799-1993) 광주교육통신 제 2024-161호 광주초등학교 담당: 장혜실","일정"
"방과후수업 학부모 공개수업 세부일정 안내 2024 방과후학교 2학기 학부모 공개수업 안내 광주초등학교담당: 방과후학교 경기도 광주시 중앙로 123번길22 (Tel :799-1993) 안녕하십니까?","일정"
"본교에서는사교육비를 절감하고 아동들의 특기와 적성을 계발하기 위하여 방과후학교 프로그램을 운영하고 있습니다.그동안 방과후학교에 보내주신 아낌없는 관심과 격려에 깊은 감사를 드리며 아래와 같이 학부모 공개수업을 하고자 하오니 많이 오셔서 참관해 주시고 격려해 주시기 바랍니다.1. 일시: 2024년 10월 21일(월) ~ 10월 25일(금)2. 대상: 방과후 특기적성 수강 학생의 학부모3. 세부운영 시간안내: 뒷장 시간표 참고4. 부탁말씀-공개수업 교실에 등록부와 참관록이 비치되어 있으니 작성 부탁드립니다.-주차장이 협소하고 운동장은 학생들의 안전문제로 학교 주차장을 개방하지 않으니 대중교통을 이용해 주시기 바랍니다.(필요시 인근 주차장 이용을 권장드립니다.)5. 참관신청 안내: 해당부서 강사에게 10월 16일(수)까지 신청문자 발송예) 학년 반 홍길동 부 수업참관 희망합니다.2024. 10. 8.광 주 초 등 학 교 장 부서 강사 장소 일시 주제 바이올린 장 연 1-6 10월 21일 월요일A반-13:10~14:30B반-14:40~16:00 바이올린 발표회 프라모델&레고 김 숙 1-8 10월 21일 월요일A반-13:00 ~14:20B반-14:30 ~15:50 파츠 조립하기 컴퓨터 이 경 제2컴퓨터실(후관 3층) A 10월 21일 월요일13:00~14:20 나를 소개해요(엔트리) C 10월 23일 수요일13:50~15:10 포스터 만들기 D 10월 23일 수요일15:20~16:40 캐릭터 만들기 로봇과학 김 미 1층과학실(본관) 10월 22일 화요일A반-14:00~15:20B반-15:30~16:50 다양한 프로펠러 만들어 비교하기 생명과학 김 주 4층과학실(후관) 10월 22일 화요일A반-13:50~15:10B반-15:20~16:40 이끼 테라리움 만들기 주산식 암산 박 미 1-7 10월 22일 화요일A반-13:50~15:10 주판의 원리 알아보기 글쓰기통합논술 장 경 1-2 10월 22일 화요일A반-14:00~15:20B반-15:30~16:50 A 가을 동시 B 제임스 영의 사과, 아오모리 사과 미술 지 정 1-3 10월 23일 수요일A반-14:00~15:20B반-15:30~16:50 나만의 에코백 지퍼백 만들기 줄넘기&생활체육 이 영 체육관 10월 23일 수요일A반-14:00~15:20B반-15:30~16:50 줄넘기와 피구 게임 활동하기 영재바둑&체스 이 호 1-5 10월 24일 목요일A반-14:00~15:20B반-15:30~16:50 사활 방송댄스 김 영 행복실(본관 1층) 10월 24일 목요일A반-14:00~15:00B반-15:00~16:00 즐거운 마음으로 자신감 있게 방송안무 표현하기 요리 신 향 식생활교육관(후관 1층) 10월 25일 금요일A반-13:10 ~ 14:30B반-14:40 ~ 16:00 타코 만들기 3D펜&드론 금 조 1층과학실(본관) 10월 25일 금요일A반-13:00 ~14:20B반-14:20 ~15:40 3D 나의 띠 동물안경 만들기","일정"
"1. 수강 신청 기간 : 2024년 12월 30일(월) 18:00 부터 - 1월 3일(금) 12:00 까지2. 수강 추가 취소기간 : 2025년 1월 6일(월) - 2025년 1월 10일(금)3. 수강 교육 기간 : 2025년 1월 6일(월) - 2025년 1월 24일(금) 3주 , (보강주 : 01.27-01.31 )4. 수강 신청 방법 : 1) 각 부서 강사님께 문자로 개별 수강신청(선착순 모집으로 신청기간 및 시간 엄수) 예: 광주초 O학년 O반 O번 홍길동, 로봇과학부 A반 신청2) 담당강사로부터 문자회신 시간: 1월 3일(금) 12시 이후 3) 2개 이상의 부서를 신청 가능하나 시간이 겹치지 않게 신청 부탁드립니다.4) 프로그램 관련 기타문의는 부서 강사님께 연락바랍니다.","제출"
"5. 수강료 징수: 2025년 1월 13일(월) - 2025년 1월 17일(금) - 납부방법: 1월 17일(금)까지 스쿨뱅킹 입금 혹은 신용카드 결제- 부서당 인원은 20명으로 신청인원이 10명 미만일 경우 폐강될 수 있습니다.6. 환불규정방과후학교 프로그램을 운영할 수 없게 된 경우(부서 전체 휴강인 경우)방과후학교 프로그램을 운영할 수 없게 된 날이미 납부한 수강료를 일할 계산한 금액 이미 구입한 도서 및 재료구입비는 제외 개인적 판단에 따른 불참일 경우 환불하지 않음학습자가 본인의 의사로 수강을 포기한 경우 (학적 변경(전학, 제적 등), 장기결석사유(질병, 입원 등), 개인 사정으로 출석 불가인 경우) 중단사유서 제출일자 기준수강 개시 이전이미 납부한 수강료 전액총 수강시간의 1/3경과 전이미 납부한 수강료의 2/3 해당액 이미 구입한 도서 및 재료구입비는 제외총 수강시간의 1/2경과 전(총 수강 시간의 50%까지)이미 납부한 수강료의 1/2 해당액 이미 구입한 도서 및 재료구입비는 제외총 수강시간의 1/2경과 후(총 수강 시간 50% 초과)환불하지 아니함- 교재 및 교구비는 환불하지 않으며 수업회당 책정되는 재료비(요리부, 미술부만 해당)는 미수강한 수업시간만큼 환산하여 환불- 신청 후 부득이하게 수강이 힘들게 될 경우 즉시 강사에게 연락 부탁드리며 광주초 방과후학교 교육활동 중단사유서(광주초 홈페이지 다운)를 작성하여 교무실 김시은 실무사님께 제출하는 시점부터 환불처리됩니다.- 천재지변(홍수, 장마, 폭설, 폭염, 태풍, 산사태, 지진, 화재 등)으로 인한 불가피한 휴강의 경우, 수강료를 환불하지 않음 - 취소 추가 기간(기수 시작 후 1주일) 이후 단순변심, 수강시간의 50% 경과 후의 수강취소는 환불되지 않을 수 있다.7. 재수강 규정- 수강신청시 예비순위 10명을 신청인원과 함께 받아 강사는 출석부 작성시 함께 작성.8. 자유수강권 대상자 수강신청 안내-지원 대상자는 기초생활수급자와 한부모가정 자녀 계층, 저소득층 중 교육비지원 신청 후 선정된 아동에 한하며 예산 부족 시에는 수익자 부담으로 운영됩니다.-자유수강권 대상자 아동 3번 연속 결석 시(또는 총 수업일수의 50% 이상) -담당교사와 상담 후 지원금 중지 및 수강료 부담금으로 전환됩니다.2024. 12. 23.광 주 초 등 학 교 장 방과후학교 프로그램을 운영할 수 없게 된 경우(부서 전체 휴강인 경우) 방과후학교 프로그램을 운영할 수 없게 된 날 이미 납부한 수강료를 일할 계산한 금액 이미 구입한 도서 및 재료구입비는 제외 개인적 판단에 따른 불참일 경우 환불하지 않음 학습자가 본인의 의사로 수강을 포기한 경우 (학적 변경(전학, 제적 등), 장기결석사유(질병, 입원 등), 개인 사정으로 출석 불가인 경우) 중단사유서 제출일자 기준 수강 개시 이전 이미 납부한 수강료 전액 총 수강시간의 1/3경과 전 이미 납부한 수강료의 2/3 해당액 이미 구입한 도서 및 재료구입비는 제외 총 수강시간의 1/2경과 전(총 수강 시간의 50%까지) 이미 납부한 수강료의 1/2 해당액 이미 구입한 도서 및 재료구입비는 제외 총 수강시간의 1/2경과 후(총 수강 시간 50% 초과) 환불하지 아니함 방과후학교 프로그램을 운영할 수 없게 된 경우(부서 전체 휴강인 경우) 방과후학교 프로그램을 운영할 수 없게 된 날 이미 납부한 수강료를 일할 계산한 금액 이미 구입한 도서 및 재료구입비는 제외 개인적 판단에 따른 불참일 경우 환불하지 않음 학습자가 본인의 의사로 수강을 포기한 경우 (학적 변경(전학, 제적 등), 장기결석사유(질병, 입원 등), 개인 사정으로 출석 불가인 경우) 중단사유서 제출일자 기준 수강 개시 이전 이미 납부한 수강료 전액 총 수강시간의 1/3경과 전 이미 납부한 수강료의 2/3 해당액 이미 구입한 도서 및 재료구입비는 제외 총 수강시간의 1/2경과 전(총 수강 시간의 50%까지) 이미 납부한 수강료의 1/2 해당액 이미 구입한 도서 및 재료구입비는 제외 총 수강시간의 1/2경과 후(총 수강 시간 50% 초과) 환불하지 아니함 방과후학교 프로그램을 운영할 수 없게 된 경우(부서 전체 휴강인 경우) 방과후학교 프로그램을 운영할 수 없게 된 날 이미 납부한 수강료를 일할 계산한 금액 이미 구입한 도서 및 재료구입비는 제외 개인적 판단에 따른 불참일 경우 환불하지 않음 학습자가 본인의 의사로 수강을 포기한 경우 (학적 변경(전학, 제적 등), 장기결석사유(질병, 입원 등), 개인 사정으로 출석 불가인 경우) 중단사유서 제출일자 기준 수강 개시 이전 이미 납부한 수강료 전액 총 수강시간의 1/3경과 전 이미 납부한 수강료의 2/3 해당액 이미 구입한 도서 및 재료구입비는 제외 총 수강시간의 1/2경과 전(총 수강 시간의 50%까지) 이미 납부한 수강료의 1/2 해당액 이미 구입한 도서 및 재료구입비는 제외 총 수강시간의 1/2경과 후(총 수강 시간 50% 초과) 환불하지 아니함 순 부 서 학 년 월 화 수 목 금 수강료(3주)(재료비/3주) 강사(연락처) 장소 정원 1 3D펜&드론 1-6(A) 10:00-11:20 21,660(재료비:15,0) 금 조010-9944-3842 1층 과학실 20 2 글쓰기통합논술 1-3(A) 09:30-10:50 27,280없음 장 경010-7242-0229 1-2 20 3-6(B) 11:00-12:20 3 로봇과학 1-4(A) 10:00-11:20 21,660(재료비:82,0) 신규등록 학생일 경우 교구 구입 있음.","비용"
"2024 학교평가 및 2025 교육과정 운영을 위한 교육 공동체(학생, 학부모, 교직원)의 의견을 수렴하기 위하여 설문을 시행하고자 합니다.","제출"
"학교평가 설문 참여 대상 : 본교 전체 학부모 및 4~6학년 학생, 전 교직원 학교평가 설문 참여 기간 : 2024년 11월 12일(화) ~ 11월 14일(목) 학교평가 설문 방법 : 온라인에 의한 설문 참여 (학부모용, 학생용) 학교평가 참여시 주의 사항 - 학교평가 설문은 1회만 참여하고, 중복참여하지 않습니다.","제출"
"이와 더불어 학생들이 유사시에 집 근처의 비상 대피소를 미리 파악하여 행동할 수 있도록 '내 주변 대피소 찾기'과제를 부여하고자 하니, 학부모님들께서 아래 방법에 따라 학생들이 직접 집주위의 대피소를 찾을 수 있도록 안내 부탁드립니다.","기타"
"민방위 훈련 안내 일 시 : 2024. 8. 22.(목) 14:00 ~ 14:20(20분) 대 상 : 전교생, 교사 내 용 : 공습 대비 대피방법 숙달, 비상시 국민행동요령 교육 학부모 협조사항 학생과 함께 네이버지도, 카카오맵, 티맵, 안전디딤돌 스마트폰 앱설치를 통한 집 학교 주변 대피소 확인 교내 대피훈련 도중 안전사고가 발생하지 않게끔 학생들이 지도교 사의 이동 통제와 안전관리에 성실히 따르도록 지도 2024. 8. 20. 풍 덕 초 등 학 교 장 내 주변 대피소 찾기 과제 안내 대피소 찾는 방법 네이버지도, 카카오맵, 티맵, 안전디딤돌 앱에서 '민방위 대피소' 검색 이용자의 현재위치 주변에 대피소를 찾을 수 있음 '민방위 대피소' 검색 가까운 대피소 주소 클릭 길찾기로 위치 확인 가까운 대피소 검색 네이버지도, 카카오맵, 길찾기로 경로 탐색하여 지도상의 위치와 현재 위치가 다른 티맵, 안전디딤돌 앱에서 경우, 휴대폰의 '위치' 서비스 기능을 대피소 방문 확인 '민방위 대피소' 검색 활성화 우리 집과 학교 주변의 가장 가까운 대피소 2곳씩 찾아 적어봅시다.","기타"
"2. 학교 ( ), ( ) 리플릿 표 지도앱 포털 이용 내 주변 대피소 찾기 ( )학년 ( )반 ( )번 이름 ( ) 공습상황 대비한 내 주변 대피소 찾는 방법을 안내합니다.","기타"
"지도앱 및 포털을 이용 하여 주변 대피소를 찾아보고 내가 찾은 대피소를 적어봅시다.","기타"
"우리 자녀의 건강, 이런 부분을 확인해주세요 입학 전 실시해야 하는 예방접종을 반드시 받을 수 있도록 도와 주세요.","건강·안전"
"수면은 1일 적정 시간을 유지하고, 밤 시간에 잠들 수 있도록 도와 주세요.","건강·안전"
"패스트푸드는 자주 먹지 않도록 유의해 주세요.","건강·안전"
"자녀의 체중에 큰 변화가 있다면 그 이유를 살펴봐 주세요.","건강·안전"
"가만히 앉아서 쉬거나 누워있는 시간이 지나치게 길지 않도록 살펴 주세요.","건강·안전"
"학습 이외의 목적으로 스마트폰 등을 과도하게 사용하지 않도록 살펴 주세요.","건강·안전"
"자녀가 평소와 다른 모습이 어떤 것인지 섬세하게 살펴봐 주세요.","건강·안전"
"한국어판 강점 난점 설문지 자가진단 결과 파란색 0점~4점(주의), 흰색 17점~40점(주의)가 나온 경우에는 부모님께서 우리 자녀를 조금 더세심하게 살펴주시고, 정신건강 전문가의 도움을 요청해주세요.","건강·안전"
"자녀가 친구들에게 거친 말과 행동을 하는 것에 대해서 지도하기로 결심하였다면 언제, 어떤 방식으로 이야기할 것인지, 규칙은 어떻게 정할 것인지 등을 먼저 마음속에서 정합니다.","건강·안전"
"2. 규칙을 정할 때 자녀와 합의를 통해 정합니다.","건강·안전"
"3. 규칙의 적용은 부모 모두 일관된 방향으로 해야 합니다.","건강·안전"
"4. 규칙은 잘 지켰는지 판단할 수 있도록 구체적이어야 합니다.","건강·안전"
"5. 상을 줄 때는 자녀의 눈을 바라보고 자녀의 노력을 말로 칭찬해줍니다.","건강·안전"
"부탁드리고 싶은 말씀은 금학년도 학부모폴리스를 조직하여 아동들의 안전한 하교지도에 학부모님들의 지원과 도움을 받고자 합니다.","기타"
"아울러 학부모님들의 안전을 위하여 가입비 없이 나눔포털1365(http://www.nanumkorea.go.kr) 회원가입(지역명: 용인)과 동시에 상해보험 가입됩니다.","기타"
"3월 8일까지 신청서를 담임선생님께 보내 주시기 바랍니다.","제출"
